region_id,courier_id,lng,lat,aoi_type,accept_gps_valid,accept_month,accept_day,accept_hour
129,2688,126.52388,43.82095,14,1,7,30,15
129,1520,126.54149,43.84594,1,1,10,15,8
31,949,126.59035,43.85272,1,1,5,28,8
53,1103,126.57184,43.83113,14,1,7,19,8
53,4474,126.54969,43.81536,1,1,7,3,8
31,435,126.55271,43.87225,1,1,6,3,12
129,2688,126.5169,43.81188,1,1,9,4,9
53,2618,126.56972,43.83218,1,1,6,1,9
129,1520,126.5647,43.85498,14,1,9,19,8
53,487,126.54693,43.79263,14,1,9,28,8
31,1558,126.57429,43.88688,14,1,9,7,9
31,4322,126.54542,43.87875,1,1,6,7,16
165,1656,126.55888,43.91414,14,1,7,12,8
31,4849,126.57398,43.83912,1,1,9,4,8
31,4849,126.58253,43.83907,14,1,5,16,9
53,1103,126.57596,43.83115,1,1,7,8,9
31,1558,126.5765,43.88411,1,1,9,4,10
129,1520,126.53794,43.84906,1,1,10,13,8
31,949,126.58799,43.86176,1,1,7,23,9
31,4849,126.57868,43.83691,14,1,8,14,8
31,4849,126.57396,43.85403,14,1,8,11,15
53,487,126.53019,43.80383,14,1,9,25,8
129,2688,126.53065,43.81989,1,1,8,22,9
53,487,126.5459,43.7927,14,1,7,28,8
53,75,126.56896,43.81411,1,1,8,7,17
53,1103,126.57136,43.80975,1,1,5,17,14
129,2688,126.51659,43.81272,1,1,8,4,9
53,75,126.56785,43.82344,1,1,7,15,9
31,4849,126.56739,43.84683,7,1,8,30,8
31,949,126.58911,43.84329,1,1,7,1,7
31,435,126.56001,43.86701,14,1,5,21,8
31,4849,126.57051,43.84491,1,1,9,30,11
31,435,126.54934,43.87357,1,1,6,17,12
31,435,126.55286,43.87226,1,1,6,10,12
129,2665,126.55299,43.84595,1,1,8,22,9
129,2688,126.53033,43.82689,1,1,9,4,9
129,1520,126.53647,43.84755,1,1,9,16,9
53,75,126.5767,43.82509,1,1,8,9,9
129,2665,126.56028,43.85314,1,1,8,23,9
53,75,126.54356,43.82272,14,1,8,16,8
129,1520,126.54116,43.84545,1,1,9,7,7
129,638,126.54998,43.83973,14,1,6,4,11
31,4849,126.57684,43.84146,1,1,8,9,7
129,638,126.55861,43.84155,1,1,7,24,8
53,487,126.52931,43.80507,14,1,9,21,9
31,949,126.59287,43.85355,14,1,9,20,8
129,638,126.56282,43.84488,14,1,6,19,15
129,2688,126.53246,43.82381,1,1,8,3,8
129,638,126.54994,43.83917,14,1,7,24,8
129,2925,126.51221,43.83379,1,1,8,24,7
129,2925,126.50303,43.82034,14,1,8,13,9
31,435,126.56106,43.8615,1,1,9,18,8
129,2688,126.53196,43.82129,1,1,9,18,9
53,2618,126.56692,43.8324,14,1,6,7,9
31,1558,126.59124,43.85073,1,1,10,3,9
31,435,126.55695,43.85991,1,1,10,2,8
53,1103,126.58974,43.83049,1,1,7,15,10
165,1656,126.57654,43.92046,1,1,10,2,10
53,1756,126.58692,43.82197,1,1,5,30,9
31,435,126.55277,43.87226,1,1,7,16,7
53,487,126.53302,43.80566,1,1,7,6,8
165,1656,126.55008,43.90446,1,0,6,18,9
53,487,126.55406,43.79053,0,1,9,21,9
165,1656,126.54972,43.90822,1,0,6,5,10
53,75,126.55315,43.8305,1,1,7,31,8
129,2688,126.50668,43.8042,14,1,8,13,9
31,4849,126.57286,43.84618,1,1,6,15,8
53,75,126.57034,43.82858,1,1,7,4,9
31,4849,126.57359,43.84453,7,1,8,6,8
31,949,126.55024,43.86848,1,1,5,17,14
53,1103,126.57138,43.8131,1,1,6,28,13
129,638,126.56318,43.84137,3,1,6,3,14
31,4849,126.57638,43.84296,1,1,9,24,9
53,1103,126.57071,43.80651,1,1,7,13,13
53,75,126.56513,43.81925,14,1,8,8,18
165,1656,126.55781,43.91238,14,1,8,23,9
31,949,126.59037,43.83991,1,1,8,15,7
31,435,126.5556,43.86245,14,1,8,17,8
165,1656,126.57436,43.92084,1,1,8,26,9
129,2688,126.50935,43.8118,1,1,6,16,8
31,4849,126.56918,43.85449,14,1,5,21,9
31,949,126.59402,43.86258,14,1,9,13,7
31,435,126.54968,43.86542,1,1,9,1,9
53,1103,126.57279,43.80941,1,1,6,18,16
165,1656,126.56794,43.92716,14,1,8,10,11
53,1103,126.5737,43.8312,1,1,9,18,9
129,2925,126.5145,43.81098,1,1,9,18,9
31,4849,126.57383,43.8508,14,1,9,28,8
53,1103,126.5773,43.82825,1,1,8,1,9
31,435,126.56191,43.86895,1,1,7,25,8
31,4849,126.57129,43.84242,1,1,6,16,7
165,3156,126.5495,43.9062,1,1,7,8,9
31,4849,126.57879,43.84358,1,1,5,24,9
53,75,126.57438,43.82252,1,1,8,4,9
53,487,126.55159,43.79325,14,1,8,29,9
129,2925,126.50139,43.81939,14,1,8,8,8
53,1103,126.56987,43.80822,1,1,7,23,12
53,487,126.59197,43.77699,14,1,9,26,8
31,4849,126.57507,43.85081,1,1,8,5,14
53,75,126.57739,43.81876,14,1,7,25,8
31,435,126.55199,43.85716,14,1,6,29,9
165,3156,126.54731,43.90888,1,1,7,14,9
129,2925,126.52332,43.83665,1,1,7,3,9
129,2688,126.52621,43.82523,1,1,8,14,9
53,979,126.55533,43.80657,1,1,6,4,9
31,949,126.58787,43.85926,1,1,8,10,7
53,1103,126.59597,43.83293,1,1,9,25,9
165,1656,126.5488,43.91472,1,1,10,4,9
53,1103,126.57036,43.81036,1,1,6,13,15
129,1520,126.54899,43.84875,14,1,9,24,8
53,1103,126.57191,43.83167,1,1,10,2,10
129,2688,126.51857,43.81734,14,1,8,1,8
53,4474,126.55897,43.80269,1,1,9,4,9
53,4474,126.552,43.80369,1,1,8,22,8
31,4849,126.57729,43.84552,14,1,8,18,7
53,75,126.57016,43.82437,1,1,9,21,9
165,1656,126.55908,43.92105,14,1,5,27,10
129,638,126.54627,43.8374,1,1,7,22,8
53,1103,126.59832,43.83412,1,1,7,4,10
129,638,126.55255,43.83959,14,1,6,29,9
53,75,126.56487,43.81503,1,1,6,13,14
53,4474,126.54446,43.81857,14,1,9,20,8
31,435,126.5616,43.85812,14,1,7,22,7
31,4849,126.5687,43.84353,14,1,6,14,8
129,2688,126.52243,43.82631,1,1,6,4,17
129,2688,126.50192,43.79828,14,1,7,21,8
31,4849,126.5695,43.85019,14,1,5,19,15
31,435,126.55273,43.87215,1,1,7,24,7
129,2925,126.51663,43.82632,14,1,8,10,8
53,487,126.54243,43.79253,14,1,7,30,8
165,290,126.55673,43.91656,14,1,9,21,9
31,4849,126.58255,43.83913,14,1,5,17,8
53,487,126.55014,43.78854,14,1,9,23,9
129,2688,126.51601,43.80879,1,1,8,29,8
53,75,126.56212,43.82157,10,1,8,13,9
129,638,126.55023,43.84354,14,1,7,12,8
165,3156,126.54785,43.91131,1,1,5,19,10
31,4849,126.5819,43.84035,1,1,9,23,7
31,435,126.55399,43.87258,1,1,6,13,13
53,487,126.55124,43.78685,14,1,5,29,9
31,435,126.55053,43.86119,1,1,6,10,8
53,1103,126.59104,43.83041,1,1,8,8,10
129,2688,126.51882,43.8193,1,1,8,30,8
129,2665,126.56473,43.84556,14,1,8,25,7
53,75,126.57445,43.81953,1,1,7,3,8
129,1520,126.55832,43.85551,1,1,9,29,8
31,4849,126.5836,43.84641,0,1,9,27,8
129,2925,126.51838,43.83088,1,1,9,9,9
53,487,126.5534,43.78777,14,1,9,11,9
31,435,126.55134,43.8713,1,1,8,29,13
31,3073,126.54174,43.86842,1,1,6,6,9
53,75,126.56387,43.82576,1,1,7,8,8
165,1656,126.55013,43.90892,14,1,5,19,11
31,435,126.55217,43.8724,1,1,8,20,7
53,1756,126.58897,43.82196,1,1,6,8,16
129,2925,126.51866,43.83213,1,1,5,29,9
53,3939,126.55484,43.82591,1,1,5,29,10
129,2688,126.53212,43.82252,1,1,8,30,7
53,979,126.55194,43.80402,1,1,5,28,9
129,2688,126.52064,43.81952,1,1,6,1,13
53,75,126.55418,43.82333,1,1,7,18,8
53,854,126.59159,43.79017,14,1,6,18,13
53,3559,126.57602,43.79236,1,1,5,29,9
129,2688,126.52166,43.82579,1,1,9,16,9
31,949,126.59336,43.86342,1,1,7,31,13
31,4849,126.57348,43.84851,14,1,8,23,9
31,949,126.59333,43.84655,4,1,6,9,9
31,4849,126.58346,43.84667,0,1,9,12,8
129,1520,126.53644,43.84755,1,1,10,10,15
129,638,126.56089,43.84842,14,1,6,29,14
31,949,126.5891,43.85747,1,1,8,19,8
53,1103,126.56173,43.81285,4,1,8,14,13
53,4474,126.54633,43.81567,1,1,8,12,9
31,4322,126.54247,43.87893,14,1,5,30,16
53,1177,126.59427,43.80182,14,1,6,18,9
31,4849,126.58293,43.84164,1,1,7,24,7
129,2688,126.53139,43.82846,14,1,9,29,8
165,1656,126.57263,43.92393,1,1,7,30,9
129,2665,126.56439,43.84755,7,1,8,20,8
129,2925,126.51573,43.81487,1,1,7,6,8
53,4474,126.55927,43.81722,1,1,9,9,8
129,2688,126.53142,43.8284,14,1,6,29,8
165,1656,126.5491,43.90666,1,1,5,19,19
129,2688,126.52506,43.81632,1,1,6,1,13
31,2208,126.54,43.87387,14,1,6,18,14
53,75,126.56004,43.82513,1,1,8,29,9
129,2688,126.5251,43.81591,1,1,9,7,7
129,2688,126.51985,43.82399,1,1,6,12,16
31,949,126.59264,43.86313,1,1,7,9,8
165,1656,126.56326,43.9229,4,1,8,3,8
129,2688,126.53265,43.82259,1,1,6,9,14
31,435,126.55193,43.85711,14,1,9,16,8
129,1520,126.53652,43.84764,1,1,9,7,7
53,75,126.5712,43.82049,1,1,8,21,9
165,3156,126.5509,43.90218,14,1,8,9,9
53,75,126.5767,43.82507,1,1,9,16,8
53,487,126.53007,43.80455,14,1,6,3,7
129,2925,126.51564,43.81307,1,1,9,10,8
31,4849,126.57419,43.84693,14,1,7,19,7
53,4474,126.54693,43.8106,1,1,9,28,8
129,2688,126.52408,43.8147,1,1,8,14,9
53,1756,126.5902,43.82219,1,1,5,30,9
129,2688,126.53216,43.82203,1,1,9,21,7
165,1656,126.54681,43.90838,1,1,9,9,9
53,4474,126.55116,43.8045,1,1,6,17,12
53,487,126.5245,43.80378,1,1,8,15,8
31,4849,126.57475,43.8421,14,1,7,25,7
31,949,126.58787,43.83692,14,1,6,24,15
53,1103,126.5653,43.83205,0,1,9,13,10
31,949,126.58839,43.84107,14,1,8,18,7
53,75,126.55662,43.83252,1,1,6,11,8
129,2925,126.51614,43.81819,1,1,8,25,8
129,2665,126.55177,43.847,1,1,8,30,7
31,435,126.55282,43.87225,1,1,6,17,12
31,949,126.59105,43.84143,1,1,5,20,14
53,75,126.55508,43.82536,1,1,7,5,8
31,949,126.59228,43.84144,1,0,5,27,13
129,2688,126.53192,43.82129,1,1,8,23,8
129,638,126.54552,43.84771,1,1,7,27,16
31,4849,126.57548,43.8515,1,1,7,4,8
31,4849,126.57629,43.8481,1,1,5,16,9
31,949,126.58663,43.84739,1,1,5,17,8
129,2688,126.51791,43.81058,1,1,7,13,8
31,4849,126.57402,43.85402,14,1,8,16,7
165,3156,126.54826,43.9006,1,1,8,10,11
129,638,126.55305,43.83883,1,1,6,4,14
129,2925,126.52244,43.83643,1,1,7,11,9
165,3156,126.54756,43.9135,1,1,5,14,10
31,4849,126.57456,43.83895,1,1,7,1,7
165,1656,126.55168,43.91426,14,1,9,5,9
129,2688,126.51932,43.81002,1,1,6,28,16
31,1558,126.54895,43.86986,1,1,10,11,8
129,1520,126.55731,43.84765,14,1,10,12,10
165,1656,126.55346,43.93365,14,1,8,22,8
129,2688,126.52872,43.82063,1,1,7,30,15
31,435,126.55858,43.87037,1,1,9,3,7
129,2665,126.55837,43.85555,1,1,8,18,8
53,75,126.5641,43.82451,12,1,7,2,8
53,75,126.56683,43.8252,14,1,8,5,8
53,75,126.56618,43.81491,1,1,8,9,17
129,2688,126.52822,43.82218,14,1,7,8,8
165,1656,126.57506,43.93096,1,1,9,4,8
165,1656,126.55169,43.90584,1,1,5,28,9
31,949,126.58837,43.85599,14,1,6,14,7
165,3156,126.54909,43.90673,1,0,5,26,11
129,2925,126.51917,43.82667,1,1,9,5,8
129,638,126.54284,43.84491,3,1,7,22,8
31,4849,126.56958,43.8475,14,1,5,17,14
31,4849,126.57125,43.85053,14,0,6,3,8
129,2925,126.51786,43.82668,1,1,7,16,8
31,949,126.59582,43.84575,14,1,8,19,8
53,75,126.5727,43.82086,1,1,8,22,9
129,2925,126.52721,43.83544,14,1,9,18,9
53,75,126.57417,43.82761,1,1,6,28,9
53,4474,126.5518,43.81731,14,1,9,15,10
53,1103,126.5708,43.8065,1,1,5,20,14
53,75,126.56785,43.82941,1,1,9,11,8
129,2925,126.51704,43.83318,1,1,5,29,9
165,3156,126.54625,43.91615,1,0,6,8,9
53,75,126.5705,43.82646,1,1,7,14,15
165,1656,126.55155,43.90374,1,1,5,19,11
53,1103,126.57922,43.82729,1,1,9,18,9
129,2688,126.53478,43.82772,1,1,6,17,14
129,2688,126.51657,43.80905,1,1,7,31,13
31,435,126.55272,43.8722,1,1,9,12,7
53,4474,126.55122,43.81558,1,1,8,8,10
53,487,126.52443,43.80379,1,1,9,10,7
31,435,126.55277,43.87223,1,1,6,17,7
165,1656,126.58421,43.91325,14,0,7,1,8
129,2665,126.55447,43.85282,1,1,8,30,7
129,2665,126.53769,43.84613,1,1,8,24,7
129,2688,126.51742,43.81176,1,1,7,7,14
129,2688,126.50979,43.81231,1,1,8,22,9
53,4474,126.54971,43.81578,1,1,9,6,9
53,75,126.55663,43.83253,1,1,7,8,8
53,487,126.58679,43.78064,1,1,6,14,9
31,949,126.58791,43.83809,14,1,6,11,15
53,75,126.56622,43.8141,14,1,8,23,9
53,75,126.57227,43.82679,1,1,8,12,9
53,1103,126.56753,43.83155,14,1,7,27,9
53,4474,126.55539,43.80784,1,1,6,30,15
31,949,126.59271,43.85269,14,1,6,19,13
129,2688,126.52149,43.81644,1,1,6,29,8
31,949,126.59174,43.86083,1,1,8,7,8
165,3156,126.54931,43.90752,1,0,6,27,9
129,2688,126.5327,43.82258,1,1,8,7,9
165,1656,126.57395,43.91743,4,1,9,11,9
31,435,126.55044,43.86117,1,1,8,14,8
53,1103,126.56601,43.83213,14,1,6,30,10
31,949,126.59326,43.8398,1,1,6,17,13
31,4849,126.57063,43.84456,1,1,7,2,8
165,1656,126.56934,43.92971,1,1,7,22,9
165,1656,126.56766,43.92798,14,1,9,6,9
31,949,126.58719,43.863,1,1,9,7,8
53,75,126.57849,43.82158,1,1,9,24,8
129,638,126.56045,43.84135,14,1,6,28,14
53,1103,126.56969,43.83257,1,1,9,18,9
129,2925,126.50386,43.81425,1,1,8,10,14
129,638,126.55256,43.83904,14,1,7,6,9
53,75,126.54414,43.82441,1,1,7,23,7
165,3156,126.55308,43.91186,1,0,6,1,10
53,1103,126.57292,43.80802,1,1,7,26,14
165,1656,126.57807,43.9178,14,1,7,17,8
53,75,126.56417,43.81507,1,1,6,3,8
31,949,126.59355,43.84168,14,1,8,3,7
165,1656,126.55742,43.90914,1,1,5,19,11
165,3156,126.54845,43.90068,1,0,5,26,10
31,949,126.58945,43.83866,1,1,7,5,8
165,1656,126.56884,43.91771,14,1,7,18,8
53,4474,126.55139,43.80508,1,1,8,12,9
53,1103,126.57655,43.82656,1,1,9,3,10
129,2688,126.53105,43.82164,1,1,6,28,10
31,435,126.55901,43.86269,7,1,5,29,8
53,3030,126.51567,43.80693,1,0,9,25,14
53,4474,126.55109,43.80447,1,1,9,8,9
31,4849,126.56724,43.84109,14,1,9,6,8
129,1520,126.56155,43.84793,14,1,9,16,9
53,1103,126.59937,43.82683,14,1,7,17,9
53,75,126.56592,43.83068,7,1,6,29,8
129,638,126.5642,43.84138,3,1,7,27,10
53,1103,126.57074,43.80642,1,1,8,11,15
129,638,126.54517,43.83756,1,1,7,23,8
53,1103,126.56105,43.80353,4,1,6,10,17
31,949,126.58857,43.84432,1,1,9,4,8
53,75,126.57466,43.81933,1,1,7,4,9
31,435,126.55558,43.86234,14,1,9,15,8
31,949,126.59331,43.83978,1,1,7,12,7
31,4849,126.57276,43.84043,14,1,8,25,9
31,949,126.59326,43.83988,1,1,9,4,8
165,1656,126.55289,43.93616,14,1,8,30,8
53,75,126.56538,43.82247,1,1,8,9,9
53,1103,126.57282,43.808,1,1,8,19,14
53,75,126.55285,43.82482,1,1,8,24,8
31,2208,126.54348,43.8748,1,1,6,19,8
165,3867,126.62536,43.89525,1,1,7,27,9
165,3156,126.54575,43.91283,1,1,7,27,9
165,3156,126.55315,43.91034,1,0,6,8,9
165,1656,126.57365,43.91739,4,0,6,9,8
129,2688,126.51827,43.80957,1,1,10,1,7
31,4849,126.57864,43.84488,14,1,8,25,9
53,1103,126.60395,43.82888,1,1,8,4,9
165,1656,126.55,43.90449,1,1,5,25,10
31,4849,126.58147,43.84579,14,1,5,27,8
31,4849,126.56966,43.83936,1,1,5,29,14
31,435,126.57473,43.8702,1,1,6,17,16
31,435,126.55097,43.87212,1,1,5,31,18
53,3939,126.55311,43.8232,1,1,5,29,8
129,2688,126.51821,43.81092,1,1,6,1,13
129,2688,126.53172,43.82156,1,1,6,28,10
129,2925,126.51818,43.82179,1,1,8,12,8
53,487,126.58546,43.78075,14,1,8,5,8
129,1520,126.54128,43.84641,1,1,9,2,7
31,2208,126.54395,43.87566,1,1,6,17,11
129,2925,126.52056,43.82258,14,1,9,13,9
129,638,126.53544,43.83586,1,1,7,27,10
31,435,126.56508,43.86165,1,1,8,25,9
31,949,126.59113,43.84928,1,1,7,5,8
53,75,126.57334,43.82135,1,1,9,1,9
53,1756,126.5847,43.82329,1,1,6,17,10
31,435,126.54973,43.87113,1,1,7,4,7
165,1656,126.55757,43.90902,1,1,7,2,9
31,4322,126.56235,43.88563,14,1,6,1,15
31,4849,126.5764,43.84239,1,1,7,17,8
53,75,126.54461,43.82472,1,1,5,17,8
129,2688,126.51655,43.80903,1,1,6,9,14
129,2925,126.52427,43.83766,1,1,6,18,13
53,75,126.54355,43.82414,14,1,8,31,8
31,4849,126.5693,43.84586,14,1,9,30,8
31,949,126.59431,43.84984,1,1,9,15,9
53,1103,126.60483,43.82806,1,1,9,20,8
31,4849,126.57891,43.84099,1,1,6,9,9
31,435,126.56899,43.87097,1,1,8,23,13
129,2688,126.5034,43.80276,1,1,8,31,7
129,2925,126.52038,43.82256,14,1,5,29,9
129,2665,126.55517,43.85031,1,1,8,31,7
129,2688,126.50931,43.81176,1,1,8,10,18
31,435,126.55476,43.87299,1,1,9,15,8
165,3156,126.55127,43.91281,1,0,5,28,9
53,1103,126.57056,43.83206,1,1,9,7,10
31,949,126.59009,43.84139,1,1,5,16,8
129,2688,126.50661,43.80422,14,1,8,6,9
129,2688,126.51452,43.80777,1,1,9,22,8
31,949,126.5863,43.8632,1,1,8,19,8
31,435,126.54966,43.87414,1,1,7,10,7
53,3559,126.54272,43.81682,1,1,6,3,13
129,2665,126.54497,43.84599,1,1,8,3,8
53,1103,126.572,43.8311,14,1,8,20,9
53,4474,126.54264,43.81676,1,1,8,10,8
129,3458,126.50489,43.80416,14,1,6,3,11
53,75,126.56117,43.82733,14,1,8,21,9
129,2925,126.51618,43.81844,1,1,8,13,9
53,487,126.52468,43.80371,1,1,9,24,9
53,1103,126.58019,43.82833,1,1,9,22,9
165,1656,126.61336,43.89248,1,0,6,19,9
129,2925,126.51615,43.8208,14,1,8,23,9
31,435,126.55214,43.87478,1,1,7,27,12
165,3156,126.55388,43.91286,1,0,6,27,9
129,2665,126.54172,43.84606,1,1,8,15,8
53,75,126.55405,43.82971,1,1,7,22,8
129,638,126.54389,43.84532,14,1,7,25,9
53,4474,126.55752,43.80072,1,1,8,2,8
31,949,126.59164,43.84189,1,1,8,16,7
129,2925,126.51762,43.83081,1,1,7,27,9
31,949,126.5923,43.85284,14,1,5,27,8
53,979,126.54724,43.82095,14,1,6,9,8
31,435,126.54984,43.86083,1,1,6,30,9
53,487,126.54434,43.79465,10,1,9,4,8
53,1103,126.60487,43.82804,1,1,8,5,9
165,1656,126.56942,43.91742,14,1,8,3,8
31,949,126.59097,43.83925,1,1,7,8,8
31,435,126.55415,43.87151,1,1,6,2,8
31,1558,126.57646,43.88413,1,1,10,3,9
53,487,126.5296,43.80483,14,1,6,18,15
129,1520,126.55699,43.85277,1,1,9,5,7
165,1656,126.56626,43.92215,14,1,6,30,10
165,2709,126.5862,43.89409,1,1,5,26,12
53,1103,126.57551,43.82753,1,1,8,4,9
165,3156,126.54633,43.91264,1,1,8,18,9
53,75,126.56796,43.82511,14,1,5,30,9
53,75,126.54872,43.82963,1,1,8,5,8
53,75,126.56521,43.82196,1,1,9,13,8
53,1103,126.57035,43.81085,1,1,9,14,14
53,1103,126.59508,43.83177,1,1,8,5,9
31,949,126.59615,43.84691,1,1,7,29,8
165,1656,126.55094,43.90226,14,1,8,26,8
129,2925,126.51595,43.83249,1,1,8,10,13
53,4474,126.5593,43.81725,1,1,9,3,8
53,4474,126.5518,43.81745,14,1,9,10,8
31,949,126.59104,43.84892,1,1,7,12,7
53,75,126.55112,43.82444,1,1,8,20,8
53,1103,126.57212,43.8308,14,1,9,18,9
31,4849,126.57146,43.84889,1,1,7,10,7
165,1656,126.578,43.91779,14,1,9,9,9
53,4474,126.55115,43.80517,1,1,7,18,8
165,1656,126.5683,43.92759,14,1,9,11,9
165,2709,126.5581,43.908,14,1,7,26,8
129,2688,126.52886,43.82388,1,1,9,29,8
53,1177,126.58338,43.80327,14,1,6,4,9
31,949,126.59022,43.84703,1,1,6,15,7
31,4114,126.54185,43.86847,1,1,6,18,12
31,435,126.55495,43.87217,1,1,8,25,11
53,4474,126.54261,43.8168,1,1,9,15,9
31,435,126.56104,43.85841,14,1,6,25,12
53,1103,126.56594,43.83206,14,1,9,25,9
129,2925,126.51818,43.83225,1,1,6,7,10
53,75,126.56591,43.83009,7,1,6,3,7
53,4474,126.54222,43.8205,1,1,7,14,10
31,4849,126.56718,43.8484,14,1,6,6,14
53,1103,126.57065,43.80885,1,1,9,26,13
31,949,126.59374,43.84859,1,1,8,18,7
53,1103,126.57194,43.83107,14,1,9,20,8
53,1103,126.57623,43.82737,1,1,7,16,9
53,1103,126.57082,43.8065,1,1,7,4,14
31,4849,126.58112,43.84402,1,1,8,13,8
31,4849,126.57896,43.84201,1,1,5,16,9
129,2688,126.5118,43.80813,1,1,9,12,15
129,2665,126.55503,43.85423,1,1,8,12,9
31,4849,126.57494,43.84098,14,1,6,17,13
53,487,126.59321,43.77827,14,1,9,4,8
165,1656,126.55232,43.91035,1,1,9,10,9
129,2665,126.54169,43.84352,1,1,8,20,8
129,2925,126.51861,43.83257,1,1,8,13,8
31,4849,126.5782,43.84237,1,1,6,14,8
31,435,126.56127,43.85794,14,1,8,6,7
53,1103,126.56683,43.83233,14,1,8,21,10
53,75,126.57233,43.81964,1,1,8,5,8
129,2688,126.53074,43.82031,1,1,6,27,10
165,3156,126.55675,43.91545,1,1,7,2,9
165,2709,126.56178,43.90646,1,1,9,5,9
53,1103,126.60249,43.83281,14,1,7,6,9
129,2665,126.53644,43.84845,1,1,8,12,9
129,2688,126.52015,43.81575,1,1,9,29,8
53,75,126.56551,43.81286,14,1,8,27,9
53,487,126.52419,43.80448,1,1,8,10,14
165,1656,126.55946,43.90573,14,1,5,17,10
129,2688,126.53066,43.82285,1,1,7,6,8
53,4474,126.55964,43.81988,1,1,7,24,8
31,949,126.59443,43.8467,4,1,6,13,8
53,487,126.53035,43.80363,14,1,9,17,7
129,638,126.56612,43.85455,14,1,6,29,9
31,4849,126.58381,43.84177,1,1,6,30,19
53,1103,126.6019,43.83321,14,1,5,17,9
53,1103,126.57739,43.82627,1,1,7,16,9
31,4849,126.57545,43.85145,1,1,9,20,8
31,435,126.54938,43.87352,1,1,9,23,7
53,4474,126.55758,43.80733,1,1,8,12,9
129,2665,126.56303,43.85585,14,1,8,30,7
31,4849,126.57306,43.85303,1,1,5,25,10
31,435,126.56288,43.87497,1,1,7,2,8
31,4849,126.56903,43.85033,7,1,7,16,9
129,2925,126.51646,43.8146,1,1,6,16,8
165,1656,126.57312,43.91861,1,1,10,12,9
53,1103,126.60095,43.82644,14,1,7,22,8
165,1656,126.55295,43.91199,1,0,6,4,9
53,75,126.57767,43.8229,1,1,9,30,8
129,2925,126.51851,43.83254,1,1,6,12,9
31,4849,126.57282,43.83967,1,1,5,24,9
31,4849,126.56758,43.84675,7,1,8,3,7
53,487,126.5924,43.77635,14,1,9,20,8
31,4322,126.54196,43.87825,14,1,6,4,10
53,75,126.54845,43.8293,1,1,7,25,8
31,3073,126.53991,43.86851,1,1,6,6,9
129,2688,126.53084,43.8213,1,1,7,28,8
31,4849,126.57328,43.84015,1,1,6,1,7
129,2665,126.54419,43.84155,10,1,8,27,7
129,2688,126.53562,43.82927,1,1,9,21,7
129,2688,126.53247,43.82388,1,1,5,30,18
31,2208,126.54808,43.87427,1,1,5,25,14
53,1103,126.57045,43.8035,14,1,6,27,14
53,1103,126.60252,43.83012,1,1,9,4,9
53,1103,126.57434,43.83101,1,1,7,1,8
31,3073,126.54886,43.8699,1,1,5,29,13
165,1656,126.5487,43.90775,1,1,9,4,8
165,2709,126.55966,43.90869,14,1,9,18,9
53,1103,126.57269,43.81066,1,1,8,20,14
53,487,126.54831,43.79266,14,1,9,17,7
31,1558,126.57362,43.84454,7,1,10,8,9
31,4849,126.58377,43.84146,1,1,6,19,9
129,2665,126.5637,43.8565,14,1,8,31,7
31,1558,126.57583,43.88277,1,1,9,6,8
129,2665,126.55835,43.85565,1,1,8,10,13
53,487,126.53155,43.8078,14,1,8,12,9
165,1656,126.55161,43.90834,14,1,9,1,8
165,1656,126.55152,43.9117,1,1,8,27,8
129,3458,126.55513,43.84868,14,1,6,27,10
31,4849,126.58036,43.83879,14,1,7,10,7
53,1103,126.56425,43.80948,4,1,6,16,13
129,2688,126.52846,43.81436,1,1,9,20,9
129,2688,126.56299,43.81417,14,1,8,20,8
53,487,126.52999,43.80462,14,1,6,11,13
53,4474,126.55014,43.81666,1,1,7,20,8
31,4849,126.58554,43.84469,14,1,9,28,8
129,2665,126.53867,43.8439,14,1,8,28,7
165,2709,126.56346,43.91235,1,1,8,25,8
31,2208,126.54351,43.86613,1,1,6,7,9
129,323,126.51986,43.82397,1,1,9,28,10
53,1103,126.56865,43.81176,1,1,9,25,13
31,949,126.59118,43.84924,1,1,9,19,7
53,75,126.5704,43.82374,1,1,9,17,8
129,2688,126.52652,43.82575,1,1,7,5,8
129,2688,126.52826,43.82436,1,1,9,30,9
53,1103,126.57096,43.83143,1,1,8,16,10
31,949,126.59129,43.84915,1,1,8,22,8
31,949,126.59156,43.84188,1,1,8,14,8
31,949,126.59103,43.86042,1,1,9,24,8
31,4322,126.54636,43.87795,1,1,5,30,16
129,2925,126.51689,43.82526,1,1,6,12,9
165,3156,126.55123,43.90206,14,1,8,12,9
129,2925,126.5135,43.83389,1,1,7,26,9
31,949,126.59107,43.84778,14,1,9,18,8
53,75,126.54791,43.82603,14,1,6,28,8
129,2925,126.51011,43.823,1,1,8,5,11
31,949,126.58918,43.85179,1,1,7,17,15
31,435,126.55271,43.87213,1,1,5,29,17
53,1103,126.56602,43.83216,14,1,9,21,9
31,4849,126.57288,43.8445,7,1,7,23,7
31,435,126.56099,43.85778,1,1,7,26,7
53,1103,126.5757,43.83056,1,1,8,30,9
31,949,126.59442,43.84228,14,0,9,2,9
31,435,126.56216,43.86386,1,1,8,3,8
53,75,126.572,43.82046,1,1,9,21,9
165,3156,126.54766,43.91382,1,1,7,24,9
53,75,126.57762,43.82322,1,1,7,17,8
129,3458,126.54969,43.84648,1,1,6,27,10
129,2688,126.52012,43.81171,1,1,9,1,7
129,161,126.54116,43.8469,1,1,6,15,10
31,949,126.58725,43.83879,14,1,8,2,8
31,1558,126.57952,43.88393,1,1,10,15,8
129,638,126.56523,43.84457,7,1,7,1,9
53,487,126.55132,43.78684,14,1,8,14,8
165,1656,126.54702,43.90944,1,1,9,3,9
129,2688,126.52499,43.81397,1,1,9,11,8
53,4474,126.55437,43.8058,1,1,6,15,8
53,1103,126.58682,43.82858,1,1,9,26,9
165,1656,126.61266,43.88851,14,0,6,19,9
31,4849,126.57202,43.84591,14,1,6,15,8
31,435,126.55759,43.87026,1,1,8,5,8
53,1103,126.56978,43.80336,14,1,8,22,15
129,1520,126.56541,43.84636,7,1,9,20,9
129,2688,126.527,43.82151,1,1,9,20,9
53,1103,126.57081,43.80657,1,1,8,29,13
31,435,126.55924,43.85969,14,1,9,16,8
31,435,126.55559,43.86248,14,1,7,29,7
53,1087,126.57074,43.80648,1,1,6,19,17
165,1656,126.55291,43.90063,7,1,8,29,9
165,1656,126.54457,43.90545,1,1,9,13,15
31,435,126.55983,43.87363,14,1,6,1,13
53,487,126.52927,43.80497,14,1,9,24,9
53,4474,126.55247,43.81803,14,1,9,26,8
31,435,126.56319,43.86917,1,1,6,17,7
129,87,126.54937,43.83875,10,1,10,11,8
31,4849,126.57588,43.83931,1,1,8,21,9
129,638,126.56143,43.84045,1,1,7,16,8
31,1558,126.5872,43.86249,1,1,10,5,7
129,2665,126.56355,43.84903,0,1,8,28,7
165,1656,126.55216,43.90945,1,1,5,21,10
31,435,126.55289,43.87227,1,1,8,3,8
165,1656,126.55542,43.93284,14,1,8,11,9
129,1520,126.5522,43.8459,1,1,9,21,7
31,949,126.59352,43.85496,14,1,7,3,7
31,4849,126.57213,43.84264,1,1,9,15,7
165,1656,126.54839,43.9086,1,0,6,3,9
31,949,126.5904,43.85271,1,1,5,29,14
53,75,126.56794,43.8251,14,1,9,28,8
53,1103,126.59971,43.83448,1,1,8,9,9
129,2665,126.56375,43.85587,14,1,8,21,11
129,2688,126.5301,43.82646,1,1,7,23,8
31,1558,126.57548,43.87709,4,1,10,17,8
165,1656,126.54451,43.90548,1,1,9,10,9
129,2925,126.52322,43.83666,1,1,7,26,9
129,2925,126.51792,43.82138,1,1,9,17,7
129,638,126.54471,43.83746,1,1,7,24,8
53,4474,126.55745,43.80083,1,1,8,18,8
129,2665,126.56604,43.85451,14,1,8,6,8
53,4474,126.55758,43.81501,1,1,9,9,8
31,435,126.5592,43.85963,14,1,9,23,7
31,949,126.58828,43.84427,1,1,5,26,12
31,4322,126.56437,43.88274,14,1,5,29,8
53,4474,126.55016,43.81666,1,1,6,29,12
31,949,126.5888,43.85971,1,1,8,7,8
129,2688,126.52822,43.81922,14,1,7,23,8
31,949,126.59108,43.84886,1,1,7,22,7
53,1103,126.56866,43.81164,1,1,7,4,14
53,1103,126.57449,43.83102,1,1,9,30,9
31,435,126.56302,43.86912,1,1,8,25,9
129,1520,126.54111,43.84549,1,1,9,15,8
129,2925,126.51501,43.81253,1,1,6,28,11
129,2925,126.51613,43.83169,1,1,6,30,9
53,4474,126.54638,43.81609,1,1,9,13,8
31,949,126.59107,43.84125,1,1,5,25,14
53,1103,126.57348,43.81282,1,1,6,13,15
31,4849,126.58288,43.84193,1,1,8,6,8
31,4849,126.57878,43.83692,14,1,9,19,7
53,75,126.55473,43.82405,1,1,8,24,8
129,638,126.56263,43.84468,14,1,6,27,10
53,1103,126.57245,43.82966,3,1,8,13,9
53,75,126.56508,43.81354,14,1,5,29,15
31,949,126.59305,43.85453,14,1,8,16,7
165,1656,126.55772,43.91245,14,1,8,20,10
31,1558,126.58213,43.88443,1,1,8,14,9
129,1520,126.5482,43.84526,1,1,9,10,8
129,2665,126.55711,43.85409,14,1,8,24,7
165,1656,126.75195,43.95638,14,1,9,6,10
129,638,126.54913,43.839,14,1,7,6,9
31,4849,126.57611,43.84257,1,1,9,27,8
53,75,126.55979,43.83242,1,1,9,27,8
31,4849,126.57383,43.84422,7,1,7,15,8
31,4849,126.58075,43.83968,1,1,9,19,7
129,2925,126.51875,43.82047,1,1,7,3,9
129,2688,126.53285,43.82472,1,1,7,17,14
53,1103,126.57122,43.83102,14,1,7,20,9
53,4474,126.54692,43.81616,1,1,9,28,9
53,487,126.54109,43.7921,14,1,9,16,8
53,1103,126.57009,43.83121,14,1,9,1,9
31,4849,126.57842,43.84753,1,1,9,8,9
129,2925,126.51879,43.83161,1,1,6,9,9
165,1656,126.56984,43.9298,1,1,10,6,8
53,75,126.56854,43.82754,1,1,6,14,8
31,435,126.55278,43.87223,1,1,8,8,8
53,1103,126.57083,43.80641,1,1,6,8,9
53,1103,126.56866,43.81177,1,1,7,1,15
31,4849,126.56905,43.84092,14,1,8,11,9
129,2925,126.49776,43.8154,1,1,8,9,9
165,1656,126.55688,43.91437,1,1,6,19,13
53,1103,126.60751,43.82678,1,1,9,4,9
53,4474,126.55428,43.81607,14,1,8,23,8
31,435,126.56281,43.86199,1,1,6,13,8
129,638,126.54654,43.84213,0,1,7,26,9
31,4849,126.581,43.84262,1,1,9,13,7
129,2665,126.55508,43.85415,1,1,8,10,13
165,1656,126.55349,43.91051,1,1,5,15,14
53,1103,126.57622,43.82893,1,1,7,17,9
129,2925,126.52122,43.8213,14,1,7,14,8
31,435,126.55688,43.85846,1,1,10,1,7
31,949,126.5934,43.8538,14,1,6,28,8
53,487,126.54665,43.7936,14,1,9,1,9
165,1656,126.57031,43.92897,1,1,7,3,8
129,2688,126.52777,43.81916,14,1,9,17,7
129,2925,126.51437,43.81545,14,1,9,20,9
31,4849,126.56984,43.83952,14,1,7,2,8
53,1103,126.57237,43.80715,1,1,5,29,12
129,638,126.55432,43.84327,14,1,7,2,9
53,1103,126.56832,43.81136,1,1,7,14,16
53,487,126.55304,43.78786,14,1,8,8,10
129,2688,126.53314,43.82558,1,1,8,17,8
53,1103,126.57149,43.80583,1,1,9,23,12
53,4474,126.55616,43.80874,1,1,7,29,8
129,2688,126.52673,43.82597,1,1,8,7,9
165,1656,126.56576,43.90689,14,1,5,28,15
129,2688,126.53299,43.8253,1,1,7,20,8
129,2925,126.52258,43.83639,1,1,6,4,11
129,638,126.54806,43.83832,14,1,7,4,10
53,4474,126.55116,43.81557,1,1,8,12,9
31,435,126.55427,43.87153,1,1,9,11,8
129,2925,126.51307,43.81439,1,1,6,11,9
31,4849,126.58117,43.84404,1,1,8,15,8
53,1103,126.57167,43.81086,1,1,6,28,13
53,4474,126.55737,43.81617,14,1,8,24,8
53,75,126.56595,43.83061,7,1,6,4,9
53,1103,126.56974,43.80321,14,1,9,30,13
129,2688,126.51576,43.80675,1,1,7,27,9
53,75,126.56472,43.82855,0,1,7,9,7
165,1656,126.62194,43.88722,1,0,6,6,12
31,949,126.5949,43.85207,1,1,6,9,13
31,2208,126.54146,43.86863,1,1,6,1,11
53,4474,126.55759,43.80072,1,1,8,8,10
53,4474,126.54809,43.81829,1,1,9,19,9
53,487,126.52261,43.79986,1,1,5,16,8
31,949,126.58384,43.84639,0,1,8,15,7
31,435,126.56368,43.86698,1,1,8,23,8
53,1103,126.59766,43.83242,1,1,6,15,10
129,2665,126.55859,43.85536,1,1,8,24,8
31,4849,126.56665,43.84662,7,1,7,27,8
53,75,126.5647,43.83104,7,1,7,1,8
53,487,126.51987,43.80308,14,1,8,7,9
53,75,126.54782,43.8269,14,1,9,12,9
53,75,126.55098,43.83032,1,1,7,23,7
31,435,126.56016,43.86595,7,1,8,19,7
31,435,126.56327,43.8671,1,1,5,29,14
53,487,126.57996,43.78422,14,1,8,9,8
129,2688,126.52873,43.82651,1,1,8,13,8
31,435,126.55284,43.87225,1,0,5,27,14
129,2925,126.51301,43.81403,1,1,9,3,7
165,1656,126.56573,43.92781,14,0,7,1,8
31,4849,126.56947,43.84879,14,1,8,23,9
53,4474,126.55749,43.80082,1,1,8,9,9
53,1103,126.57039,43.80856,1,1,9,12,15
31,949,126.59275,43.85581,14,1,8,17,7
53,1103,126.57012,43.81157,1,1,7,9,12
165,1656,126.54452,43.90554,1,1,8,8,9
31,949,126.59662,43.84552,14,1,9,16,8
53,4474,126.55126,43.8174,14,1,9,24,8
53,75,126.56799,43.82501,14,1,8,25,9
31,435,126.55487,43.87299,1,1,8,17,7
165,3156,126.54577,43.91178,1,0,6,2,9
129,2665,126.56602,43.84953,7,1,8,31,7
31,435,126.56073,43.86108,1,1,9,24,8
129,638,126.54177,43.8453,1,1,6,30,10
165,1656,126.56547,43.90507,1,1,7,21,8
31,435,126.55946,43.87148,1,1,6,18,8
53,4474,126.54628,43.8171,14,1,9,18,8
31,4849,126.56851,43.84447,10,1,6,6,8
53,1103,126.57657,43.82972,1,1,5,30,13
129,638,126.54601,43.83907,14,1,6,4,11
31,949,126.58974,43.85721,1,1,10,2,8
31,435,126.57641,43.87041,1,1,6,17,16
31,4849,126.57316,43.84482,7,1,6,7,8
53,1103,126.5801,43.82842,1,1,9,8,10
53,75,126.57225,43.82094,1,1,6,12,13
31,152,126.56821,43.87102,1,1,6,3,14
165,1656,126.56582,43.92709,14,0,7,1,8
129,638,126.55823,43.84218,1,1,6,8,9
129,2688,126.51461,43.82125,1,1,8,14,15
129,2945,126.52714,43.83587,14,1,10,1,8
129,2688,126.51542,43.8074,1,1,9,15,8
129,2688,126.52174,43.81529,1,1,7,26,8
129,323,126.51572,43.81498,1,1,9,27,9
165,1656,126.56351,43.92604,14,1,9,1,8
53,75,126.5448,43.82449,1,1,8,19,9
129,2665,126.5592,43.84743,14,1,8,20,8
129,638,126.54878,43.84787,1,1,7,16,9
53,75,126.57394,43.8203,1,1,9,3,8
129,2688,126.51982,43.82393,1,1,8,14,15
129,2665,126.55134,43.84852,1,1,8,14,9
53,1103,126.57184,43.81054,1,1,8,21,13
53,75,126.57158,43.82714,1,1,9,11,8
31,435,126.55277,43.87223,1,1,8,15,7
31,4849,126.58092,43.84112,1,1,9,6,8
53,4474,126.55372,43.81848,14,1,9,28,8
129,2688,126.51531,43.80747,1,1,9,10,8
31,4849,126.56705,43.84745,7,1,9,7,8
31,949,126.59372,43.84856,1,1,9,4,8
129,2688,126.53048,43.82354,1,1,7,18,8
53,967,126.67548,43.72764,14,1,8,20,7
129,1520,126.55343,43.84684,1,1,9,26,8
129,2925,126.51606,43.81741,1,1,7,18,9
53,1103,126.6048,43.82827,1,1,6,3,9
129,2665,126.54896,43.84889,14,1,8,27,9
31,435,126.55621,43.86042,1,1,6,30,9
53,75,126.57929,43.82502,14,1,10,2,8
53,1103,126.5729,43.8092,1,1,7,25,13
129,2688,126.51833,43.82289,14,1,7,5,8
31,949,126.58771,43.84216,1,1,5,20,8
129,2925,126.51564,43.81306,1,1,9,19,8
53,75,126.5641,43.82444,12,1,8,12,9
31,4849,126.57203,43.83906,1,1,7,15,8
129,638,126.548,43.84259,14,1,7,26,9
53,1103,126.54906,43.81787,1,1,7,27,13
129,2925,126.51589,43.81825,1,1,6,8,10
165,3156,126.54612,43.90843,1,0,6,1,10
53,487,126.52769,43.79974,14,1,7,16,8
129,2665,126.54095,43.8484,1,1,8,23,10
129,2688,126.53161,43.82127,1,1,6,15,9
31,4322,126.54464,43.88566,1,1,6,18,13
31,949,126.58382,43.84641,0,1,8,18,8
129,2688,126.51601,43.80868,1,1,6,3,9
53,1103,126.57232,43.81026,1,1,7,5,13
53,4474,126.55543,43.81466,14,1,8,25,8
129,2688,126.5201,43.81261,1,1,9,3,7
129,2688,126.53575,43.8292,1,1,8,9,9
53,75,126.55042,43.82689,1,1,8,31,8
129,2688,126.53251,43.82656,1,1,7,31,13
53,1103,126.57564,43.83057,1,1,5,30,13
53,75,126.56973,43.82078,1,1,7,9,7
53,4474,126.55102,43.8189,14,1,8,29,9
129,323,126.5179,43.81884,14,1,9,28,10
129,3458,126.49221,43.81355,1,1,6,25,11
53,4474,126.55963,43.81969,1,1,9,25,8
53,487,126.52835,43.80617,14,1,8,15,8
165,2709,126.57235,43.89774,1,1,8,28,8
53,1103,126.5703,43.81035,1,1,8,9,12
31,435,126.56,43.86916,1,1,6,10,7
53,4474,126.54602,43.81451,1,1,8,29,9
31,949,126.59225,43.84147,1,1,6,9,13
53,979,126.5519,43.80457,1,1,5,29,13
129,1520,126.56595,43.85668,1,1,10,1,8
31,4849,126.57413,43.85501,1,1,8,25,9
31,435,126.56209,43.86359,1,1,7,25,8
53,1103,126.56796,43.8313,14,1,8,27,9
129,2302,126.56046,43.85365,1,1,7,12,8
53,1103,126.57875,43.8274,1,1,8,12,9
31,4849,126.58335,43.84035,1,1,8,14,8
31,4849,126.57344,43.83883,1,1,6,14,8
129,638,126.55227,43.84275,7,1,6,9,10
165,2709,126.57724,43.8949,14,1,9,27,9
53,75,126.57686,43.82566,1,1,6,4,14
31,435,126.5533,43.87377,1,0,5,24,12
129,638,126.54165,43.84613,1,1,7,2,9
53,1103,126.5727,43.83144,1,1,7,26,10
129,3458,126.53488,43.83185,1,1,5,29,11
53,75,126.56458,43.8197,14,1,8,16,9
31,4849,126.58028,43.84011,1,1,5,21,9
53,487,126.59605,43.77972,14,1,8,21,8
53,1087,126.57847,43.82983,1,1,6,17,10
53,75,126.55368,43.82554,1,1,7,14,9
129,2688,126.5218,43.81532,1,1,9,1,7
31,4849,126.57575,43.83915,1,1,8,30,8
53,75,126.55758,43.83307,1,1,9,19,8
53,1103,126.57899,43.82669,1,1,6,15,10
129,2688,126.53061,43.81989,1,1,9,17,7
53,75,126.56474,43.82856,0,1,6,19,10
31,4849,126.57108,43.84756,1,1,8,27,10
53,1103,126.57891,43.82965,1,1,6,8,13
53,1103,126.57177,43.8066,1,1,9,16,14
53,75,126.55968,43.83345,1,1,8,26,8
165,1656,126.56638,43.92825,14,1,10,5,9
53,1103,126.57079,43.80646,1,1,9,26,13
129,2925,126.51929,43.8266,1,1,7,27,9
165,2709,126.56203,43.91076,14,1,6,30,9
53,75,126.56717,43.82076,1,1,9,22,10
53,4474,126.55878,43.80818,1,1,6,16,9
31,4849,126.57549,43.839,1,1,7,29,14
53,1103,126.56652,43.83138,14,1,7,26,9
129,2688,126.52888,43.82248,14,1,6,29,8
31,4322,126.56231,43.88572,14,1,6,6,10
53,1103,126.57564,43.83046,1,1,9,1,9
31,435,126.56094,43.85849,14,1,6,27,9
165,1656,126.57282,43.92372,1,1,9,1,8
53,75,126.57845,43.82158,1,1,9,30,8
165,3156,126.55224,43.90964,1,0,6,8,9
53,487,126.53039,43.80464,14,1,7,30,8
129,2688,126.52012,43.81586,1,1,9,30,9
129,638,126.53853,43.84502,1,1,7,21,8
129,2688,126.53568,43.82925,1,1,6,12,10
165,1656,126.56654,43.92768,14,1,7,2,9
165,3867,126.62456,43.88872,14,1,7,27,8
31,949,126.58775,43.85921,1,1,6,3,7
53,75,126.54742,43.82452,0,1,8,16,15
129,1520,126.56578,43.84719,14,1,9,26,8
165,3156,126.54461,43.90442,1,0,6,9,8
53,1103,126.59916,43.83475,1,1,7,9,9
129,638,126.54479,43.83747,1,1,7,9,9
53,487,126.54539,43.79325,14,1,7,3,8
53,1103,126.57798,43.82969,1,1,9,21,9
165,2709,126.56145,43.91586,14,1,7,26,8
53,1103,126.5898,43.83044,1,1,6,8,13
129,3458,126.54872,43.84859,14,1,5,23,10
31,4849,126.57422,43.84221,14,1,8,16,7
31,4849,126.58336,43.84038,1,1,8,23,9
53,2060,126.55263,43.81719,1,1,6,1,8
53,4474,126.54585,43.81188,1,1,6,27,9
31,949,126.5925,43.83951,1,1,8,3,7
129,2665,126.55844,43.84888,14,1,8,8,8
53,1103,126.58896,43.82832,1,1,9,23,8
53,75,126.54327,43.82453,1,1,8,29,9
129,2925,126.49779,43.81968,14,1,7,31,14
53,75,126.56821,43.82596,1,1,10,2,8
165,2709,126.57259,43.90054,14,1,8,2,9
31,435,126.55272,43.87213,1,1,5,28,15
31,4849,126.56759,43.8499,7,1,9,28,8
31,949,126.58487,43.84698,3,1,8,22,8
31,435,126.55276,43.87073,1,1,9,7,8
53,4474,126.55096,43.8151,1,1,7,27,8
129,1520,126.56365,43.84901,0,1,9,2,7
31,949,126.58963,43.86014,1,1,9,12,8
31,435,126.55285,43.87211,1,1,9,14,7
31,949,126.58849,43.85847,1,1,8,4,8
31,949,126.58778,43.84883,1,1,6,18,7
165,1656,126.55724,43.9111,3,1,8,26,8
129,2665,126.54116,43.84547,1,1,8,4,9
53,75,126.54384,43.82416,14,1,6,10,8
165,1656,126.55199,43.90954,1,1,9,17,8
129,1520,126.56567,43.84805,7,1,9,12,7
31,4849,126.57535,43.84246,1,1,8,2,8
129,2688,126.50908,43.81136,1,1,7,2,14
53,1103,126.60246,43.83283,14,1,8,8,10
31,435,126.55231,43.85359,1,1,5,16,9
165,1656,126.54719,43.91321,1,1,8,30,8
53,1103,126.57086,43.81304,1,1,8,16,15
53,487,126.53687,43.8065,1,1,8,4,8
165,1656,126.55294,43.9059,1,1,5,29,10
53,75,126.5651,43.81892,14,1,8,27,16
31,435,126.56245,43.86174,1,1,5,28,8
129,2665,126.56614,43.85703,1,1,8,27,7
53,1177,126.59213,43.80163,14,1,6,4,9
31,949,126.5924,43.84621,4,1,7,19,7
53,979,126.5522,43.81349,14,1,6,10,8
53,4474,126.54887,43.81749,1,1,9,8,9
165,1656,126.57184,43.92296,1,1,9,18,9
53,4474,126.56179,43.81586,14,1,9,9,8
53,1103,126.5714,43.83215,1,1,9,9,10
165,1656,126.54188,43.98006,14,1,6,26,11
129,2688,126.53259,43.82473,1,1,8,29,8
129,2688,126.52141,43.81064,1,1,8,26,10
53,75,126.55807,43.83321,1,1,9,8,9
53,1103,126.56786,43.80175,1,1,10,1,12
53,75,126.57393,43.82785,1,1,6,9,9
31,4849,126.57885,43.84459,1,1,7,25,7
129,2688,126.50188,43.79822,14,1,7,18,8
53,4474,126.54504,43.81055,1,1,7,17,8
31,4849,126.57516,43.84522,14,1,7,25,7
53,75,126.57439,43.82029,14,1,7,20,8
31,4849,126.56859,43.84433,10,1,9,20,8
129,638,126.55954,43.84216,1,1,7,26,9
53,75,126.57522,43.821,14,1,7,4,9
53,1103,126.56531,43.83195,0,1,7,12,9
129,2925,126.5106,43.83257,1,1,7,29,9
31,949,126.59455,43.84674,4,1,5,28,13
53,1103,126.57042,43.80957,1,1,7,24,12
31,4849,126.57982,43.84522,1,1,6,28,8
129,2688,126.52872,43.82415,1,1,9,21,7
31,949,126.59069,43.84758,1,1,8,11,8
53,75,126.56308,43.81557,14,1,7,15,9
129,2925,126.51703,43.83301,1,1,9,1,7
129,2688,126.51659,43.80907,1,1,8,20,8
31,4849,126.56729,43.8469,7,1,7,10,7
31,949,126.58976,43.86165,1,1,5,29,14
165,1656,126.56812,43.92701,14,1,9,16,9
53,75,126.54676,43.82248,14,1,7,6,8
53,75,126.55341,43.8317,1,1,8,26,8
53,75,126.57354,43.82762,1,1,8,30,8
129,2688,126.52483,43.8139,1,1,8,17,8
31,435,126.55958,43.87065,1,1,7,4,8
31,949,126.58863,43.86351,1,1,7,24,7
53,75,126.55101,43.82448,1,1,7,6,8
31,949,126.59323,43.85467,14,1,9,30,8
53,1103,126.56556,43.80907,14,1,8,4,14
31,4849,126.58083,43.84143,1,1,9,11,9
129,2688,126.53197,43.82122,1,1,9,27,9
129,2688,126.50565,43.80274,1,1,9,1,8
53,4474,126.54684,43.81069,1,1,9,21,9
53,1103,126.57079,43.80649,1,1,6,1,15
129,2688,126.51701,43.81118,1,1,9,9,9
53,75,126.56467,43.81561,14,1,8,19,9
129,2665,126.55557,43.84718,14,1,8,17,8
53,4474,126.5559,43.80831,1,1,8,10,16
31,4849,126.57402,43.83915,1,1,8,15,8
53,3559,126.57007,43.79506,1,1,5,30,18
129,2688,126.51449,43.80852,1,1,8,7,9
129,1520,126.5531,43.85233,14,1,9,6,7
129,638,126.54412,43.84413,1,1,7,21,9
31,4849,126.58509,43.84429,14,1,7,29,8
31,435,126.55411,43.87154,1,1,9,17,8
31,3073,126.54766,43.86897,1,1,6,3,12
129,2665,126.54953,43.84992,14,1,8,20,8
53,75,126.55657,43.83189,13,1,8,20,8
31,4849,126.57201,43.84213,1,1,9,21,9
31,4849,126.57866,43.83816,1,1,6,17,13
31,949,126.59231,43.84145,1,1,6,18,15
165,3156,126.55788,43.91232,14,1,8,12,9
165,1656,126.55103,43.91258,1,1,5,31,17
31,4849,126.57223,43.83976,1,1,9,2,8
31,949,126.59229,43.84004,1,1,6,3,16
31,949,126.58846,43.84767,1,1,8,28,8
31,2208,126.54171,43.86849,1,1,6,1,11
53,1103,126.58985,43.83034,1,1,8,28,9
53,4474,126.54384,43.81858,1,1,8,17,8
129,2688,126.53238,43.82383,1,1,9,27,9
31,435,126.56156,43.87036,1,1,8,8,8
53,75,126.56841,43.82755,1,1,7,30,8
53,487,126.54238,43.79133,14,1,7,26,8
53,4474,126.55247,43.81702,1,1,9,30,8
165,1656,126.55564,43.91606,14,1,5,22,10
165,3156,126.54877,43.90767,1,0,5,26,11
31,435,126.5528,43.87212,1,1,8,26,8
129,2925,126.49878,43.81606,1,1,8,11,10
53,4474,126.54869,43.81917,14,1,8,26,9
31,4849,126.56737,43.84682,7,1,7,2,8
53,1103,126.6013,43.83366,1,1,9,7,10
129,1520,126.55608,43.85215,1,1,9,12,7
129,2925,126.51642,43.8137,1,1,9,15,8
129,1520,126.54557,43.84763,1,1,9,30,9
129,2688,126.52108,43.81732,1,1,7,2,9
129,2688,126.53269,43.82875,14,1,9,1,7
129,2688,126.51534,43.80925,1,1,9,18,9
129,1520,126.54659,43.85187,14,1,9,11,8
53,1103,126.57212,43.83075,14,1,8,8,10
129,2688,126.51623,43.82077,14,1,9,28,9
53,4474,126.55589,43.80685,1,1,7,14,10
53,75,126.55744,43.83274,1,1,6,10,8
165,1656,126.55495,43.91447,14,1,8,21,14
53,75,126.56652,43.81982,14,1,6,28,13
165,3156,126.54592,43.91121,1,1,8,11,9
31,949,126.58966,43.86012,1,1,10,2,8
53,75,126.57875,43.82256,1,1,7,16,8
129,2925,126.50863,43.82206,1,1,8,11,10
129,638,126.56141,43.83997,14,1,7,9,9
165,290,126.5484,43.90857,1,1,9,15,10
129,2688,126.51817,43.80964,1,1,9,12,8
31,4849,126.5688,43.83927,13,1,10,1,7
53,75,126.56578,43.82977,7,1,7,29,8
31,4849,126.5758,43.84068,14,1,6,9,9
129,2688,126.50228,43.80339,1,1,9,23,9
31,435,126.55668,43.86469,7,1,7,29,7
31,949,126.59248,43.83959,1,1,6,11,15
129,2925,126.52326,43.83667,1,1,6,29,8
165,3156,126.55398,43.91288,1,1,7,5,9
53,487,126.54103,43.7921,14,1,7,22,8
31,4849,126.57554,43.83931,1,1,6,6,14
53,4474,126.55568,43.80114,14,1,8,23,8
129,2925,126.5143,43.8155,14,1,8,25,7
129,588,126.52767,43.82954,14,1,5,16,14
53,75,126.55334,43.8265,1,1,7,29,8
129,2688,126.53081,43.82121,1,1,6,14,15
165,1656,126.61356,43.89086,14,0,5,17,14
165,1656,126.56023,43.92009,4,1,7,30,9
53,979,126.5583,43.81904,14,1,6,9,8
53,1103,126.57539,43.82912,3,1,6,4,16
31,1558,126.54006,43.8685,1,1,10,12,15
165,1656,126.55211,43.91029,1,1,9,1,9
31,949,126.5878,43.83905,14,1,7,23,9
129,2665,126.55984,43.84662,7,1,8,3,8
31,949,126.58699,43.84101,14,1,5,20,8
53,1103,126.57701,43.82979,1,1,9,19,9
129,2665,126.56287,43.85402,1,1,8,15,8
165,3156,126.5472,43.91314,1,1,6,19,10
165,3156,126.55523,43.91565,14,1,7,22,9
129,2688,126.52014,43.80859,1,1,9,27,9
53,75,126.57028,43.8257,1,1,7,28,8
129,2688,126.51643,43.81278,1,1,8,9,15
53,487,126.52442,43.80362,1,1,9,8,9
31,435,126.55927,43.87043,1,1,8,29,9
129,1520,126.5481,43.84667,1,1,9,27,9
31,4322,126.56413,43.88361,14,1,5,29,15
31,949,126.58818,43.84439,1,1,6,27,8
129,87,126.55446,43.84025,1,1,10,16,8
129,2925,126.51923,43.82931,1,1,8,29,9
165,3156,126.54939,43.90913,1,1,6,29,9
53,4474,126.54234,43.82058,1,1,8,14,8
53,487,126.54588,43.79264,14,1,8,2,8
31,4849,126.56946,43.85205,14,1,9,22,8
129,2925,126.49226,43.813,1,1,8,1,9
129,2925,126.51991,43.8275,1,1,9,15,8
165,1656,126.55096,43.91255,1,1,6,14,9
53,1103,126.56982,43.80479,1,1,7,27,13
129,638,126.55689,43.84274,1,1,6,9,14
165,1656,126.55426,43.90824,1,1,6,19,14
31,435,126.55703,43.85958,1,1,7,26,7
165,2709,126.56668,43.89767,14,0,5,27,9
31,435,126.55005,43.87383,1,1,7,23,7
53,1103,126.58117,43.82864,1,1,9,20,8
129,2688,126.51762,43.80974,1,1,8,24,8
165,1656,126.56787,43.91884,14,1,8,19,9
31,435,126.55277,43.87222,1,1,9,14,7
53,1103,126.59244,43.83111,1,1,7,5,9
129,2665,126.56226,43.8455,14,1,8,8,8
53,75,126.56597,43.81855,14,1,7,14,16
53,4474,126.55456,43.80533,1,1,8,14,8
53,487,126.52554,43.80454,1,1,5,16,8
31,4849,126.57429,43.84417,7,1,7,18,7
31,435,126.55759,43.86451,7,1,8,1,7
165,1656,126.57046,43.9297,1,1,8,13,8
53,487,126.55981,43.788,14,1,9,28,8
53,4474,126.55748,43.80088,1,1,8,28,8
53,75,126.57898,43.81992,14,1,9,26,8
31,4849,126.56842,43.84359,14,1,6,8,9
53,487,126.54836,43.79263,14,1,6,15,8
129,2665,126.55492,43.85424,1,1,8,16,8
165,1656,126.55091,43.91064,14,1,9,1,8
129,638,126.55921,43.84018,1,1,6,7,10
129,87,126.54771,43.84049,14,1,10,17,9
129,2688,126.51869,43.81467,1,1,8,30,8
31,2208,126.54065,43.87507,14,1,6,18,14
129,2925,126.51742,43.83247,1,1,9,1,7
53,487,126.58502,43.78101,1,1,7,7,9
31,4849,126.58402,43.84049,14,1,6,10,9
53,487,126.5424,43.79132,14,1,7,23,7
53,75,126.54515,43.8267,1,1,8,21,8
31,949,126.59227,43.84014,1,1,9,28,8
53,75,126.56122,43.82529,10,1,8,7,9
53,4474,126.5554,43.8066,1,1,9,16,8
53,1103,126.57302,43.81078,1,1,9,12,15
129,2688,126.51581,43.82001,14,1,9,18,9
31,4849,126.58118,43.84433,1,1,7,30,8
165,3156,126.54886,43.91149,1,0,5,16,10
129,638,126.56158,43.84028,1,1,6,5,10
53,4474,126.55709,43.81168,1,1,7,10,8
129,1520,126.56221,43.84924,1,1,10,3,8
31,4849,126.56886,43.84055,14,1,7,26,7
165,1656,126.5581,43.91416,14,1,7,28,8
53,487,126.53688,43.80502,14,1,7,8,8
31,949,126.58758,43.84006,14,1,5,30,14
129,2665,126.56372,43.85489,14,1,8,3,8
31,4849,126.57555,43.84245,1,1,6,24,13
129,2925,126.51166,43.83227,1,1,6,3,11
31,4322,126.54699,43.87703,1,1,6,5,16
129,638,126.55753,43.84054,1,1,7,26,9
129,2688,126.51656,43.809,1,1,9,12,8
53,1103,126.60132,43.83374,1,1,6,17,10
129,2925,126.51447,43.81322,1,1,7,1,8
31,435,126.55616,43.8605,1,1,7,4,7
53,1103,126.56686,43.80835,1,1,9,19,14
53,75,126.57163,43.82764,1,1,9,2,8
53,4474,126.55154,43.81131,14,1,7,11,8
31,4849,126.57489,43.85229,1,1,7,8,8
53,1103,126.57387,43.83069,1,1,8,31,8
31,3073,126.54192,43.86986,1,1,6,24,12
129,2688,126.51825,43.8096,1,1,9,30,9
129,2688,126.52023,43.80856,1,1,7,16,8
31,4849,126.57266,43.85037,3,1,9,8,9
129,638,126.54139,43.84844,1,1,7,27,19
53,4474,126.54606,43.8102,1,1,9,10,8
165,1656,126.55937,43.90871,14,1,7,19,8
53,75,126.55618,43.82431,10,1,8,20,8
53,4801,126.54789,43.79603,14,0,6,27,19
129,2688,126.53182,43.82199,1,1,9,29,8
129,2302,126.54415,43.85042,1,1,7,11,9
53,1103,126.56698,43.83237,14,1,8,27,9
129,1520,126.55537,43.8537,1,1,10,2,8
53,4474,126.55542,43.80276,1,1,8,13,9
129,2665,126.54264,43.84877,1,1,8,23,9
165,1656,126.56555,43.9261,14,1,7,15,9
165,1656,126.54956,43.91003,14,1,9,25,9
31,4849,126.57461,43.84895,1,1,8,15,13
129,1520,126.54653,43.8519,14,1,10,1,8
53,4474,126.5544,43.82011,1,1,9,9,8
129,2925,126.51724,43.83074,1,1,6,3,11
31,949,126.5897,43.85882,1,1,9,20,8
31,949,126.58714,43.84804,1,1,6,9,9
31,949,126.5904,43.85269,1,1,5,24,18
53,75,126.57316,43.8197,1,1,9,12,10
31,4849,126.57173,43.84509,1,1,8,6,8
31,949,126.58983,43.84042,1,1,8,11,16
53,75,126.5714,43.82172,1,1,10,1,8
53,75,126.56386,43.81707,1,1,9,6,9
31,4849,126.57282,43.84453,7,1,6,14,8
31,435,126.56309,43.86925,1,1,5,31,16
129,2945,126.51299,43.8134,1,1,10,1,8
31,949,126.5946,43.84185,14,1,9,2,7
31,3073,126.54864,43.86928,1,1,6,19,9
53,75,126.56393,43.81695,1,1,8,11,9
129,2925,126.51508,43.81518,1,1,6,9,9
129,2688,126.50409,43.80366,1,1,6,11,17
53,487,126.52495,43.80291,1,1,7,4,9
129,3458,126.55758,43.85007,1,1,5,17,10
129,1520,126.55414,43.85119,14,1,9,6,7
53,487,126.53571,43.80379,14,1,8,26,9
129,638,126.56142,43.83999,14,1,7,27,10
53,1103,126.56597,43.8321,14,1,7,24,8
31,949,126.59389,43.84016,1,1,5,18,15
129,638,126.55258,43.84316,7,1,8,1,9
129,2925,126.51777,43.83268,1,1,6,17,11
53,1103,126.57228,43.81124,1,1,8,16,15
129,2688,126.52698,43.82155,1,1,6,27,10
165,2709,126.57835,43.89538,14,1,5,31,8
129,2688,126.51818,43.82254,14,1,7,28,8
53,75,126.57084,43.82924,1,1,7,25,8
53,75,126.57194,43.82371,14,1,9,24,8
53,487,126.53338,43.80624,1,1,7,15,9
165,1656,126.55905,43.92116,14,1,9,8,13
31,435,126.55915,43.85961,14,1,5,17,7
129,161,126.54856,43.85216,14,1,6,17,13
129,638,126.54619,43.83738,1,1,6,30,10
129,2688,126.52127,43.8111,1,1,8,8,8
31,4849,126.58363,43.84273,1,1,9,25,8
129,2925,126.49056,43.81432,1,1,8,7,9
53,75,126.56934,43.83075,14,1,6,29,9
53,1103,126.57071,43.80652,1,1,8,27,15
53,487,126.52426,43.80082,1,1,7,29,8
31,4849,126.57471,43.85676,14,1,8,22,9
129,1520,126.56002,43.85343,1,1,10,15,8
129,638,126.55364,43.84376,14,1,7,8,8
129,638,126.55455,43.84019,1,1,7,2,9
53,1103,126.57121,43.80971,1,1,6,7,16
31,435,126.57681,43.87503,1,1,8,30,15
31,435,126.5593,43.87087,1,1,6,30,9
53,75,126.55391,43.8233,1,1,8,28,8
129,638,126.5555,43.84106,1,1,7,31,13
31,4849,126.57356,43.83804,0,1,9,28,8
31,949,126.5957,43.84546,14,1,6,13,8
31,4849,126.5832,43.843,1,1,9,23,7
165,1656,126.55255,43.90547,1,1,8,11,8
31,4849,126.57471,43.83945,1,1,5,30,15
53,4474,126.54512,43.81599,1,1,7,4,14
53,4474,126.55191,43.8076,14,1,7,14,10
53,4474,126.55761,43.80828,1,1,7,3,8
129,2665,126.54447,43.84292,1,1,8,18,8
53,1103,126.60486,43.828,1,1,8,13,9
31,949,126.59107,43.84141,1,1,6,8,13
129,2688,126.53316,43.82543,1,1,8,14,9
31,4849,126.57724,43.84553,14,1,9,26,7
53,4474,126.54276,43.81991,1,1,7,4,12
53,1103,126.60133,43.83071,1,1,7,25,9
31,152,126.56661,43.88523,14,1,6,3,14
53,75,126.56296,43.82599,14,1,5,30,17
31,949,126.59217,43.84108,1,1,9,4,8
31,949,126.59182,43.84704,1,1,9,13,7
53,1103,126.56979,43.80949,1,1,6,29,14
129,2665,126.54694,43.85204,14,1,8,30,7
53,1103,126.56703,43.80863,1,1,7,6,12
53,979,126.55355,43.80426,1,0,6,8,20
165,1656,126.57389,43.91765,4,1,8,22,8
53,75,126.54475,43.82443,1,1,9,28,8
129,638,126.54913,43.83993,14,1,7,23,9
53,487,126.59389,43.77898,14,1,8,12,14
129,638,126.55683,43.84047,1,1,7,21,8
53,75,126.56157,43.82496,10,1,6,19,9
53,75,126.57041,43.83012,1,1,8,16,9
53,1103,126.5924,43.83111,1,1,8,20,9
53,487,126.55277,43.78672,14,1,8,18,8
53,1103,126.57683,43.82705,1,1,8,13,9
31,4849,126.57486,43.85178,1,1,7,13,7
31,949,126.59112,43.86235,1,1,7,25,7
129,2688,126.52513,43.82001,1,1,7,1,8
31,4322,126.56288,43.88442,14,1,5,28,16
53,1103,126.5708,43.81309,1,1,7,27,13
31,4849,126.57124,43.84464,1,1,6,1,8
53,75,126.56986,43.81849,1,1,7,28,8
129,1520,126.56339,43.84623,14,1,9,23,8
165,1656,126.5681,43.89607,14,1,10,6,8
31,1558,126.53908,43.87019,1,1,9,11,12
129,2688,126.52033,43.81032,1,1,6,13,14
31,2398,126.56948,43.88154,1,1,10,2,8
129,638,126.54513,43.83675,1,1,6,12,9
129,2925,126.51305,43.81398,1,1,9,17,7
53,75,126.57833,43.82169,1,1,8,16,9
53,1103,126.57218,43.83086,14,1,9,2,8
31,949,126.59238,43.86047,1,0,5,27,13
53,75,126.56662,43.83087,3,1,6,12,8
129,2688,126.51026,43.81215,1,1,6,11,17
53,1103,126.57139,43.81305,1,1,7,4,14
53,4474,126.55751,43.80069,1,1,8,10,8
53,2452,126.54671,43.79362,14,1,6,4,9
129,2688,126.51689,43.82533,1,1,8,8,15
129,2925,126.51296,43.81397,1,1,9,14,8
129,638,126.54537,43.83916,14,1,7,21,8
53,487,126.58512,43.78236,1,1,8,31,8
53,487,126.5534,43.78781,14,1,8,16,9
129,2688,126.52157,43.81701,1,1,6,6,12
53,1103,126.60244,43.82949,1,1,6,17,10
129,638,126.54891,43.84487,14,1,7,20,8
129,2688,126.51699,43.81564,1,1,8,18,8
53,1103,126.59926,43.82689,14,1,6,19,10
129,1520,126.55846,43.84898,14,1,10,8,8
31,4849,126.56799,43.84956,7,1,8,10,13
53,75,126.57353,43.82741,1,1,8,30,8
31,949,126.58961,43.84061,1,1,8,10,7
31,4849,126.57316,43.85444,1,1,6,3,7
129,2925,126.5192,43.82715,1,1,6,4,11
129,2925,126.51874,43.82056,1,1,7,14,8
53,75,126.56624,43.83051,1,1,5,29,15
31,4849,126.572,43.83904,1,1,5,29,14
53,1103,126.60505,43.82792,1,1,9,16,9
129,2688,126.51836,43.82279,14,1,7,31,13
53,4474,126.55084,43.80506,1,1,9,2,8
129,2688,126.52293,43.81489,1,1,7,22,8
129,638,126.54623,43.83735,1,1,6,8,9
31,4849,126.57194,43.83907,1,1,9,2,8
53,75,126.57051,43.82291,14,1,6,4,14
31,949,126.59272,43.85576,14,1,8,26,8
53,75,126.57732,43.82089,14,1,9,4,15
31,4849,126.56984,43.85005,14,0,9,3,14
129,2925,126.52353,43.83656,1,1,9,19,8
53,487,126.52637,43.79967,14,1,9,26,8
31,4849,126.57408,43.83911,1,1,9,27,8
165,1656,126.55174,43.90742,14,1,9,28,9
165,2709,126.57275,43.91213,14,1,7,15,8
53,4474,126.55095,43.80501,1,1,9,7,8
129,1520,126.54885,43.84652,1,1,9,7,7
129,2688,126.51688,43.81183,1,1,8,14,9
53,75,126.56823,43.82449,1,1,8,10,8
129,2925,126.5225,43.82341,14,1,7,11,9
129,2688,126.51633,43.81014,1,1,10,1,7
53,75,126.56285,43.83228,14,1,7,10,8
129,2688,126.53064,43.82779,1,1,7,30,15
31,4849,126.57473,43.84175,14,1,8,23,9
129,638,126.5487,43.84602,1,1,7,28,8
31,949,126.58907,43.84372,1,1,9,3,8
165,1656,126.56301,43.92139,1,1,7,10,8
129,1520,126.5516,43.84728,14,1,10,13,8
53,1103,126.56545,43.83145,14,1,8,14,9
53,2289,126.57276,43.80994,1,1,5,29,13
129,2925,126.5188,43.8315,1,1,9,4,9
53,1103,126.57845,43.82942,1,1,9,4,12
129,1520,126.54944,43.84988,14,1,10,8,8
53,75,126.55158,43.82249,14,1,8,26,9
31,435,126.55273,43.87213,1,1,8,13,7
53,487,126.53691,43.80623,1,1,5,29,16
129,2925,126.51903,43.8245,14,1,7,2,9
165,1656,126.56169,43.92823,14,0,6,13,8
53,1103,126.57948,43.82898,1,1,9,24,8
31,949,126.59102,43.85311,1,1,7,11,7
53,1103,126.57039,43.81041,1,1,7,17,14
31,4849,126.58419,43.83881,1,1,6,28,8
31,2208,126.54396,43.87566,1,1,5,30,13
129,2925,126.51861,43.83262,1,1,9,16,9
129,2925,126.51543,43.83166,1,1,8,13,8
129,1520,126.54889,43.85207,14,1,9,14,8
53,1103,126.57204,43.83072,14,1,8,15,10
165,3156,126.54846,43.91144,1,1,6,19,10
31,435,126.5614,43.86294,1,1,7,9,8
53,75,126.55978,43.83341,1,1,9,6,8
53,487,126.59331,43.77795,14,1,8,12,14
53,75,126.57013,43.81897,1,1,5,30,14
165,1656,126.54976,43.90646,1,1,8,28,8
53,1103,126.57373,43.83127,1,1,9,29,9
53,1103,126.57367,43.83118,1,1,9,30,9
129,2688,126.5317,43.82156,1,1,7,3,8
31,4849,126.5729,43.83903,1,1,5,20,8
165,1656,126.57331,43.91807,1,1,8,11,9
165,3156,126.54876,43.91138,1,0,5,29,10
129,2665,126.56324,43.8493,0,1,8,22,9
53,75,126.57205,43.82185,1,1,5,22,9
53,4474,126.55333,43.81993,7,1,9,19,9
165,3156,126.541,43.9185,14,1,5,18,10
53,4474,126.55554,43.80557,1,1,9,8,9
31,4849,126.57552,43.85222,1,1,7,24,7
31,1558,126.57427,43.88532,14,1,8,31,9
53,979,126.55175,43.81749,14,1,6,3,8
129,2688,126.51937,43.8103,1,1,6,19,15
53,75,126.57886,43.82212,14,1,7,14,15
53,4474,126.55885,43.80161,1,1,9,2,8
53,487,126.58532,43.78072,14,1,9,11,8
53,487,126.54108,43.79211,14,1,8,21,8
165,3156,126.55491,43.89968,1,1,6,24,11
31,949,126.59371,43.83972,1,1,6,6,13
31,4849,126.57413,43.84225,14,1,5,17,9
53,2615,126.55187,43.80459,1,1,6,13,9
31,435,126.56192,43.86974,1,1,9,8,8
129,2925,126.51021,43.82234,1,1,8,11,10
31,435,126.55271,43.87222,1,1,6,18,13
165,1656,126.55081,43.91195,1,1,8,26,8
53,1103,126.57269,43.80865,1,1,7,30,13
53,4474,126.55773,43.80853,1,1,8,31,8
53,75,126.57307,43.81979,1,1,9,25,8
129,2688,126.51788,43.82379,4,1,6,30,15
53,1103,126.5762,43.8274,1,1,9,5,11
53,75,126.56397,43.81588,1,1,9,6,9
129,1520,126.54376,43.84174,10,1,10,17,8
53,487,126.53094,43.80582,1,1,8,27,8
129,2665,126.56428,43.84531,14,1,8,22,9
31,4849,126.57642,43.85114,1,1,7,20,7
53,75,126.55549,43.83304,1,1,8,31,8
129,161,126.54436,43.84919,1,1,6,19,19
31,435,126.55395,43.87252,1,1,6,15,7
53,75,126.57613,43.82163,1,1,9,17,8
165,1656,126.57373,43.91769,4,1,7,31,9
165,3156,126.55215,43.91367,14,0,7,5,9
53,487,126.53604,43.8067,1,1,8,31,8
53,1103,126.56984,43.83215,1,1,6,29,9
129,2925,126.51728,43.83086,1,1,6,11,10
129,638,126.5419,43.84517,1,1,7,12,8
165,1656,126.54689,43.90896,1,1,10,2,14
53,75,126.56711,43.82302,1,1,6,1,14
129,2688,126.51709,43.8177,1,1,7,11,8
53,1103,126.56695,43.83255,14,1,9,9,10
129,638,126.54612,43.83973,12,1,7,30,10
53,75,126.56399,43.81573,1,1,8,17,8
53,75,126.56574,43.82953,7,1,6,10,8
129,2925,126.52297,43.82271,14,1,8,27,7
129,2665,126.56597,43.85663,1,1,8,17,8
53,75,126.54556,43.82618,1,1,6,17,10
129,638,126.5529,43.83945,14,1,7,1,9
165,2709,126.56708,43.92683,14,1,7,17,9
31,1558,126.57453,43.88759,1,1,9,6,9
129,638,126.56448,43.8431,14,1,6,28,10
129,2925,126.51324,43.83252,1,1,9,19,8
165,1656,126.55109,43.90933,1,1,5,20,11
31,435,126.55177,43.87341,1,1,5,31,18
165,1656,126.57698,43.91489,14,1,9,21,9
129,2688,126.53191,43.8213,1,1,9,11,8
31,435,126.55288,43.87222,1,1,7,5,7
165,1656,126.55152,43.905,1,1,9,1,8
53,75,126.56976,43.81832,1,1,9,21,9
31,4849,126.56816,43.8534,14,1,9,12,8
53,75,126.54823,43.82897,1,1,9,20,8
53,75,126.56512,43.82567,1,1,5,17,8
31,4849,126.57252,43.84494,1,1,9,4,8
165,1656,126.5661,43.92736,14,1,7,29,8
165,3156,126.54702,43.91016,1,0,6,19,10
129,2688,126.51148,43.81784,1,1,7,11,8
31,4849,126.57694,43.84109,1,1,8,13,8
129,2925,126.51918,43.82719,1,1,6,13,9
31,435,126.55566,43.86231,14,1,5,31,9
53,1103,126.57083,43.80921,1,1,7,25,13
53,75,126.57383,43.82671,1,1,8,31,9
53,1103,126.57239,43.80687,1,1,6,1,15
31,4849,126.57202,43.83929,1,1,8,27,10
53,1103,126.57123,43.83093,14,1,7,23,9
31,435,126.55274,43.87224,1,1,6,1,13
129,1520,126.56426,43.84755,7,1,9,6,7
129,638,126.54556,43.83685,1,1,7,19,8
129,2688,126.504,43.80363,1,1,6,30,15
129,2688,126.52266,43.81783,1,1,6,13,14
129,2688,126.52286,43.81668,1,1,7,16,8
31,3073,126.53789,43.87124,1,1,6,6,9
31,4849,126.57414,43.85184,14,1,5,18,15
53,75,126.54724,43.82331,14,1,7,21,8
129,2665,126.54852,43.84748,1,1,8,19,8
53,4474,126.55675,43.81068,14,1,9,4,9
31,435,126.54994,43.87217,1,1,8,30,9
31,949,126.59223,43.84765,1,1,8,14,8
31,435,126.55896,43.86483,7,1,6,1,7
53,487,126.55347,43.7878,14,1,9,22,9
53,1103,126.57853,43.82988,1,1,8,23,10
53,75,126.57374,43.82035,1,1,6,29,13
165,1656,126.57059,43.93036,1,1,9,20,8
165,1656,126.54943,43.90445,1,1,9,11,16
53,75,126.55279,43.82593,1,1,7,27,8
31,4114,126.54009,43.86855,1,1,6,19,8
129,2688,126.50441,43.8018,1,1,9,16,9
31,4849,126.57431,43.83843,14,1,6,28,8
129,1520,126.54212,43.85022,1,1,10,12,10
129,2688,126.51698,43.81186,1,1,9,18,9
31,2398,126.57068,43.88752,14,1,10,2,8
53,4474,126.54534,43.81947,14,1,9,16,8
129,2925,126.50891,43.82329,4,1,8,12,9
53,1103,126.59927,43.82686,14,1,7,15,10
129,2925,126.51636,43.81355,1,1,6,12,9
53,1103,126.56995,43.80821,1,1,5,28,20
53,487,126.57708,43.77831,1,1,8,4,8
53,1103,126.56979,43.80379,1,1,8,12,15
53,487,126.54246,43.79143,14,1,7,6,8
129,2925,126.51527,43.81381,1,1,7,21,8
129,2925,126.50599,43.81693,1,1,8,11,10
31,949,126.59797,43.8459,3,1,9,11,8
31,4849,126.57937,43.84495,1,1,7,5,7
129,638,126.56158,43.84019,1,1,6,8,9
53,75,126.57078,43.82999,1,1,5,29,15
31,435,126.54951,43.86031,3,1,9,9,8
129,2688,126.52885,43.82317,1,1,9,7,7
31,4849,126.57481,43.84215,14,1,5,16,9
129,2688,126.53271,43.82472,1,1,9,16,9
165,3156,126.54732,43.91344,1,1,8,7,10
53,1103,126.57948,43.82974,1,1,8,2,10
165,1656,126.5546,43.91248,1,1,9,1,8
53,487,126.55393,43.79022,0,1,8,10,8
53,1103,126.5717,43.80669,1,1,7,19,12
53,75,126.55469,43.82475,1,1,8,26,9
31,949,126.59224,43.84519,1,1,8,8,8
129,2925,126.51687,43.8196,14,1,6,9,9
129,161,126.5564,43.85332,1,1,6,13,10
31,1558,126.53903,43.87025,1,1,9,6,12
31,435,126.56174,43.87048,1,1,6,13,8
53,487,126.54995,43.78772,14,1,6,23,18
129,2688,126.52992,43.81933,1,1,9,1,7
165,1656,126.54417,43.91405,1,1,9,25,9
53,75,126.54783,43.82611,1,1,8,21,8
53,75,126.57833,43.82166,1,1,8,11,9
53,75,126.57396,43.82196,1,1,9,22,9
31,435,126.56201,43.86933,1,1,8,23,8
129,2925,126.51885,43.83149,1,1,8,18,8
53,1103,126.6049,43.82797,1,1,9,19,9
53,1103,126.56687,43.83235,14,1,7,25,9
129,2688,126.52022,43.82101,1,1,8,4,9
53,1103,126.56675,43.83248,14,1,7,27,9
53,1103,126.57501,43.82905,3,1,6,29,9
129,2688,126.5281,43.82471,1,1,8,12,9
53,1103,126.56605,43.83219,14,1,5,28,13
129,638,126.56448,43.84925,7,1,7,28,8
129,638,126.54626,43.83744,1,1,7,25,8
129,2688,126.53239,43.82391,1,1,9,6,8
53,75,126.56802,43.82792,1,1,7,17,8
165,1656,126.5644,43.9103,7,1,7,19,8
31,4849,126.57196,43.85245,14,1,5,19,15
31,435,126.56184,43.86846,1,1,8,13,7
129,2688,126.53184,43.82536,1,1,7,21,8
53,1756,126.58978,43.82485,14,1,6,1,15
129,2925,126.51759,43.82687,1,1,8,2,9
53,487,126.54833,43.79269,14,1,8,4,8
31,4849,126.57462,43.83786,0,1,9,20,8
129,2665,126.56605,43.85701,1,1,8,28,7
53,1177,126.60404,43.78651,1,1,6,8,7
53,487,126.52299,43.80042,1,1,8,10,8
53,1103,126.59835,43.8342,1,1,9,25,9
53,1103,126.57743,43.82966,1,1,9,29,9
129,87,126.55774,43.84253,1,1,10,12,10
31,435,126.56196,43.86769,1,1,8,28,9
31,435,126.56215,43.86339,1,1,6,16,7
31,949,126.58972,43.84077,1,1,8,1,10
31,4849,126.57174,43.84509,1,1,8,3,7
31,4849,126.57715,43.83961,14,1,5,31,15
31,435,126.56028,43.87215,1,1,8,3,8
129,2688,126.53131,43.82845,14,1,6,12,10
129,638,126.55418,43.83922,1,1,7,15,8
129,2688,126.51401,43.80798,1,1,9,12,8
53,1103,126.59921,43.82673,14,1,6,18,9
129,1520,126.56476,43.84892,7,1,9,21,7
129,2688,126.52048,43.81627,1,1,8,9,9
53,75,126.56118,43.82521,10,1,9,1,9
129,2925,126.51602,43.81617,1,1,9,25,8
129,2688,126.52798,43.81491,1,1,8,31,7
31,435,126.55289,43.8719,1,1,7,12,7
129,3458,126.54405,43.85047,1,1,5,16,11
129,2925,126.52053,43.82853,14,1,8,22,9
53,2060,126.54997,43.82088,14,1,6,1,8
31,435,126.56216,43.86388,1,1,8,24,8
31,949,126.5871,43.85966,1,1,7,7,7
53,75,126.57478,43.81939,1,1,5,19,12
31,435,126.55878,43.87167,1,1,6,19,7
165,1656,126.55423,43.90838,1,1,9,17,8
53,75,126.55046,43.82633,1,1,8,9,8
129,2688,126.51498,43.80963,1,1,7,17,14
53,75,126.5631,43.82804,13,1,6,13,8
53,1103,126.56987,43.80831,1,1,9,18,13
165,1656,126.57004,43.90411,1,1,5,28,15
129,2925,126.52335,43.83668,1,1,7,9,9
31,4849,126.58205,43.84288,1,1,7,24,7
129,2688,126.52612,43.82004,1,1,8,3,8
53,487,126.58506,43.78234,1,1,9,24,9
31,3073,126.54919,43.86832,1,1,6,17,11
129,2925,126.51557,43.81302,1,1,9,18,9
129,2688,126.51669,43.80643,1,1,9,19,8
31,435,126.55098,43.86012,1,1,8,16,7
31,949,126.59116,43.86217,1,1,9,5,8
53,4474,126.54518,43.8159,1,1,7,6,8
165,1656,126.55134,43.91062,14,1,9,10,9
53,1103,126.5726,43.81281,1,1,5,16,11
31,435,126.56899,43.87092,1,1,10,2,8
129,2688,126.51264,43.81885,14,1,8,25,8
31,4849,126.56815,43.83925,13,1,5,28,8
53,4474,126.54811,43.81775,1,1,9,23,9
31,4849,126.56967,43.83917,1,1,7,4,8
31,949,126.58884,43.83916,1,1,5,21,8
129,2688,126.52699,43.81502,1,1,7,27,9
129,2688,126.52026,43.80996,1,1,8,3,8
129,638,126.54319,43.84096,3,1,7,22,9
165,2709,126.56208,43.90737,1,1,9,3,8
53,1103,126.60334,43.82886,1,1,9,27,9
31,4849,126.57891,43.84236,1,1,8,8,8
129,2665,126.55329,43.84637,1,1,8,10,8
53,75,126.57019,43.82359,1,1,6,9,9
53,75,126.56928,43.81579,1,1,9,19,8
129,2688,126.52803,43.82426,1,1,6,13,14
31,435,126.55053,43.86103,1,1,9,13,7
165,1656,126.57847,43.91642,14,1,8,8,9
53,4474,126.54962,43.8154,1,1,8,22,8
165,1656,126.5643,43.92271,14,1,8,30,9
129,2925,126.51661,43.82579,1,1,7,24,8
129,2925,126.51214,43.83225,1,1,6,30,9
53,4474,126.55933,43.8186,14,1,9,16,14
31,949,126.59482,43.85103,1,1,5,30,8
31,435,126.55014,43.87443,1,1,6,29,14
31,949,126.58864,43.85483,14,1,9,21,9
129,638,126.56045,43.84229,4,1,6,9,9
53,1103,126.5611,43.80831,0,1,7,29,14
53,487,126.53568,43.80801,1,1,8,12,9
31,949,126.58743,43.84241,1,1,7,22,7
165,1656,126.55333,43.91325,14,1,9,25,9
31,4849,126.58035,43.84142,1,1,6,10,9
129,2688,126.53205,43.8212,1,1,9,1,7
53,75,126.55428,43.82455,1,1,8,5,8
31,4849,126.57544,43.84211,1,1,7,25,7
129,2925,126.52257,43.82344,14,1,9,21,8
129,2688,126.52341,43.82097,14,1,7,18,8
129,2688,126.51693,43.81189,1,1,9,21,7
31,949,126.5939,43.84004,1,1,6,19,13
129,2688,126.53254,43.82463,1,1,9,8,7
53,75,126.56539,43.8222,1,1,5,30,9
53,75,126.56501,43.81989,14,1,7,26,8
31,3073,126.55433,43.86737,1,1,5,30,14
31,949,126.58711,43.8625,1,1,5,29,7
165,1656,126.5511,43.90949,1,1,6,18,18
31,4849,126.569,43.85022,7,1,8,5,14
165,1656,126.54049,43.91548,14,1,10,15,9
31,4849,126.57183,43.84156,1,1,5,17,9
129,2925,126.5019,43.82,14,1,7,22,8
31,4849,126.57869,43.84262,1,1,7,11,7
31,435,126.55188,43.87345,1,1,8,14,8
53,75,126.56795,43.82343,1,1,7,25,8
53,979,126.55443,43.81758,14,1,6,9,8
53,75,126.56506,43.81907,14,1,8,15,9
53,4474,126.5534,43.81996,7,1,8,21,9
53,4474,126.55595,43.8198,14,1,9,25,8
129,1520,126.55034,43.85294,14,1,9,2,7
129,2925,126.50557,43.82876,14,1,8,2,9
129,2925,126.51659,43.81467,1,1,6,28,11
129,2665,126.561,43.85716,1,1,8,13,10
53,75,126.57121,43.82532,1,1,7,2,8
129,2302,126.5399,43.84968,1,1,7,11,12
31,435,126.56443,43.86332,1,1,8,8,8
31,949,126.58961,43.86286,1,1,9,22,7
53,75,126.55758,43.83294,1,1,8,21,8
129,638,126.55829,43.84229,1,1,7,13,8
53,1103,126.60099,43.83097,1,1,7,29,10
129,2925,126.52675,43.8359,14,1,8,11,10
165,1656,126.5527,43.91158,1,1,8,6,12
31,2208,126.54009,43.87394,14,1,6,6,12
53,1103,126.59997,43.82407,14,1,8,20,9
31,4849,126.5788,43.8436,1,1,7,15,8
53,4474,126.54241,43.8204,1,1,7,16,8
31,435,126.56234,43.86879,1,1,5,30,8
53,4474,126.55442,43.80393,1,1,9,1,9
31,4849,126.57004,43.85063,7,1,6,7,14
53,4474,126.55462,43.81272,1,1,8,22,8
53,1103,126.57863,43.82661,1,1,6,13,9
129,87,126.55767,43.84046,1,1,10,14,8
129,638,126.54436,43.84453,14,1,7,14,9
31,4849,126.57871,43.84125,1,1,6,8,9
53,1103,126.56671,43.83245,14,1,8,12,9
53,4474,126.55865,43.80838,1,1,8,30,8
129,2688,126.51573,43.80783,1,1,7,27,9
31,435,126.55284,43.87217,1,1,5,20,14
53,4474,126.5542,43.80489,1,1,7,27,8
31,1558,126.57813,43.88537,1,1,9,10,8
53,4474,126.55706,43.81358,1,1,7,10,14
53,75,126.56913,43.82863,1,1,7,9,7
129,2925,126.52674,43.83596,14,1,6,15,9
129,2665,126.55939,43.85284,1,1,8,12,9
129,1520,126.54499,43.84851,1,1,10,5,13
129,638,126.55477,43.83917,1,1,7,20,8
165,3156,126.54582,43.91139,1,1,7,7,10
129,638,126.55306,43.8388,1,1,7,14,9
165,1656,126.54513,43.91023,1,1,8,8,9
53,1103,126.57044,43.83199,1,1,7,18,9
53,75,126.55095,43.83044,1,1,8,19,9
31,435,126.56355,43.86643,1,1,5,30,8
165,1656,126.55602,43.91399,1,1,5,25,10
129,2688,126.51549,43.80736,1,1,8,9,9
129,1520,126.56336,43.85644,14,1,9,16,9
53,75,126.54791,43.82941,1,1,9,14,9
129,2688,126.53424,43.82879,1,1,6,15,9
31,4849,126.57585,43.83926,1,1,9,15,7
53,4474,126.55284,43.82038,7,1,9,29,8
129,2688,126.52718,43.82188,1,1,9,11,16
129,2665,126.54218,43.84228,3,1,8,14,9
31,4849,126.58013,43.84095,1,1,6,6,14
129,638,126.56262,43.84116,14,1,7,20,8
53,75,126.55133,43.82349,14,1,8,3,8
53,487,126.54232,43.79131,14,1,7,12,7
31,4849,126.57866,43.84497,14,1,7,1,7
31,949,126.58804,43.84731,1,1,7,3,7
31,949,126.5871,43.8406,14,1,7,7,7
129,2688,126.52833,43.82468,1,1,9,8,7
53,218,126.60363,43.83456,4,0,10,1,9
53,487,126.54544,43.79334,14,1,5,17,8
129,2688,126.52701,43.81596,1,1,8,13,8
165,1656,126.54146,43.91837,14,1,10,3,10
129,1520,126.54997,43.84937,14,1,10,15,8
129,638,126.54097,43.84526,1,1,6,27,15
31,4849,126.56722,43.84696,7,1,9,23,7
165,1656,126.55077,43.90438,1,0,6,8,8
165,3156,126.55081,43.90854,14,1,7,16,8
53,4474,126.5548,43.80949,10,1,9,23,9
31,4849,126.57181,43.83943,1,1,8,13,8
31,4114,126.54207,43.86844,1,1,6,19,8
53,75,126.56402,43.82456,12,1,6,28,13
129,1520,126.55859,43.84999,1,1,10,13,8
53,75,126.54814,43.82892,1,1,9,28,8
129,2688,126.52543,43.8199,1,1,9,24,8
53,487,126.5513,43.78674,14,1,8,12,14
129,2688,126.51245,43.83298,1,1,7,7,9
129,1520,126.55367,43.85362,1,1,9,15,8
53,1103,126.57262,43.81061,1,1,9,2,16
31,949,126.59246,43.84451,1,1,7,3,7
53,75,126.55968,43.83336,1,1,9,21,9
53,75,126.55319,43.83051,1,1,8,25,8
31,435,126.56356,43.86076,1,1,5,24,8
53,1756,126.59157,43.82384,14,1,6,17,9
53,1103,126.57315,43.81247,1,1,9,20,13
31,4849,126.5755,43.85149,1,1,9,16,9
129,2688,126.5326,43.82468,1,1,8,10,12
53,487,126.5422,43.79231,14,1,8,13,9
31,949,126.59386,43.84013,1,1,9,14,7
129,1520,126.56437,43.84743,7,1,9,4,9
165,1656,126.57411,43.93016,1,1,8,16,10
53,4474,126.55641,43.81529,14,1,9,16,14
31,435,126.55287,43.87182,1,1,7,24,8
53,75,126.56187,43.82631,1,1,8,15,8
31,4849,126.57707,43.83976,14,1,6,30,9
31,435,126.56247,43.8655,1,1,5,31,9
53,75,126.56564,43.822,1,1,8,30,8
165,1656,126.59737,43.8908,1,0,5,23,9
31,4849,126.57362,43.84716,14,1,5,30,15
31,4849,126.56727,43.84689,7,1,6,3,16
31,4849,126.57186,43.83931,1,1,8,11,8
129,2688,126.50399,43.80276,1,1,8,1,8
31,949,126.58968,43.86284,1,1,8,13,7
165,3156,126.54564,43.91689,1,1,7,25,9
129,638,126.54759,43.84116,14,1,7,15,8
31,4849,126.56729,43.8469,7,1,7,15,8
31,949,126.58701,43.8637,1,1,8,13,7
31,949,126.59022,43.85038,1,1,7,19,7
53,4474,126.55543,43.80661,1,1,7,8,8
129,2688,126.53455,43.82731,1,1,8,30,7
31,435,126.5636,43.86146,1,1,7,28,7
53,75,126.57877,43.82218,14,1,8,22,9
129,2688,126.52914,43.82019,1,1,7,24,8
31,949,126.58972,43.85737,1,1,7,25,7
129,638,126.54174,43.84569,1,1,7,3,9
165,1656,126.55088,43.90225,14,1,9,16,9
129,3442,126.54915,43.84878,14,1,7,3,9
53,75,126.55641,43.8236,10,1,7,21,8
53,75,126.54787,43.82605,14,1,8,23,8
53,487,126.52411,43.79851,1,1,5,28,15
129,3458,126.51134,43.80856,1,1,6,1,8
165,1656,126.54586,43.91128,1,1,8,21,15
165,1656,126.53102,43.92937,14,1,7,23,8
31,4849,126.56719,43.84848,14,1,6,17,13
31,949,126.5917,43.84068,1,1,8,8,8
31,435,126.55703,43.87103,1,1,7,22,7
165,1656,126.54295,43.91133,14,0,6,6,9
31,4849,126.57432,43.83967,1,1,8,21,9
129,2925,126.51408,43.81399,1,1,9,15,8
129,2688,126.52299,43.82678,1,1,8,12,15
31,949,126.59406,43.86147,14,1,7,8,8
53,75,126.57663,43.82508,1,1,9,3,8
53,1103,126.60132,43.8337,1,1,8,31,8
129,2925,126.51685,43.82543,1,1,9,15,8
31,949,126.59067,43.84794,1,1,7,24,7
31,435,126.55273,43.87214,1,1,9,15,8
129,2688,126.52546,43.81995,1,1,8,28,8
165,1656,126.57869,43.91669,14,1,9,13,9
129,2688,126.51702,43.8094,1,1,7,28,8
31,435,126.56142,43.86294,1,1,9,13,7
129,2688,126.52971,43.82407,1,1,8,11,11
129,1520,126.56435,43.84749,7,1,10,8,8
165,3156,126.55492,43.8997,1,1,5,17,11
129,2925,126.51663,43.82588,1,1,8,31,7
129,2925,126.52338,43.83661,1,1,6,10,9
129,2925,126.51142,43.8332,1,1,8,3,8
129,2688,126.53264,43.82439,1,1,9,27,9
129,2688,126.51441,43.80853,1,1,8,11,11
31,4849,126.57831,43.84743,1,1,9,13,7
165,3156,126.54595,43.90851,1,0,6,28,8
53,487,126.53231,43.80676,1,1,8,9,8
31,435,126.56046,43.8716,1,1,9,14,7
53,487,126.57644,43.7802,1,1,8,25,8
129,2688,126.51688,43.81604,1,1,7,14,17
129,2688,126.52014,43.80843,1,1,6,27,15
53,1177,126.59524,43.7869,14,1,6,7,9
129,638,126.56375,43.84319,0,1,7,15,8
165,3156,126.55639,43.91509,1,1,7,18,8
129,2688,126.53018,43.82643,1,1,9,6,8
31,4849,126.56972,43.84714,14,1,8,21,9
129,638,126.55894,43.84014,1,1,6,25,11
31,4849,126.56739,43.84694,7,1,8,20,8
53,487,126.57714,43.77912,1,1,5,30,14
129,1520,126.56123,43.8454,14,1,9,10,8
31,4849,126.57333,43.83956,1,1,7,24,7
165,290,126.5513,43.91296,1,1,9,21,9
53,75,126.5681,43.82816,1,1,9,25,8
165,3156,126.55262,43.90117,0,0,6,6,9
165,1656,126.55433,43.90828,1,1,9,13,9
129,1520,126.55356,43.85083,14,1,9,6,7
53,75,126.55584,43.83302,1,1,6,27,8
129,2688,126.52036,43.81021,1,1,9,29,8
129,2688,126.52819,43.81784,14,1,8,13,8
129,2925,126.51606,43.83246,1,1,5,29,9
53,4474,126.5452,43.81174,1,1,8,14,8
31,4849,126.58504,43.84412,14,1,9,1,9
129,1520,126.56453,43.85708,14,1,9,24,8
31,949,126.5959,43.84308,14,1,8,13,7
129,2688,126.52031,43.81008,1,1,8,11,8
129,2688,126.51221,43.80776,1,1,9,15,9
31,4849,126.57337,43.84032,1,1,7,5,7
53,75,126.56863,43.81271,1,1,7,11,7
53,1103,126.57074,43.80606,1,1,9,6,15
129,2665,126.55463,43.84959,1,1,8,19,8
31,949,126.59016,43.84717,1,1,6,10,8
53,487,126.53574,43.80368,14,1,7,17,8
53,4474,126.54523,43.81179,1,1,9,16,8
53,1103,126.60054,43.826,14,1,9,4,9
31,949,126.5935,43.84163,14,1,5,21,8
129,2688,126.52886,43.82063,1,1,9,15,8
53,75,126.55158,43.82234,14,1,8,27,8
53,1103,126.57631,43.82851,1,1,8,5,9
31,4849,126.57277,43.83954,1,1,6,5,9
129,2688,126.5293,43.82569,1,1,8,12,14
31,4849,126.56701,43.85178,12,1,5,24,9
129,1520,126.56083,43.84844,14,1,10,17,8
129,2688,126.51859,43.81674,14,1,8,30,8
31,2208,126.54642,43.8751,1,1,6,4,17
129,1520,126.54047,43.84284,1,1,9,19,8
129,2688,126.51669,43.81142,1,1,7,27,9
129,1520,126.55229,43.84808,1,1,9,24,8
31,949,126.5892,43.84967,1,1,8,28,8
31,4849,126.58444,43.83922,1,1,8,29,13
31,949,126.58786,43.84895,1,1,8,8,8
53,4474,126.55459,43.81787,14,1,8,24,8
31,2208,126.54331,43.86287,1,1,6,5,14
53,4474,126.55408,43.82225,14,1,8,17,8
53,487,126.52181,43.80258,1,1,9,21,9
53,75,126.57678,43.82582,1,1,6,17,14
129,2688,126.53153,43.82021,1,1,9,19,8
31,4849,126.57134,43.8434,1,1,7,24,7
129,2688,126.5169,43.81172,1,1,9,10,8
31,435,126.55878,43.87159,1,1,9,23,7
165,1656,126.55384,43.91174,1,0,6,2,14
53,75,126.56666,43.82909,1,1,8,29,9
129,2665,126.55007,43.85269,14,1,8,7,9
31,949,126.59101,43.84125,1,1,10,2,8
165,1656,126.56639,43.92168,14,1,9,1,8
129,1520,126.56229,43.84599,14,1,9,2,7
53,1103,126.5779,43.82953,1,1,8,27,9
53,1103,126.56988,43.83229,1,1,9,12,10
31,4849,126.57663,43.84522,1,1,7,10,7
129,2688,126.51768,43.80984,1,1,7,7,14
129,2925,126.5165,43.8188,1,1,6,15,9
53,1103,126.57958,43.82931,1,1,7,27,9
165,3156,126.54886,43.9114,1,0,6,6,9
165,3156,126.54571,43.91047,1,0,6,27,9
53,487,126.52382,43.80339,1,1,6,12,9
165,290,126.55188,43.90968,1,1,9,9,9
31,435,126.56009,43.86712,14,1,9,17,8
31,4849,126.57968,43.84124,1,1,7,4,8
31,435,126.55986,43.87194,1,1,6,25,12
31,435,126.56065,43.86874,1,1,5,30,8
129,3853,126.47515,43.94376,1,1,6,8,15
53,4474,126.55311,43.81872,14,1,8,17,8
53,75,126.57735,43.81876,14,1,7,20,8
53,1103,126.58973,43.83039,1,1,8,19,10
31,1558,126.57693,43.85007,1,1,10,14,8
31,4322,126.54706,43.87714,1,1,5,28,8
53,75,126.56621,43.82898,1,1,6,15,8
129,2688,126.51724,43.80805,1,1,7,30,10
165,3156,126.5519,43.90159,14,1,6,29,9
31,4849,126.57461,43.85492,1,1,8,27,10
31,4849,126.57308,43.8463,1,1,5,31,9
165,1656,126.57262,43.92975,1,1,6,30,11
31,4849,126.58342,43.83995,1,1,7,27,8
53,487,126.59354,43.77846,14,1,9,27,8
53,4474,126.54284,43.81646,1,1,9,1,9
129,87,126.54731,43.83826,3,1,10,5,8
129,2665,126.56586,43.85662,1,1,8,24,7
53,75,126.54481,43.82443,1,1,8,12,9
165,1656,126.54363,43.91429,1,1,8,24,9
129,2688,126.51806,43.81578,14,1,8,12,8
165,1656,126.56687,43.93877,14,1,7,13,9
53,4474,126.55586,43.80832,1,1,9,18,8
165,1656,126.6672,44.1925,14,1,9,26,8
31,4849,126.5823,43.84593,14,1,7,15,8
53,487,126.59399,43.77809,14,1,5,17,8
31,949,126.59242,43.86253,1,1,7,19,7
129,2688,126.53275,43.8225,1,1,6,27,9
31,4849,126.57548,43.83906,1,1,8,10,7
53,75,126.55452,43.82473,1,1,8,21,9
165,3156,126.54638,43.91254,1,0,6,5,10
53,1103,126.57251,43.81292,1,1,8,8,13
53,487,126.5467,43.79357,14,1,8,9,8
31,949,126.59014,43.84765,1,1,9,1,9
129,588,126.51157,43.82295,14,1,5,16,11
129,1520,126.56376,43.85657,14,1,10,8,8
31,4609,126.55082,43.8601,1,1,6,17,8
129,2925,126.51953,43.81916,1,1,9,6,7
165,1656,126.61639,43.8926,14,1,10,17,9
53,75,126.57025,43.82429,1,1,8,21,9
53,75,126.56998,43.8181,1,1,9,25,8
53,1103,126.57123,43.8098,1,1,6,15,14
165,1656,126.54913,43.9067,1,1,9,3,9
53,1103,126.57076,43.80651,1,1,8,11,15
165,1656,126.54577,43.91031,1,1,8,25,9
53,1103,126.57073,43.80608,1,1,8,19,14
165,3156,126.54877,43.90778,1,0,5,27,10
31,1558,126.53996,43.86849,1,1,9,11,12
31,4849,126.56856,43.84182,14,1,8,24,9
129,1520,126.54414,43.84415,1,1,10,11,8
53,1103,126.56949,43.81,1,1,6,27,16
53,75,126.5684,43.81505,1,1,6,1,19
165,3156,126.54546,43.91097,1,0,6,2,9
53,75,126.54557,43.82613,1,1,6,7,8
129,638,126.55936,43.84154,1,1,7,19,9
53,1103,126.57949,43.8294,1,1,7,29,10
129,1520,126.5612,43.84535,14,1,9,7,7
31,949,126.59182,43.84686,1,1,9,7,8
129,1520,126.5639,43.85768,7,1,9,3,7
165,1656,126.55725,43.91113,3,1,7,6,9
129,2665,126.53645,43.84855,1,1,8,10,8
31,435,126.55278,43.87134,1,1,7,28,7
165,3156,126.55345,43.91054,1,1,8,14,9
129,2925,126.49927,43.81956,14,1,8,14,9
129,2688,126.51601,43.80876,1,1,7,28,8
129,2925,126.51821,43.82211,14,1,8,21,8
53,75,126.5592,43.82315,10,1,6,9,7
31,949,126.58865,43.84046,14,1,5,31,16
53,75,126.5705,43.82651,1,1,8,18,8
129,2688,126.50396,43.80136,1,1,7,7,9
53,2618,126.57124,43.83091,14,1,5,31,10
53,1103,126.60568,43.83666,4,1,6,18,20
129,2925,126.51975,43.82305,14,1,6,28,10
31,435,126.55891,43.85875,14,0,9,29,7
129,2925,126.51346,43.815,1,1,8,13,9
31,949,126.59107,43.8412,1,1,8,23,7
53,487,126.56124,43.78794,14,1,9,12,9
53,1103,126.57943,43.82934,1,1,6,8,13
31,949,126.5921,43.84753,1,1,9,14,8
129,2688,126.53256,43.82475,1,1,8,26,10
129,2688,126.53226,43.82155,1,1,8,18,8
129,2665,126.56299,43.84912,0,1,8,27,7
129,2688,126.53237,43.82382,1,1,10,1,7
31,949,126.58647,43.85923,1,1,5,29,14
53,1103,126.57347,43.81297,1,1,8,11,15
31,949,126.58868,43.84044,14,1,7,26,7
53,4474,126.54751,43.81733,14,1,9,13,8
31,4849,126.57282,43.8445,7,1,8,26,9
53,1103,126.58026,43.82788,1,1,7,15,10
129,2688,126.51835,43.81329,1,1,6,3,9
129,1520,126.56282,43.84415,14,1,10,7,8
31,949,126.58999,43.8633,1,1,8,9,7
31,4849,126.57434,43.84417,7,1,5,27,8
53,4474,126.54715,43.8163,1,1,8,24,8
31,949,126.59298,43.84173,14,1,8,4,8
31,949,126.59086,43.85144,1,1,8,22,8
31,435,126.56493,43.86206,1,1,10,2,8
165,3156,126.55591,43.91597,14,1,7,14,9
129,2688,126.51624,43.80704,1,1,6,28,16
53,1103,126.56792,43.83222,14,1,6,17,13
53,487,126.52295,43.80046,1,1,9,18,8
53,1103,126.59492,43.83173,1,1,7,17,9
31,949,126.59323,43.83973,1,1,8,12,8
129,3458,126.52359,43.82431,1,1,6,4,12
53,487,126.53072,43.80439,14,1,7,18,8
53,1103,126.57239,43.81125,1,1,9,25,13
31,949,126.59046,43.84751,1,1,9,15,9
31,4849,126.57818,43.83926,14,1,7,19,7
129,2688,126.52283,43.81511,1,1,7,27,9
31,4849,126.57529,43.83944,1,1,5,29,14
165,1656,126.56016,43.91998,4,1,9,11,9
31,435,126.55495,43.87207,1,1,6,10,12
53,1103,126.55188,43.80759,14,1,8,17,13
53,75,126.56127,43.8273,14,1,7,23,7
129,2665,126.56304,43.84872,7,1,8,2,9
31,949,126.54834,43.86838,1,1,5,17,15
129,2688,126.51845,43.80942,1,1,8,22,9
53,487,126.59019,43.77508,14,1,9,19,8
129,2688,126.51127,43.80858,1,1,6,29,9
165,3156,126.55196,43.90961,1,1,8,19,9
129,2688,126.52052,43.81624,1,1,10,1,7
53,4474,126.54729,43.81295,1,1,8,28,8
53,75,126.56853,43.82493,14,1,8,9,9
31,435,126.55193,43.85702,14,1,8,28,9
129,2925,126.51357,43.83416,14,1,7,16,9
129,2665,126.54766,43.8479,1,1,8,31,7
53,487,126.57701,43.77918,1,1,8,19,9
53,1103,126.57091,43.80552,1,1,5,17,14
31,949,126.59756,43.84739,0,1,8,22,8
31,4849,126.57957,43.84512,1,1,8,12,8
129,2688,126.53529,43.829,1,1,7,23,8
53,2289,126.5786,43.7925,1,1,5,28,9
53,75,126.57049,43.82174,14,1,10,1,8
31,4849,126.57726,43.83957,14,1,9,5,8
53,75,126.57583,43.82448,1,1,8,31,9
129,2688,126.51825,43.81086,1,1,7,31,13
129,3853,126.47593,43.94561,1,1,6,5,11
53,75,126.56236,43.82678,1,1,7,22,8
31,4849,126.57666,43.85156,1,1,8,13,14
31,4849,126.5731,43.84629,1,1,9,30,8
53,1103,126.57811,43.82807,1,1,6,11,12
165,1656,126.57833,43.89433,14,1,8,23,9
31,435,126.55183,43.85709,14,1,6,28,8
129,2925,126.52277,43.83493,14,1,6,30,10
31,435,126.56209,43.86556,1,1,7,25,8
31,4849,126.58121,43.84399,1,1,9,23,7
129,2688,126.51628,43.8208,14,1,8,1,8
165,3156,126.55078,43.90595,1,0,7,5,9
53,75,126.57512,43.82122,1,1,6,15,8
165,1656,126.54656,43.90768,1,1,5,15,15
129,1520,126.56068,43.84916,1,1,10,17,8
129,2665,126.55404,43.85096,14,1,8,11,8
129,1520,126.54266,43.84716,1,1,9,23,8
31,949,126.59574,43.85344,1,1,9,18,8
129,2925,126.51996,43.83302,14,1,6,13,10
53,1103,126.59513,43.83168,1,1,7,28,9
129,2925,126.50869,43.82133,1,1,8,8,8
31,949,126.59029,43.83907,1,1,6,17,13
129,2925,126.51628,43.81301,1,1,7,23,8
129,2688,126.51687,43.81566,1,1,9,17,7
165,1656,126.57243,43.92019,14,1,9,21,9
53,3559,126.55317,43.81872,14,1,6,3,13
53,4474,126.55776,43.81763,1,1,8,12,9
31,435,126.5528,43.87213,1,1,7,30,8
129,2688,126.51418,43.80801,1,1,8,11,8
31,949,126.58908,43.86257,1,1,9,15,9
53,4474,126.55773,43.8087,1,1,9,14,9
31,4849,126.56704,43.84744,7,1,9,16,13
165,3156,126.55325,43.91185,1,0,6,13,8
53,1103,126.57892,43.82655,1,1,6,4,15
53,3559,126.57808,43.79256,1,1,5,29,9
31,3073,126.5411,43.87073,1,1,6,5,10
165,3156,126.56634,43.92242,14,1,7,5,9
129,638,126.54482,43.83734,1,1,6,3,11
31,949,126.59078,43.86339,1,1,9,7,8
31,435,126.55647,43.85952,1,1,6,5,11
31,4849,126.57123,43.85159,14,1,7,23,7
31,4849,126.57039,43.84851,1,1,9,1,9
31,4609,126.55966,43.86024,14,1,6,18,8
129,638,126.54435,43.84691,1,1,7,22,9
53,1103,126.56538,43.83206,0,1,8,1,9
31,1558,126.53918,43.87018,1,1,9,11,12
129,2925,126.51694,43.83132,1,1,8,12,8
53,1103,126.57888,43.8274,1,1,8,13,9
53,1103,126.56537,43.83201,0,1,8,26,9
31,435,126.5598,43.86014,14,1,8,30,9
129,638,126.56109,43.84073,1,1,6,9,9
165,1656,126.55341,43.90752,1,0,6,17,9
31,4849,126.57886,43.84212,1,1,9,10,8
129,2925,126.52332,43.83674,1,1,8,12,9
165,2709,126.58896,43.89492,1,1,7,16,8
31,4849,126.57383,43.84779,14,1,9,7,8
53,1103,126.56988,43.80835,1,1,8,21,13
31,949,126.59236,43.84228,1,1,6,12,11
129,1520,126.55612,43.84522,14,1,10,11,8
31,4849,126.57874,43.84487,14,1,7,17,8
53,75,126.55585,43.83295,1,1,6,28,8
31,435,126.55626,43.87227,1,1,7,31,13
53,75,126.55978,43.82359,1,1,8,29,9
53,75,126.563,43.81656,1,1,8,10,8
31,435,126.54908,43.87348,1,1,6,3,14
53,487,126.52984,43.80553,14,1,9,12,9
129,1520,126.56074,43.84972,1,1,9,30,9
31,435,126.56324,43.86745,1,1,8,29,8
53,75,126.56652,43.83089,3,1,6,4,9
31,435,126.55892,43.86967,1,1,6,8,8
129,2688,126.51994,43.81822,1,1,7,4,14
53,75,126.55298,43.8232,1,1,8,4,8
53,1103,126.57201,43.83159,1,1,9,28,9
31,949,126.59194,43.83978,1,1,9,22,7
53,1103,126.57295,43.80915,1,1,7,31,13
53,4474,126.55868,43.80801,1,1,7,11,8
31,4849,126.56873,43.83922,13,1,7,11,7
53,4474,126.55885,43.80465,4,1,8,25,8
129,2925,126.51805,43.82763,1,1,7,14,9
53,4474,126.55908,43.81394,14,1,7,20,8
165,1656,126.56263,43.92833,14,1,7,5,9
31,4849,126.57494,43.84202,14,1,9,24,9
53,75,126.57155,43.82229,1,1,7,24,8
53,75,126.57616,43.82137,1,1,7,31,8
31,435,126.56235,43.87166,1,0,9,13,8
53,487,126.52705,43.80235,1,1,8,10,8
31,4849,126.57954,43.84131,1,1,6,1,7
31,4849,126.57834,43.84231,1,1,5,30,8
53,1103,126.57276,43.83141,1,1,7,22,8
31,4849,126.58144,43.84458,1,1,9,24,9
129,1520,126.54878,43.84381,10,1,9,3,7
53,75,126.56268,43.82696,1,1,8,7,9
31,4849,126.57238,43.84348,1,1,5,29,14
31,949,126.59541,43.84437,14,1,9,19,7
31,4849,126.56775,43.84805,7,1,8,29,8
129,1520,126.53903,43.84539,1,1,10,4,8
165,2709,126.5718,43.89985,14,1,9,17,8
129,2925,126.52147,43.82227,14,1,8,1,9
31,4849,126.58488,43.84411,14,1,9,15,7
165,1656,126.55525,43.91519,14,1,6,18,17
31,4849,126.56632,43.84115,14,1,9,11,10
129,2925,126.51921,43.82139,1,1,7,23,8
53,1103,126.57353,43.81126,1,1,9,1,13
129,638,126.56093,43.84072,1,1,6,26,9
53,1103,126.57371,43.83127,1,1,8,23,10
31,4849,126.57999,43.84436,1,1,7,11,7
53,75,126.56352,43.82012,7,1,8,17,8
31,435,126.55725,43.86509,7,1,6,30,9
53,1103,126.57342,43.81295,1,1,8,22,15
165,1656,126.54832,43.91082,1,1,9,10,9
31,4849,126.57774,43.83969,14,1,7,10,7
165,1656,126.5499,43.91047,14,1,9,4,8
165,1656,126.56958,43.9186,1,1,9,21,9
165,1656,126.6037,43.88523,14,1,5,28,18
31,949,126.59564,43.85367,1,1,5,20,8
165,2709,126.56398,43.91284,14,1,6,19,20
53,4474,126.5496,43.81717,1,1,9,25,8
31,4849,126.57888,43.83905,14,1,6,7,8
31,4849,126.57652,43.83977,14,1,7,1,7
53,4474,126.54711,43.81679,14,1,8,31,8
53,75,126.57098,43.82688,1,1,9,24,8
129,2688,126.51718,43.8094,1,1,7,24,8
31,949,126.58922,43.85532,14,1,8,21,8
31,949,126.58721,43.83817,14,1,8,27,8
129,2925,126.51528,43.81685,1,1,9,6,7
53,4474,126.55976,43.80846,1,1,9,13,8
31,949,126.59104,43.84989,1,1,9,2,7
53,75,126.56846,43.82295,1,1,8,22,8
53,75,126.556,43.83212,1,1,7,4,9
31,949,126.59256,43.83959,1,1,8,10,11
165,1656,126.55407,43.91187,1,1,9,2,9
31,949,126.59235,43.86253,1,1,7,30,13
53,1103,126.56975,43.80374,1,1,6,9,13
129,2665,126.55443,43.84597,14,1,8,15,8
53,487,126.52312,43.80138,1,1,8,12,9
129,2925,126.51248,43.83295,1,1,8,24,7
129,2665,126.55847,43.85538,1,1,8,23,8
53,1103,126.57575,43.83046,1,1,9,21,9
53,487,126.52213,43.80242,1,1,6,13,8
165,3156,126.55557,43.9167,14,0,5,23,9
129,2688,126.52055,43.81624,1,1,8,14,8
31,435,126.559,43.85869,14,1,5,21,8
31,4849,126.57353,43.84467,7,1,6,10,9
129,2688,126.53417,43.82799,1,1,8,14,9
129,2688,126.52023,43.80847,1,1,9,1,7
129,2925,126.51663,43.82577,1,1,6,18,14
53,1103,126.57861,43.82628,1,1,9,16,9
53,4474,126.55397,43.8164,14,1,7,12,8
31,949,126.59166,43.84197,1,1,6,10,8
53,75,126.57374,43.82193,1,1,7,24,8
31,949,126.58562,43.84507,14,1,9,30,8
129,638,126.55163,43.84025,1,1,7,6,9
165,3156,126.55776,43.91593,14,1,7,15,11
31,4849,126.57614,43.83979,1,1,9,15,7
129,2688,126.5223,43.82662,1,1,8,3,8
129,2688,126.52719,43.81466,1,1,9,9,8
31,1558,126.56805,43.85829,1,1,10,10,9
31,949,126.58744,43.84062,14,1,6,19,13
31,4849,126.57615,43.8505,1,1,7,23,7
31,435,126.55953,43.8707,1,1,9,7,8
129,638,126.54793,43.84095,14,1,6,7,10
53,4474,126.55067,43.81537,1,1,8,31,8
53,487,126.54468,43.79242,14,1,7,7,9
31,949,126.58644,43.86046,1,1,9,10,8
53,75,126.55745,43.83244,1,1,7,27,8
31,4849,126.58338,43.83876,14,1,6,11,9
129,2665,126.56249,43.84984,14,1,8,14,9
129,2688,126.52815,43.82242,14,1,5,29,13
31,4849,126.58309,43.84137,1,1,7,2,8
129,2925,126.51318,43.81461,1,1,6,17,11
31,4849,126.57559,43.85211,1,1,8,13,14
53,1103,126.57095,43.8056,1,1,9,18,13
165,1656,126.5712,43.91926,14,1,7,6,9
165,2709,126.56635,43.89937,1,0,6,13,7
165,3156,126.55017,43.91063,14,1,8,15,9
129,2925,126.52329,43.83676,1,1,8,6,8
53,979,126.5448,43.81094,1,1,5,29,14
31,1558,126.56209,43.86988,1,1,10,14,7
53,979,126.55094,43.81513,1,1,6,4,15
129,638,126.5517,43.84027,1,1,7,29,9
31,4849,126.57554,43.85159,1,1,6,7,14
129,2925,126.51433,43.81542,14,1,6,18,13
129,2688,126.53341,43.82835,1,1,6,17,14
31,949,126.59251,43.83942,1,1,9,2,7
53,1103,126.59657,43.83328,1,1,9,19,9
53,487,126.5293,43.80498,14,1,8,17,8
53,4474,126.54973,43.81539,1,1,8,30,8
165,3156,126.54647,43.91423,1,1,8,7,10
31,949,126.58711,43.86295,1,1,6,4,16
53,4474,126.55934,43.81724,1,1,7,13,8
31,1558,126.57473,43.8841,14,1,9,9,7
129,638,126.55271,43.84121,1,1,7,10,8
53,75,126.57316,43.82407,1,1,8,19,9
31,435,126.55419,43.8678,1,1,9,1,9
31,4849,126.57412,43.85511,1,1,9,15,7
53,4474,126.55554,43.80783,1,1,6,16,9
31,4849,126.5756,43.84798,1,1,7,5,7
129,2925,126.51799,43.833,1,1,7,29,9
129,2925,126.52065,43.82612,1,1,9,18,9
31,435,126.55288,43.87073,1,1,5,31,18
53,4785,126.5478,43.79616,14,0,7,2,13
165,1656,126.56562,43.91872,14,1,7,17,8
53,487,126.58414,43.78214,1,1,8,24,8
53,2618,126.56685,43.83237,14,1,6,1,9
53,75,126.55752,43.83276,1,1,6,8,7
31,435,126.56027,43.87194,1,1,6,17,12
53,1087,126.57076,43.80653,1,1,6,18,15
129,1520,126.56,43.85349,1,1,9,2,11
129,1520,126.54596,43.84604,1,1,9,28,9
31,4849,126.56765,43.84587,7,1,10,2,8
53,75,126.57916,43.82494,14,1,9,13,8
165,3156,126.5519,43.90959,1,1,7,3,9
31,435,126.5525,43.87243,1,1,5,29,17
31,4849,126.5774,43.84528,14,1,5,21,9
129,161,126.55848,43.84951,1,1,6,14,14
53,75,126.54582,43.82353,14,1,5,30,12
31,949,126.59307,43.84298,14,1,9,23,7
165,1656,126.55427,43.90822,1,1,9,25,9
165,1656,126.55787,43.91396,14,1,8,26,8
129,2688,126.53147,43.82836,14,1,7,2,9
53,75,126.57439,43.82844,1,1,9,9,10
31,2398,126.56393,43.88298,14,1,10,2,8
129,2688,126.53298,43.82534,1,1,8,20,8
53,4474,126.55097,43.81515,1,1,6,29,12
129,2925,126.51502,43.8328,1,1,8,21,8
31,435,126.55956,43.87049,1,1,8,25,9
129,2925,126.51301,43.81405,1,1,5,29,9
31,435,126.56118,43.86358,1,1,9,28,8
53,75,126.56906,43.81419,1,1,8,18,8
53,487,126.53036,43.80467,14,1,5,17,8
31,4849,126.56958,43.84503,1,1,8,13,8
31,1558,126.58846,43.85843,1,1,10,4,7
53,75,126.57901,43.82161,14,1,7,4,9
53,75,126.55792,43.82482,10,1,7,5,8
31,435,126.5628,43.86693,1,1,5,29,14
129,2925,126.51797,43.82653,1,1,7,20,8
129,2665,126.56087,43.85278,1,1,8,12,9
31,949,126.58723,43.83879,14,1,7,12,7
129,1520,126.56325,43.84638,14,1,9,9,9
53,75,126.563,43.82583,14,1,6,8,7
129,638,126.54095,43.84307,1,1,7,25,9
165,3156,126.54613,43.91546,1,1,7,28,9
129,161,126.55509,43.85412,1,1,6,16,9
129,2925,126.51915,43.82783,1,1,8,2,9
129,161,126.56167,43.84847,14,1,6,14,10
129,2925,126.51431,43.8154,14,1,7,28,8
31,435,126.55562,43.8624,14,1,7,4,8
129,2925,126.51732,43.83088,1,1,9,7,7
31,4849,126.57648,43.85116,1,1,8,27,10
31,4849,126.58417,43.83768,14,1,6,17,13
53,75,126.56574,43.8296,7,1,7,5,8
165,1656,126.55321,43.91038,1,1,9,29,9
31,949,126.58912,43.84971,1,1,8,19,8
31,435,126.5528,43.87228,1,1,9,4,13
31,435,126.55764,43.86962,1,1,7,9,8
31,435,126.54936,43.8736,1,1,8,20,7
31,435,126.55658,43.85947,1,1,8,3,8
129,1520,126.54301,43.84373,1,1,10,7,8
165,3156,126.55988,43.91816,14,0,5,17,10
31,4849,126.5777,43.84447,1,1,5,20,8
31,949,126.59108,43.84562,1,1,6,11,9
53,75,126.56927,43.81952,14,1,6,10,8
165,3156,126.55724,43.9149,1,1,6,26,9
53,75,126.57429,43.82266,1,1,7,19,8
53,4474,126.56202,43.8196,3,1,9,2,8
129,2925,126.51614,43.81631,1,1,7,14,8
165,1656,126.55402,43.89994,14,1,9,7,10
31,435,126.5539,43.8714,1,1,7,12,7
53,1103,126.57785,43.82966,1,1,9,22,9
31,435,126.56284,43.86189,1,1,8,16,7
53,487,126.55349,43.78786,14,1,8,15,9
129,1520,126.5465,43.85188,14,1,9,29,8
31,949,126.5902,43.84703,1,1,8,5,7
53,1103,126.58698,43.82862,1,1,8,23,10
53,4474,126.55525,43.80661,1,1,6,18,9
53,1103,126.57764,43.8286,1,1,8,13,9
129,2925,126.52338,43.83668,1,1,8,1,9
53,75,126.57524,43.82397,1,1,8,27,8
53,1103,126.5933,43.83156,1,1,6,27,9
53,1103,126.57629,43.82742,1,1,9,15,10
165,290,126.55046,43.91156,14,1,9,30,8
165,1656,126.57033,43.9188,14,1,9,21,12
129,2925,126.50699,43.82695,14,1,7,31,13
129,1520,126.54647,43.85181,14,1,9,18,9
129,2925,126.51607,43.81299,1,1,9,11,8
53,75,126.57591,43.82278,1,1,9,22,9
31,4849,126.58384,43.84647,0,1,7,30,9
129,2925,126.506,43.81705,1,1,8,10,9
31,4849,126.57863,43.84257,1,1,7,30,8
129,2688,126.51175,43.81832,1,1,8,9,15
53,4474,126.54977,43.81545,1,1,8,6,8
129,2665,126.55553,43.8452,14,1,8,10,13
53,487,126.53469,43.77051,14,1,8,9,8
129,2688,126.52715,43.82199,1,1,8,17,8
129,2925,126.51231,43.81333,1,1,6,12,9
129,2925,126.52067,43.82615,1,1,9,2,7
129,2688,126.53282,43.82533,1,1,8,30,7
31,949,126.59259,43.86303,1,1,7,19,7
53,1103,126.59337,43.83164,1,1,8,24,10
31,949,126.58841,43.86114,1,1,9,18,8
129,2925,126.52404,43.83777,1,1,8,22,9
31,4849,126.56952,43.84502,1,1,7,14,8
31,435,126.5577,43.87125,1,1,8,5,8
129,2688,126.50397,43.8028,1,1,8,14,15
31,4849,126.56843,43.84609,14,1,8,22,9
53,75,126.57061,43.82278,14,1,7,27,9
31,435,126.5631,43.86917,1,1,8,27,8
165,3156,126.54682,43.9083,1,1,5,27,10
31,435,126.55615,43.87163,1,1,6,14,14
53,1103,126.57122,43.8098,1,1,8,19,14
129,638,126.55885,43.84009,1,1,6,7,10
31,4849,126.57175,43.84842,1,1,7,11,7
129,2688,126.52239,43.82622,1,1,8,24,8
53,1103,126.56535,43.83203,0,1,9,18,9
165,1656,126.5446,43.90503,1,1,6,18,17
129,2688,126.5279,43.82158,1,1,9,25,8
53,4474,126.54973,43.81546,1,1,8,4,8
129,2688,126.52138,43.81135,1,1,6,3,8
129,2688,126.53201,43.82122,1,1,8,22,9
129,2925,126.52334,43.83662,1,1,7,3,9
165,1656,126.81905,43.967,14,1,7,27,9
53,75,126.5696,43.81991,1,1,7,17,8
129,638,126.54655,43.83703,1,1,7,25,9
31,4322,126.54253,43.87814,14,1,5,25,12
53,75,126.54517,43.82154,14,1,6,18,9
31,949,126.59067,43.84804,1,1,8,21,8
129,87,126.55092,43.84045,14,1,10,4,8
31,4849,126.57479,43.84204,14,1,6,10,9
53,75,126.55743,43.83285,1,1,7,5,8
53,75,126.57001,43.8196,14,1,6,29,9
53,487,126.55129,43.7868,14,1,7,22,8
31,4849,126.5682,43.83965,13,1,6,10,9
53,75,126.55735,43.82476,10,1,7,14,9
53,1103,126.59836,43.83423,1,1,8,7,10
53,4474,126.55175,43.81163,14,1,9,6,9
31,435,126.56251,43.86133,1,1,7,30,8
129,2925,126.51547,43.81615,1,1,9,20,9
129,638,126.5599,43.84006,1,1,7,27,10
165,290,126.54742,43.9108,1,1,9,15,9
53,75,126.56577,43.8296,7,1,7,8,8
129,2688,126.52814,43.82672,1,1,8,19,9
53,1103,126.58735,43.82919,14,1,6,1,9
165,1656,126.5684,43.92025,1,1,9,6,9
53,75,126.56537,43.8225,1,1,7,6,9
129,2925,126.50397,43.8176,1,1,8,6,9
129,2925,126.5144,43.81259,1,1,6,30,9
53,4474,126.55541,43.80653,1,1,8,14,15
31,435,126.54998,43.86096,1,1,7,22,7
31,949,126.59484,43.84442,14,1,6,28,9
129,2925,126.51803,43.83023,14,1,7,28,8
31,435,126.55581,43.86022,1,1,6,12,8
31,949,126.59304,43.85915,14,1,7,17,8
53,487,126.52456,43.80366,1,1,8,20,8
31,4849,126.57596,43.84249,1,1,5,27,8
129,2925,126.51929,43.82788,1,1,8,28,7
31,1558,126.54313,43.86637,1,1,9,2,11
129,2925,126.51386,43.81439,1,1,6,7,10
129,2688,126.52521,43.82007,1,1,9,7,7
53,75,126.57623,43.82093,14,1,8,29,9
53,75,126.56408,43.82134,7,1,7,4,9
31,949,126.59435,43.84469,14,1,6,1,7
53,1756,126.58465,43.82332,1,1,6,18,13
53,4474,126.55749,43.80075,1,1,6,29,9
53,487,126.53551,43.80832,1,1,8,27,8
53,75,126.56329,43.81276,4,1,8,29,9
53,1103,126.56929,43.80935,1,1,8,21,13
31,4849,126.57423,43.84418,7,1,7,14,7
165,1656,126.54651,43.90642,14,1,8,27,8
31,435,126.5483,43.87247,1,1,8,14,7
31,435,126.55894,43.86524,7,1,9,17,8
129,638,126.54176,43.84533,1,1,7,1,9
53,1103,126.60488,43.82809,1,1,7,5,9
31,152,126.56893,43.88653,14,1,6,3,14
129,638,126.54694,43.83958,14,1,7,27,10
129,2665,126.5459,43.84934,14,1,8,7,9
53,1103,126.60393,43.82876,1,1,8,16,10
31,435,126.558,43.86053,14,1,7,26,7
53,1103,126.57039,43.81253,1,1,7,20,13
53,75,126.56555,43.82623,1,1,8,21,9
31,4849,126.57283,43.83969,1,1,7,18,7
53,1103,126.56574,43.80934,14,1,7,1,12
31,4322,126.54877,43.87535,1,1,6,6,8
129,1520,126.56216,43.85675,1,1,9,20,9
31,4114,126.54173,43.86837,1,1,6,18,12
31,4114,126.5379,43.87121,1,1,6,18,8
31,4849,126.57545,43.85141,1,1,8,26,9
31,949,126.58855,43.84788,1,1,5,16,8
53,1103,126.56608,43.83217,14,1,6,15,10
53,75,126.55315,43.83052,1,1,7,31,8
129,2665,126.56292,43.84996,14,1,8,29,9
53,75,126.5767,43.82576,1,1,9,29,8
31,949,126.58761,43.86209,1,1,7,3,7
129,2688,126.51777,43.80725,1,1,8,19,9
165,3156,126.55771,43.91246,14,1,8,15,9
165,290,126.5564,43.91456,1,1,9,15,9
165,3156,126.55168,43.91243,1,0,7,4,9
129,2688,126.51653,43.81547,1,1,7,7,9
53,1103,126.57236,43.81319,1,1,8,12,15
129,2925,126.51591,43.81752,1,1,9,20,9
53,487,126.58513,43.78237,1,1,9,30,8
129,588,126.51023,43.82221,1,1,5,17,10
31,4849,126.58374,43.84633,0,1,8,11,8
31,1558,126.56329,43.88114,14,1,10,6,8
53,4474,126.54677,43.81393,1,1,8,10,8
53,4474,126.54589,43.81097,1,1,8,10,16
53,4474,126.5517,43.81168,14,1,6,29,12
31,4849,126.56803,43.84852,14,1,8,28,8
129,2925,126.52235,43.83778,1,1,9,6,8
31,4849,126.57303,43.84477,7,1,6,9,9
53,1103,126.5713,43.83097,14,1,8,31,8
129,2925,126.49268,43.81332,1,1,7,31,14
53,4474,126.54927,43.81662,1,1,9,14,9
165,1656,126.54827,43.90051,1,1,10,1,9
129,2688,126.52617,43.82118,1,1,9,9,9
129,2688,126.52387,43.81587,1,1,9,30,9
129,2688,126.518,43.8243,14,1,7,30,15
129,2925,126.5165,43.81469,1,1,7,26,9
31,435,126.55996,43.86873,1,1,7,24,7
53,75,126.56842,43.81247,1,1,7,10,8
129,2925,126.51735,43.81846,1,1,7,5,9
53,75,126.5671,43.81357,14,1,9,25,8
31,4849,126.56732,43.84693,7,0,9,3,14
53,487,126.52771,43.79982,14,1,8,31,8
53,487,126.52472,43.79959,1,1,7,7,9
129,2688,126.52194,43.81094,1,1,9,23,8
31,949,126.59098,43.84172,1,1,8,1,10
129,2665,126.54645,43.85194,14,1,8,16,8
129,2688,126.52013,43.80853,1,1,7,24,8
53,1103,126.57762,43.8298,1,1,9,6,10
53,75,126.55628,43.83304,1,1,9,27,8
165,1656,126.5654,43.92714,14,1,7,5,9
53,487,126.5333,43.80625,1,1,9,14,9
165,1656,126.56413,43.92799,14,1,8,17,8
31,949,126.58759,43.84134,14,1,9,12,8
129,638,126.55413,43.83913,1,1,7,13,9
53,1103,126.58903,43.82837,1,1,6,26,11
31,949,126.5904,43.85299,1,1,6,28,13
165,1656,126.56602,43.92183,14,1,8,20,9
53,1103,126.56784,43.83121,14,1,8,27,9
129,2665,126.53977,43.84569,14,1,8,8,8
129,638,126.56247,43.84024,14,1,8,3,9
129,2945,126.51635,43.81849,1,1,10,1,8
165,3156,126.54805,43.90738,1,0,6,1,10
53,75,126.57085,43.82915,1,1,7,19,8
129,1520,126.55833,43.85552,1,1,9,19,8
53,487,126.55339,43.78783,14,1,9,5,9
129,2688,126.5165,43.81283,1,1,9,5,8
31,949,126.58612,43.84801,1,1,8,9,7
31,4849,126.57315,43.84637,1,1,5,29,14
31,4849,126.56795,43.83951,13,1,5,17,9
31,949,126.58715,43.86256,1,1,9,19,7
129,2925,126.5049,43.8179,1,1,8,11,12
53,75,126.55256,43.83044,1,1,7,15,8
165,2709,126.57097,43.89705,14,1,7,12,11
129,2688,126.50339,43.8015,1,1,9,6,14
31,1558,126.58853,43.87597,1,1,10,11,16
53,4474,126.55608,43.81981,14,1,9,24,9
129,2688,126.52364,43.81632,1,1,9,1,7
53,75,126.56485,43.82198,14,1,8,2,8
129,161,126.55746,43.84794,14,1,6,12,10
129,638,126.5643,43.83997,14,1,6,13,10
31,4322,126.54542,43.8777,1,1,6,17,18
53,4474,126.55252,43.81716,1,1,9,1,9
129,2665,126.55475,43.85186,1,1,8,10,8
53,1103,126.60093,43.8309,1,1,7,10,9
53,75,126.56476,43.82976,7,1,7,21,8
129,1520,126.55034,43.85303,14,1,9,30,9
129,2925,126.49766,43.81839,1,1,7,22,8
129,638,126.54167,43.84601,1,1,7,22,8
53,1103,126.57261,43.8319,1,1,9,6,10
129,2688,126.5158,43.81015,1,1,6,29,8
165,290,126.5512,43.91215,1,1,9,26,8
53,487,126.57947,43.7837,14,1,9,3,8
129,638,126.55331,43.8411,1,1,7,1,9
53,4474,126.54883,43.81744,1,1,8,17,8
53,75,126.54889,43.82487,1,1,8,20,8
53,75,126.56007,43.82516,1,1,8,8,10
53,1103,126.56526,43.83203,0,1,9,28,9
165,1656,126.54451,43.90499,1,1,9,4,8
31,4849,126.56904,43.83956,13,1,8,24,9
53,1103,126.5948,43.83234,1,1,9,29,9
129,2665,126.54344,43.85075,1,1,8,24,7
31,4849,126.57963,43.84136,1,1,8,20,8
129,1520,126.55813,43.85532,1,1,10,6,8
53,4474,126.55637,43.81773,1,1,9,11,8
31,435,126.54775,43.86913,1,1,8,31,9
129,2688,126.53216,43.82269,1,1,8,26,10
129,2925,126.51988,43.82757,1,1,7,1,8
165,1656,126.55295,43.90596,1,1,7,20,8
129,2688,126.52685,43.827,1,1,6,5,17
31,1558,126.56782,43.87773,1,1,9,3,9
53,75,126.56569,43.8163,1,1,8,25,9
31,435,126.55273,43.87226,1,1,7,25,8
31,435,126.55701,43.85957,1,1,8,1,7
53,75,126.55367,43.82193,14,1,5,16,8
129,638,126.56225,43.8481,7,1,6,29,14
31,4849,126.56985,43.83963,14,1,7,23,7
31,435,126.55228,43.87478,1,1,6,27,15
53,487,126.52442,43.80032,1,1,7,11,8
31,4849,126.58319,43.84115,1,1,9,8,9
31,4849,126.58478,43.83771,14,1,8,13,8
31,4849,126.5845,43.84168,1,1,6,10,9
31,435,126.55091,43.86019,1,1,6,7,7
53,1103,126.57849,43.82978,1,1,6,28,9
53,1103,126.56537,43.832,0,1,8,15,9
31,435,126.55155,43.87423,1,1,8,2,9
129,2688,126.51763,43.80972,1,1,7,26,8
53,1103,126.60143,43.83295,14,1,9,23,9
31,4322,126.5641,43.88363,14,1,5,29,8
31,4849,126.57123,43.8406,4,1,9,23,7
53,1103,126.60488,43.82862,1,1,9,10,9
53,4474,126.54593,43.81108,1,1,6,16,9
31,4849,126.57525,43.84624,14,1,5,17,14
129,1520,126.5516,43.84541,14,1,9,18,9
53,4474,126.55837,43.81775,1,1,7,31,8
53,75,126.55968,43.8334,1,1,5,28,9
53,75,126.57112,43.82521,1,1,8,19,9
31,4849,126.57387,43.85481,1,1,8,8,8
53,75,126.579,43.82164,14,1,9,24,8
129,2688,126.52063,43.81494,1,1,6,23,14
53,75,126.54826,43.82893,1,1,8,19,9
165,1656,126.55261,43.90511,1,1,8,24,9
165,3156,126.54654,43.90957,1,0,6,9,8
53,1103,126.57086,43.80643,1,1,9,16,14
129,2688,126.51583,43.80832,1,1,9,6,8
53,75,126.56675,43.82565,14,1,8,20,8
129,2688,126.53281,43.82477,1,1,9,3,7
129,2925,126.51609,43.81753,1,1,8,27,7
53,75,126.56633,43.82507,14,1,8,28,8
53,75,126.56736,43.81677,1,1,9,11,16
31,949,126.59347,43.84177,14,1,7,7,7
129,2925,126.52678,43.83386,7,1,8,13,8
53,979,126.54493,43.81105,1,1,5,29,14
53,4474,126.55197,43.80468,1,1,8,8,10
129,2688,126.51989,43.81821,1,1,9,12,15
53,1103,126.57234,43.80685,1,1,8,30,13
53,1103,126.59924,43.83409,1,1,8,30,9
53,75,126.55506,43.82523,1,1,8,1,8
129,2688,126.52272,43.81787,1,1,10,1,7
129,2688,126.53296,43.82539,1,1,7,16,8
129,2688,126.51821,43.80955,1,1,9,2,7
31,435,126.55886,43.86519,7,1,8,30,9
53,75,126.56618,43.81484,1,1,9,3,8
129,2665,126.56335,43.84773,7,1,8,24,8
165,3156,126.55188,43.90958,1,1,6,19,10
53,75,126.5679,43.82349,1,1,7,19,8
31,435,126.55128,43.87259,1,1,6,29,14
165,1656,126.60913,43.90097,14,1,6,7,12
31,435,126.56352,43.86844,1,1,7,20,7
53,854,126.57157,43.79401,1,1,6,19,15
53,75,126.57599,43.82388,1,1,9,2,8
53,487,126.53551,43.80832,1,1,9,30,8
31,435,126.55564,43.86008,1,1,5,25,9
31,949,126.59004,43.85001,1,1,8,18,7
165,1656,126.62706,43.88504,1,1,8,26,8
31,949,126.59441,43.86119,14,1,5,18,8
53,75,126.57636,43.82205,1,1,8,14,8
129,2925,126.52283,43.82323,14,1,9,20,9
31,4849,126.56833,43.84805,14,1,9,8,9
165,1656,126.5569,43.90952,1,1,10,14,9
53,75,126.56538,43.82253,1,1,9,7,8
129,1520,126.56007,43.85354,1,1,9,1,7
31,4849,126.56939,43.84344,14,1,9,16,8
53,487,126.53598,43.80464,14,1,9,6,9
129,2925,126.52338,43.83671,1,1,8,9,9
129,2925,126.49125,43.81585,1,1,8,7,9
53,75,126.57219,43.82101,1,1,6,15,8
31,4849,126.57105,43.84978,14,1,9,16,9
53,75,126.56787,43.82568,1,1,6,8,7
129,2688,126.53146,43.82832,14,1,8,10,13
31,4849,126.56719,43.83978,12,1,6,11,9
53,487,126.59211,43.77769,14,1,7,21,8
53,1103,126.56934,43.80594,1,1,9,6,15
31,949,126.59187,43.84537,1,1,8,10,11
31,949,126.58877,43.83852,1,1,8,18,7
31,4849,126.58362,43.84184,1,1,7,30,8
53,1103,126.57125,43.831,14,1,6,14,10
53,1103,126.57864,43.8277,1,1,8,10,9
53,487,126.53686,43.805,14,1,8,15,8
31,949,126.59103,43.8412,1,1,7,4,7
31,4849,126.57365,43.84416,7,1,6,1,8
53,4474,126.55255,43.81806,14,1,7,14,9
129,638,126.54464,43.83741,1,1,6,13,10
31,4849,126.57362,43.85012,14,1,9,1,9
53,75,126.56739,43.81674,1,1,8,26,9
129,2688,126.51535,43.80918,1,1,7,19,8
53,75,126.55173,43.83098,1,1,9,1,9
31,4849,126.58487,43.84251,1,1,6,29,9
31,4849,126.58125,43.83896,14,1,8,13,8
53,75,126.57492,43.82347,1,1,7,30,8
31,4849,126.57435,43.83954,1,1,6,9,9
129,2688,126.53219,43.82477,1,1,6,11,9
53,4474,126.54989,43.81324,2,1,7,15,8
31,949,126.59245,43.84212,1,1,7,31,13
31,4849,126.57556,43.84511,1,1,8,29,8
31,949,126.59364,43.8485,1,1,6,12,11
53,487,126.56589,43.77861,14,1,9,25,8
31,4849,126.57295,43.8391,1,1,5,30,15
53,4474,126.55268,43.81666,1,1,9,18,8
129,2925,126.51537,43.81618,1,1,8,27,7
129,2665,126.55867,43.84575,7,1,8,30,7
31,949,126.56861,43.84711,14,1,5,16,8
31,949,126.59163,43.84051,1,1,6,18,15
53,75,126.56797,43.83057,1,1,8,4,8
129,2688,126.51452,43.8085,1,1,8,10,13
31,949,126.59223,43.84099,1,1,6,29,9
129,2665,126.56618,43.85712,1,1,8,5,9
129,2688,126.52172,43.81536,1,1,8,27,7
53,75,126.56592,43.83055,7,1,8,18,8
53,1103,126.57278,43.83133,1,1,5,29,14
31,949,126.58702,43.86294,1,1,6,19,8
53,1103,126.57496,43.83068,1,1,8,19,10
53,1103,126.59833,43.8323,1,1,8,29,9
129,2925,126.51597,43.81301,1,1,8,7,9
53,1103,126.56536,43.83195,0,1,6,10,9
129,1520,126.55091,43.85271,14,1,9,9,9
165,3156,126.55125,43.91083,14,0,5,29,10
165,1656,126.56038,44.0028,14,1,8,31,9
53,75,126.56515,43.82551,1,1,8,7,9
31,435,126.56625,43.87043,1,1,7,27,15
53,75,126.57099,43.82915,1,1,6,29,8
31,435,126.55407,43.87241,1,1,9,9,8
53,1103,126.57259,43.8315,1,1,9,25,9
165,290,126.54949,43.90435,1,1,9,14,10
53,75,126.56541,43.81289,14,1,9,9,10
165,3156,126.55438,43.91429,14,1,6,7,15
129,2688,126.51689,43.81569,1,1,8,20,8
31,4322,126.54247,43.86391,1,1,6,4,13
129,1520,126.54985,43.84596,1,1,9,8,7
129,2925,126.50593,43.81706,1,1,8,12,9
53,75,126.56916,43.82177,14,1,7,14,15
129,2925,126.52334,43.83664,1,1,6,30,10
31,949,126.59259,43.83941,1,1,7,31,13
129,1520,126.54159,43.84244,14,1,9,24,8
31,4849,126.5671,43.84773,7,1,8,27,10
129,2688,126.51671,43.82416,14,1,7,24,8
31,435,126.55705,43.85867,1,1,7,29,11
31,435,126.55183,43.85707,14,1,7,4,7
31,4849,126.58175,43.84184,1,1,8,30,8
129,2665,126.54151,43.84826,1,1,8,18,8
53,4474,126.55911,43.81501,1,1,9,30,8
165,1656,126.56803,43.92186,14,0,6,8,8
31,949,126.58389,43.84302,1,1,9,14,8
129,1520,126.54488,43.84897,1,1,10,1,7
53,4474,126.56086,43.80968,4,1,7,10,8
53,854,126.59084,43.79026,14,1,6,18,13
31,4849,126.57709,43.85005,1,1,7,27,8
129,2665,126.54835,43.84887,14,1,8,25,7
53,75,126.56778,43.82906,1,1,5,17,8
53,75,126.55978,43.82514,1,1,7,18,8
53,1103,126.57148,43.81261,1,1,5,28,18
31,949,126.59473,43.84046,14,1,9,13,7
53,1103,126.5701,43.80446,1,1,8,10,15
129,2688,126.52209,43.82552,1,1,7,2,14
53,75,126.55042,43.82183,1,1,7,13,8
53,75,126.57771,43.8233,1,1,9,28,8
129,2925,126.51795,43.83108,1,1,9,16,9
53,75,126.57473,43.82174,1,1,8,7,9
31,949,126.59103,43.85606,14,1,6,7,8
31,949,126.58501,43.84285,13,1,7,9,8
31,949,126.59126,43.84031,1,1,9,24,8
165,3156,126.54564,43.91177,1,0,6,6,9
165,3156,126.54612,43.91038,1,1,7,22,9
31,4849,126.57358,43.84461,7,1,9,13,7
31,4849,126.57315,43.84634,1,1,9,9,8
129,2925,126.50168,43.81909,14,1,8,4,9
53,4474,126.56071,43.81947,14,1,7,16,8
53,4474,126.55602,43.81974,14,1,7,27,8
165,3156,126.54758,43.90991,1,0,5,27,10
165,2709,126.56893,43.89908,14,1,8,23,8
31,435,126.56178,43.86172,1,1,7,13,7
129,2925,126.51443,43.81333,1,1,6,19,9
129,2665,126.55055,43.84439,14,1,8,25,7
53,4474,126.54411,43.81731,1,1,7,25,8
53,487,126.52707,43.80584,14,1,6,18,14
129,1520,126.54673,43.84884,14,1,9,19,8
53,4474,126.55519,43.80313,1,1,9,30,8
31,435,126.55108,43.87206,1,1,9,23,7
129,2925,126.51633,43.81354,1,1,8,15,8
53,75,126.57123,43.82046,1,1,6,13,8
129,2688,126.52824,43.81815,14,1,8,21,8
31,949,126.58878,43.84707,1,1,8,14,8
31,435,126.56236,43.87038,1,1,10,1,7
129,2925,126.51925,43.82849,1,1,7,5,9
53,487,126.59199,43.77675,14,1,9,30,8
31,949,126.58912,43.85992,1,1,8,5,7
129,2688,126.52058,43.81285,1,1,9,2,11
165,3156,126.54095,43.91859,14,1,6,26,10
53,1103,126.56924,43.81065,1,1,6,18,16
129,638,126.54554,43.83696,1,1,6,28,10
31,4849,126.57272,43.85021,3,1,5,20,8
165,1656,126.59053,43.89432,14,1,10,10,8
31,4849,126.58294,43.84155,1,1,9,22,8
129,2688,126.51491,43.80808,1,1,7,28,8
53,1103,126.56741,43.83266,14,1,9,25,9
53,487,126.59469,43.77865,14,1,7,7,9
165,3156,126.54623,43.91163,1,1,6,30,10
53,75,126.54775,43.82612,1,1,8,14,8
31,4849,126.58125,43.84566,14,1,7,20,7
129,2925,126.50601,43.81695,1,1,8,4,9
129,2925,126.51271,43.83266,1,1,7,11,9
129,2925,126.51637,43.82521,1,1,7,9,8
165,1656,126.5693,43.92929,1,1,8,16,10
129,2925,126.51797,43.82616,1,1,6,16,8
53,75,126.54572,43.82351,14,1,7,8,8
53,75,126.56877,43.82137,14,1,9,7,8
165,1656,126.55455,43.91252,1,1,9,13,9
165,1656,126.55347,43.90679,1,1,8,26,8
129,2925,126.51788,43.83106,1,1,6,13,10
31,4849,126.58146,43.838,14,1,5,29,8
53,4474,126.54453,43.81784,1,1,7,1,8
129,2925,126.51564,43.81495,1,1,7,6,9
129,2688,126.51782,43.81055,1,1,5,29,19
31,4849,126.56858,43.84409,14,1,9,17,8
31,435,126.55702,43.87102,1,1,8,13,7
129,2688,126.52383,43.81974,1,1,7,5,8
31,435,126.55069,43.87139,1,1,9,13,7
31,949,126.58683,43.84099,14,1,7,22,7
31,949,126.59372,43.85023,1,1,6,18,7
31,949,126.58973,43.84068,1,1,8,4,8
31,949,126.58871,43.84512,14,1,7,5,8
129,2688,126.51891,43.81925,1,1,6,9,14
31,949,126.59263,43.85364,14,1,7,10,7
53,75,126.55629,43.83303,1,1,6,18,9
165,1656,126.55634,43.91449,1,1,8,28,8
31,435,126.55984,43.86862,1,0,9,13,8
53,979,126.5459,43.81093,1,1,6,4,15
165,1656,126.55239,43.90474,1,1,6,26,10
129,2925,126.51303,43.81425,1,1,8,1,9
129,2688,126.51533,43.80733,1,1,8,26,10
129,2665,126.54999,43.84724,1,1,8,26,7
129,2925,126.51217,43.83375,1,1,7,18,9
53,1103,126.5773,43.82629,1,1,8,22,10
53,75,126.56966,43.81865,1,1,8,31,9
31,949,126.5951,43.85346,1,1,6,3,12
31,949,126.5933,43.83976,1,1,6,13,8
53,75,126.55424,43.824,1,1,8,22,8
31,4849,126.58021,43.8397,1,1,7,27,8
129,2925,126.51618,43.83164,1,1,7,1,8
31,435,126.56041,43.86907,1,1,8,31,8
31,949,126.59452,43.85495,14,1,8,10,7
53,4474,126.54884,43.81751,1,1,8,12,9
53,1103,126.57265,43.8094,1,1,6,19,18
165,1656,126.57365,43.91753,4,1,7,11,8
165,3156,126.5459,43.91123,1,1,8,9,9
31,4849,126.56821,43.83966,13,1,9,19,7
31,949,126.59215,43.84725,1,1,7,2,8
129,2925,126.51267,43.83224,1,1,8,14,9
129,2688,126.5165,43.81463,1,1,8,8,15
53,4474,126.55463,43.81274,1,1,9,28,8
53,1103,126.57202,43.8051,1,1,9,12,15
129,2688,126.51692,43.81563,1,1,9,19,9
53,75,126.55056,43.82886,1,1,7,24,8
53,75,126.56938,43.81572,1,1,8,27,16
53,1103,126.58098,43.82841,1,1,8,17,9
53,1756,126.58977,43.82183,1,1,6,18,13
129,638,126.56204,43.84222,14,1,7,29,9
129,2688,126.53126,43.82812,14,1,9,4,9
129,1520,126.54904,43.84876,14,1,9,5,7
31,4849,126.58023,43.84131,1,1,9,12,8
129,638,126.55161,43.84021,1,1,7,15,8
31,4849,126.58099,43.84276,1,1,6,8,9
53,75,126.56851,43.82599,1,1,9,5,9
53,1103,126.5695,43.81013,1,1,9,6,15
53,75,126.55705,43.83302,1,1,7,28,8
31,4849,126.56772,43.8458,7,1,9,7,8
53,1103,126.60239,43.82936,1,1,6,5,13
53,75,126.5598,43.82508,1,1,6,7,16
165,2709,126.57188,43.89988,14,0,6,5,9
53,487,126.59619,43.77968,14,1,9,14,9
31,949,126.59487,43.84044,14,1,5,16,8
31,949,126.59163,43.8406,1,1,7,18,8
129,638,126.56141,43.84134,1,1,7,15,8
129,638,126.56196,43.8396,14,1,7,28,8
129,1520,126.54379,43.84883,1,1,10,11,8
53,1103,126.57249,43.83161,1,1,9,16,9
31,949,126.59136,43.86152,1,1,6,19,8
53,2615,126.56061,43.81188,14,1,6,14,9
53,487,126.54593,43.79314,14,1,9,30,8
31,4849,126.57392,43.83926,1,1,6,29,9
31,949,126.59597,43.84514,14,1,6,14,8
53,1103,126.566,43.83208,14,1,7,22,8
129,1520,126.55493,43.85425,1,1,9,10,11
31,949,126.58699,43.84301,1,1,6,12,12
53,1103,126.57653,43.82671,1,1,7,19,8
165,3156,126.5491,43.90676,1,1,5,15,11
165,3156,126.55362,43.90714,1,1,5,14,10
165,290,126.55153,43.91172,1,1,9,20,10
53,1103,126.56953,43.80831,1,1,8,3,14
129,638,126.54468,43.83746,1,1,8,4,9
53,1103,126.57087,43.80655,1,1,9,9,16
31,4849,126.54221,43.86449,1,1,8,31,8
31,435,126.55684,43.86005,1,1,6,1,7
165,1656,126.56353,43.92605,14,0,6,13,7
53,4474,126.54884,43.81752,1,1,9,24,8
165,3156,126.54837,43.91204,1,0,5,17,10
53,1103,126.60143,43.83291,14,1,8,17,9
129,2925,126.51916,43.82417,14,1,6,25,10
31,949,126.58662,43.84869,1,1,8,22,8
31,4849,126.58109,43.83885,14,1,7,11,7
53,75,126.56835,43.82437,1,1,8,18,8
129,2688,126.53225,43.82141,1,1,7,18,8
53,1103,126.56974,43.83222,1,1,8,13,9
129,638,126.5427,43.84546,1,1,7,5,9
129,638,126.54819,43.84656,1,1,7,28,8
31,949,126.58777,43.8625,1,1,7,31,13
53,75,126.55426,43.82506,1,1,8,6,8
53,4474,126.55627,43.82013,14,1,7,18,9
31,4849,126.57583,43.84611,1,1,7,10,7
31,949,126.59096,43.84112,1,1,6,6,13
165,1656,126.57029,43.92899,1,1,6,30,10
53,1103,126.56981,43.83227,1,1,8,2,10
129,2688,126.52325,43.82119,14,1,8,9,9
53,75,126.5689,43.81892,1,1,8,5,8
53,75,126.56741,43.81356,14,1,6,11,15
53,75,126.56374,43.82552,14,1,6,12,8
53,4474,126.55658,43.81281,1,1,7,21,8
165,1656,126.5514,43.90188,14,1,9,28,9
129,2925,126.51691,43.83131,1,1,6,6,9
129,2665,126.54065,43.8501,1,1,8,3,8
129,2925,126.51495,43.81158,1,1,8,12,8
129,2688,126.53082,43.82026,1,1,9,29,8
129,2688,126.51799,43.81041,1,1,6,3,16
31,949,126.59591,43.85486,14,1,6,12,11
53,75,126.56826,43.81289,1,1,9,12,10
129,2688,126.52335,43.82115,14,1,7,24,8
165,1656,126.55021,43.90465,1,0,5,12,10
53,1103,126.59913,43.83417,1,1,7,25,9
165,1656,126.54921,43.90757,1,1,9,28,9
165,290,126.54879,43.91672,14,1,9,26,8
165,3156,126.54853,43.9007,1,1,6,30,10
31,435,126.55152,43.87081,1,1,9,3,8
129,87,126.54893,43.84321,1,1,10,13,8
129,638,126.5557,43.84223,1,1,7,22,9
53,75,126.5509,43.83044,1,1,8,30,8
31,1558,126.57903,43.85265,1,1,10,7,9
53,1103,126.59926,43.83413,1,1,7,20,9
129,2688,126.53022,43.82621,1,1,6,13,9
31,4849,126.57302,43.84444,7,1,7,3,8
53,1103,126.57089,43.80659,1,1,6,15,14
165,3156,126.54367,43.91422,1,1,7,7,10
165,3156,126.55162,43.91173,1,1,5,21,10
129,638,126.54501,43.83727,1,1,6,4,11
129,2925,126.51297,43.83374,1,1,6,9,9
53,4474,126.54428,43.81749,1,1,8,8,10
165,2709,126.56583,43.91221,14,0,6,19,8
31,949,126.58974,43.86162,1,1,9,18,8
53,1103,126.57031,43.81049,1,1,6,10,15
53,75,126.56206,43.82225,10,1,7,15,8
53,1103,126.57084,43.8065,1,1,9,12,15
31,949,126.59095,43.84184,1,1,6,7,14
165,1656,126.57063,43.92946,1,1,9,21,9
53,1103,126.57081,43.80641,1,1,9,18,13
31,435,126.55961,43.87033,1,1,7,9,8
53,75,126.56648,43.81475,1,1,6,11,15
165,1656,126.56786,43.92053,1,1,8,18,8
31,435,126.55897,43.86266,7,1,9,16,8
53,4474,126.55642,43.81571,1,1,8,19,9
165,2709,126.57998,43.89738,14,1,5,19,9
53,1087,126.57073,43.80657,1,1,6,17,14
53,1103,126.59298,43.8313,1,1,6,4,10
31,4849,126.57429,43.84238,14,1,6,6,14
31,4849,126.5797,43.83787,14,1,6,16,7
129,1520,126.54395,43.84738,4,1,9,8,7
129,2688,126.52631,43.82401,1,1,6,12,9
31,435,126.55658,43.86044,1,1,9,2,7
129,2688,126.51545,43.80913,1,1,9,2,11
53,1103,126.56998,43.80834,1,1,7,5,13
129,2688,126.52107,43.81722,1,1,7,11,8
53,75,126.57839,43.82161,1,1,6,28,13
53,1103,126.57129,43.80975,1,1,6,30,18
31,949,126.58741,43.84007,14,1,5,31,16
165,3156,126.54853,43.9074,1,1,5,14,10
53,75,126.5633,43.81263,4,1,9,15,9
31,4849,126.58023,43.83861,14,1,6,28,8
129,2688,126.52023,43.82452,1,1,9,13,9
53,4474,126.56121,43.81659,12,1,8,31,8
31,949,126.59077,43.86281,1,1,9,23,7
31,949,126.59031,43.85581,14,1,8,11,8
31,949,126.591,43.84788,14,1,6,1,8
129,2688,126.52811,43.81781,14,1,9,22,8
129,2688,126.53299,43.82478,1,1,6,11,9
165,3156,126.55377,43.89977,14,1,5,14,10
31,4849,126.56869,43.84367,14,1,5,28,8
53,75,126.57882,43.82228,14,1,9,11,8
129,2925,126.51959,43.83003,1,1,9,1,7
165,1656,126.54584,43.91127,1,1,8,26,8
53,1103,126.56534,43.83192,0,1,6,29,9
31,4849,126.5751,43.83931,1,1,8,12,15
53,75,126.5662,43.82874,1,1,7,15,9
129,2925,126.51438,43.81559,14,1,9,3,7
31,949,126.59242,43.84971,14,1,8,4,8
129,1520,126.5575,43.8472,14,1,9,11,8
129,2688,126.53224,43.8253,1,1,6,28,10
53,1103,126.56868,43.81162,1,1,9,6,15
31,949,126.59102,43.86047,1,1,9,7,8
129,1520,126.54494,43.84867,1,1,9,3,7
31,949,126.59663,43.84304,14,1,9,27,8
129,638,126.53842,43.84487,1,1,7,13,8
129,638,126.54816,43.84666,1,1,7,18,8
53,1103,126.57339,43.8129,1,1,9,28,13
53,75,126.55539,43.8219,10,1,8,25,8
53,1103,126.56977,43.83219,1,1,8,14,9
53,75,126.5683,43.82474,1,1,8,13,9
53,487,126.592,43.77705,14,1,8,31,8
129,2665,126.5418,43.84786,1,1,8,8,8
31,4849,126.57139,43.83887,1,1,6,6,14
129,588,126.50777,43.82037,1,1,5,17,11
31,949,126.58706,43.86179,1,1,7,25,7
53,487,126.55539,43.81454,14,1,6,17,14
53,1103,126.58977,43.83033,1,1,7,23,9
31,949,126.59102,43.84188,1,1,8,3,7
165,3867,126.62839,43.88486,1,1,7,27,9
31,435,126.5528,43.87218,1,1,7,3,7
31,435,126.565,43.86483,14,1,6,19,8
31,4322,126.54708,43.87703,1,1,6,18,13
129,1520,126.54453,43.844,1,1,9,4,9
165,1656,126.55859,43.92123,14,1,6,30,10
31,949,126.58956,43.84357,1,1,8,24,8
129,2688,126.53304,43.82541,1,1,9,28,9
165,3156,126.55133,43.91288,1,0,6,27,9
31,4849,126.57848,43.84752,1,1,8,14,8
53,4474,126.55556,43.80564,1,1,8,26,9
53,75,126.57758,43.82348,1,1,7,12,8
129,2665,126.56583,43.84745,7,1,8,18,8
165,1656,126.60975,43.86418,14,0,6,27,15
53,1103,126.56868,43.83137,14,1,8,26,9
165,1656,126.55103,43.91219,1,1,8,29,9
31,3073,126.55079,43.86933,1,1,6,6,9
31,435,126.55488,43.86025,14,1,9,7,8
31,4849,126.57602,43.83972,1,1,9,21,9
129,1520,126.5403,43.84967,1,1,9,12,9
129,2665,126.54437,43.84699,1,1,8,21,13
129,2688,126.52492,43.82306,1,1,9,18,9
31,435,126.55278,43.87224,1,1,8,11,9
129,2665,126.56616,43.85719,1,1,8,12,9
53,4474,126.54519,43.81583,1,1,8,9,9
129,2688,126.52144,43.81,1,1,8,24,8
53,75,126.56214,43.82164,10,1,8,27,9
129,2688,126.53089,43.82474,1,1,7,19,8
31,4849,126.57568,43.84284,1,1,7,20,7
165,1656,126.55033,43.90337,12,1,9,19,8
31,949,126.59125,43.86089,1,1,7,4,7
53,75,126.57092,43.82183,14,1,9,9,10
31,949,126.59049,43.84602,1,1,6,30,9
31,4849,126.57584,43.85117,1,1,7,9,8
53,487,126.55386,43.79084,0,1,8,30,8
129,2688,126.52022,43.81006,1,1,9,18,9
31,1558,126.54253,43.87215,14,1,9,10,9
53,75,126.54387,43.82403,14,1,7,15,8
165,1656,126.56651,43.92752,14,1,7,6,10
129,1520,126.55381,43.85257,14,1,9,3,11
53,487,126.59336,43.77809,14,1,9,16,8
129,1520,126.54005,43.84958,1,1,10,7,8
165,3156,126.55305,43.91192,1,1,8,3,9
129,2688,126.53211,43.82194,1,1,9,24,8
165,1656,126.5718,43.91876,1,1,6,30,10
53,4474,126.55676,43.8106,14,1,9,30,8
31,4849,126.56756,43.84991,7,1,8,26,9
31,435,126.53247,43.86919,14,1,7,26,7
129,2925,126.51549,43.8161,1,1,8,16,8
31,435,126.56286,43.86709,1,1,5,27,8
129,2665,126.56071,43.8457,14,1,8,23,9
53,75,126.56898,43.81796,1,1,6,24,14
53,75,126.55103,43.83077,1,1,7,25,8
53,487,126.52763,43.7999,14,1,7,19,8
129,2688,126.51949,43.81075,1,1,7,2,8
31,949,126.59443,43.85052,1,1,5,21,8
129,2925,126.52282,43.83475,14,1,8,24,7
31,949,126.58865,43.84717,1,1,8,17,9
129,2688,126.52026,43.80995,1,1,8,4,8
31,949,126.59109,43.84122,1,1,6,13,8
129,2688,126.5259,43.81848,1,1,9,20,9
53,4474,126.55131,43.81752,14,1,9,14,9
31,4849,126.58142,43.84522,1,1,8,20,8
53,1103,126.56646,43.83127,14,1,9,14,9
53,4474,126.5553,43.80665,1,1,6,27,9
31,4849,126.58041,43.83822,14,1,8,9,8
129,1520,126.53919,43.8443,14,1,10,3,8
165,1656,126.52701,43.93349,14,1,6,18,9
31,949,126.5897,43.86131,1,1,7,30,13
31,435,126.55284,43.87198,1,1,7,9,8
53,4474,126.54278,43.81842,1,1,8,18,8
53,1103,126.57231,43.8102,1,1,7,27,13
53,75,126.56978,43.81866,1,1,9,14,9
31,4849,126.57355,43.84466,7,1,9,6,8
53,1103,126.59801,43.83283,14,1,9,2,8
53,487,126.54168,43.79276,14,1,8,10,14
31,949,126.58735,43.84066,14,1,5,18,8
129,2688,126.52956,43.82741,1,1,8,27,7
129,638,126.56265,43.84,14,1,7,12,8
31,949,126.59054,43.83887,1,1,8,29,8
53,1103,126.59466,43.83219,1,1,8,16,10
53,1103,126.56977,43.83219,1,1,7,14,9
53,75,126.57728,43.81877,14,1,7,26,8
31,4849,126.57778,43.84431,1,1,8,8,8
53,1103,126.58095,43.82939,1,1,7,8,9
31,4849,126.58349,43.84132,1,1,8,25,9
53,4474,126.54553,43.8171,1,1,8,30,8
31,4849,126.57299,43.84626,1,1,8,25,9
165,1656,126.57856,43.89445,14,0,5,15,10
31,4849,126.56855,43.84402,14,1,5,28,8
165,2709,126.57835,43.89707,14,0,6,5,9
129,2688,126.51796,43.82478,14,1,8,12,8
165,1656,126.57239,43.91936,14,1,6,28,8
165,1656,126.54954,43.90798,1,1,8,6,12
53,75,126.56193,43.82658,1,1,8,31,9
129,2925,126.51509,43.81453,1,1,9,11,8
129,2688,126.51568,43.80924,1,1,6,10,8
165,3156,126.54099,43.91859,14,1,5,30,9
53,75,126.55086,43.83033,1,1,8,4,8
53,4474,126.55701,43.8082,1,1,9,21,9
165,1656,126.55982,44.00192,14,0,9,24,9
31,4849,126.57268,43.85486,4,1,7,29,8
31,1558,126.56893,43.84586,14,1,10,13,8
129,2925,126.51148,43.83329,1,1,8,9,9
31,3073,126.54979,43.87024,1,1,6,4,10
53,75,126.57116,43.81933,14,1,7,6,9
129,1520,126.54408,43.85073,1,1,9,25,8
31,435,126.55304,43.87292,1,1,9,1,9
31,949,126.58987,43.8472,1,1,9,11,8
53,1103,126.57161,43.80912,1,1,7,28,12
53,4474,126.54645,43.81119,1,1,8,17,8
53,1103,126.57097,43.80439,1,1,5,29,12
53,487,126.53255,43.80608,1,1,7,1,9
53,1103,126.56989,43.83213,1,1,9,2,8
31,949,126.59385,43.84006,1,1,9,29,8
31,4849,126.57381,43.85482,1,1,9,11,9
31,4849,126.57561,43.8526,1,1,8,13,14
31,949,126.53882,43.87028,1,1,6,27,15
53,1103,126.57711,43.8278,1,1,9,2,9
165,3156,126.55388,43.89976,14,1,5,20,10
31,435,126.55277,43.87217,1,1,9,19,7
31,949,126.5963,43.84239,14,1,9,5,8
129,2688,126.53055,43.82357,1,1,6,15,9
31,435,126.55405,43.87231,1,1,9,9,10
53,1103,126.57421,43.83053,1,1,7,30,8
53,1103,126.57803,43.82761,1,1,7,1,8
129,2688,126.52067,43.81482,1,1,7,31,13
165,1656,126.56682,43.91995,14,1,7,6,9
53,4474,126.55381,43.81641,14,1,7,11,7
31,4849,126.57736,43.8455,14,1,9,6,8
165,1656,126.5566,43.91096,3,1,8,8,9
129,2925,126.52342,43.83655,1,1,8,15,8
31,435,126.55621,43.87153,1,1,6,3,12
129,2688,126.53253,43.82471,1,1,9,18,9
129,2688,126.5202,43.8085,1,1,6,15,9
165,1656,126.57834,43.89449,14,1,5,30,10
53,1103,126.57252,43.8315,1,1,7,15,10
53,1103,126.57047,43.80346,14,1,8,28,13
53,4474,126.55164,43.81115,14,1,8,11,9
53,4474,126.54279,43.81908,1,1,8,20,8
165,2709,126.56291,43.91215,1,0,6,17,8
129,638,126.55717,43.83981,1,1,6,11,10
165,1656,126.5543,43.90826,1,1,7,21,8
53,1103,126.5653,43.83192,0,1,9,13,10
53,487,126.52292,43.80046,1,1,8,23,8
53,1103,126.59922,43.82673,14,1,8,19,10
165,290,126.54826,43.90066,1,1,9,30,8
31,4849,126.57522,43.8453,14,1,8,30,8
129,1520,126.55801,43.85012,1,1,9,23,8
129,2665,126.55945,43.84542,14,1,8,31,7
31,4849,126.57133,43.83899,1,1,7,26,8
31,4849,126.58326,43.84302,1,1,9,15,7
53,4474,126.56212,43.81959,3,1,9,23,13
31,4849,126.57843,43.8419,1,1,8,11,8
31,4849,126.5721,43.84457,1,1,9,22,8
31,4849,126.57707,43.83976,14,1,5,17,14
165,1656,126.57343,43.92351,1,1,9,22,9
53,4474,126.54879,43.81741,1,1,9,10,8
165,1656,126.51905,43.94323,14,1,7,15,9
129,638,126.56079,43.84238,4,1,6,5,10
31,435,126.5538,43.87456,1,1,6,30,17
31,435,126.55287,43.87223,1,1,7,31,13
53,4474,126.55557,43.80561,1,1,9,11,8
31,4849,126.57293,43.84725,14,1,7,6,7
31,4849,126.57288,43.83958,1,1,5,30,15
53,75,126.56307,43.83206,14,1,7,7,9
53,4474,126.54962,43.81535,1,1,7,3,8
129,638,126.54556,43.83699,1,1,6,28,10
129,638,126.5572,43.83991,1,1,6,19,15
31,2208,126.54293,43.86874,1,1,5,29,14
129,2688,126.51937,43.81033,1,1,8,14,9
129,1520,126.54099,43.84309,1,1,9,24,8
165,1656,126.54373,43.91691,14,1,8,25,9
31,949,126.5911,43.84895,1,1,6,11,9
129,1520,126.54188,43.84514,1,1,9,14,8
53,75,126.54287,43.82437,1,1,8,8,9
53,1103,126.58017,43.82883,1,1,9,21,9
129,2688,126.51757,43.81614,1,1,7,24,8
129,1520,126.55506,43.85414,1,1,9,7,7
31,1558,126.54594,43.8606,1,1,9,11,14
53,75,126.56828,43.81385,1,1,7,12,8
129,638,126.54672,43.83907,14,1,7,1,9
31,435,126.56345,43.85918,14,1,6,11,8
129,638,126.55065,43.84003,14,1,6,12,9
31,4849,126.57174,43.83946,1,1,9,2,8
129,2688,126.53189,43.82524,1,1,9,19,8
31,949,126.58919,43.84963,1,1,8,14,8
53,487,126.53034,43.80479,14,1,7,26,8
31,435,126.55846,43.87111,1,1,6,28,13
31,949,126.58478,43.84699,3,1,6,28,13
53,4474,126.54802,43.81812,1,1,9,29,8
165,1656,126.56935,43.91747,14,1,7,31,9
165,3156,126.54897,43.90099,1,1,6,26,9
31,4849,126.57405,43.85183,14,1,5,24,16
165,3156,126.54982,43.90814,1,1,7,18,8
165,2709,126.56014,43.90636,14,1,9,29,8
129,638,126.53908,43.84587,1,1,7,8,8
129,2665,126.5621,43.84604,14,1,8,9,9
31,949,126.59153,43.84689,1,1,6,11,9
129,2665,126.55706,43.85017,1,1,8,19,8
129,2925,126.52468,43.83721,1,1,6,30,10
53,75,126.57067,43.82324,14,1,7,26,8
129,2925,126.52523,43.82733,14,1,5,28,10
129,2925,126.5233,43.83668,1,1,7,20,8
129,2688,126.52135,43.81317,1,1,9,12,8
165,3156,126.5507,43.91238,1,1,5,21,10
129,2688,126.53267,43.82469,1,1,7,18,8
165,2709,126.56437,43.90873,1,1,5,26,18
31,435,126.55276,43.87297,1,1,8,10,7
53,487,126.57986,43.78438,14,1,6,29,9
165,1656,126.54687,43.9083,1,1,9,28,9
53,1103,126.59939,43.83101,1,1,8,13,9
53,4474,126.54727,43.813,1,1,9,17,8
53,75,126.56649,43.82385,14,1,7,26,8
165,3156,126.54597,43.90865,1,1,7,15,9
53,75,126.55299,43.82813,1,1,6,8,7
129,2688,126.52501,43.81631,1,1,8,3,8
31,4849,126.56763,43.84186,14,1,6,30,9
129,2925,126.51287,43.83334,1,1,9,2,7
165,3156,126.54997,43.91296,1,1,8,11,9
53,1756,126.58462,43.82327,1,1,5,30,9
53,4474,126.55157,43.81142,14,1,8,12,9
129,638,126.55732,43.84121,1,1,7,29,9
53,1103,126.59652,43.83312,1,1,6,18,10
53,75,126.57499,43.8235,1,1,8,15,9
129,2688,126.52223,43.83673,1,1,9,23,15
53,4474,126.54974,43.81799,1,1,7,31,8
53,487,126.52217,43.80039,1,1,8,12,9
31,4849,126.57369,43.83854,0,1,5,25,14
31,435,126.56307,43.86905,1,1,9,17,8
53,487,126.53685,43.80492,14,1,7,28,8
53,1087,126.57083,43.80659,1,1,6,19,17
53,75,126.56857,43.82458,1,1,9,7,8
129,2925,126.50553,43.8288,14,1,7,31,13
129,2688,126.52018,43.81174,1,1,8,12,10
53,4474,126.55768,43.81289,1,1,8,4,8
129,1520,126.54826,43.84523,1,1,10,5,8
31,435,126.56037,43.87214,1,1,7,24,8
53,1103,126.5701,43.83128,14,1,8,2,10
31,949,126.58878,43.86208,1,1,6,8,8
165,2709,126.55916,43.90159,14,1,9,23,8
129,2925,126.51532,43.81616,1,1,7,29,9
129,2665,126.55584,43.85265,1,1,8,18,8
53,75,126.57329,43.81913,1,1,7,8,8
129,2688,126.51575,43.8082,1,1,9,12,8
165,1656,126.61509,43.89168,1,0,5,17,14
31,949,126.5897,43.86282,1,1,6,3,12
31,4849,126.58116,43.84409,1,1,9,14,8
31,435,126.56236,43.86172,1,1,7,6,7
31,1558,126.56962,43.87414,1,1,9,10,8
53,75,126.57498,43.81893,14,1,7,20,8
53,2452,126.57957,43.78369,14,1,6,17,11
31,435,126.56293,43.85878,14,1,6,12,8
31,949,126.59485,43.84042,14,1,8,12,8
129,2688,126.5283,43.8185,14,1,9,2,11
53,4474,126.5546,43.81985,1,1,8,12,9
53,75,126.55324,43.82555,1,1,8,30,8
129,1520,126.54891,43.84879,14,1,9,25,8
129,1520,126.55938,43.85368,1,1,9,20,9
165,3156,126.54738,43.91333,1,0,7,20,8
53,75,126.56108,43.82276,10,1,8,25,8
31,949,126.58971,43.84035,1,1,9,13,7
129,2688,126.5127,43.81896,14,1,9,23,9
53,4474,126.54505,43.81133,1,1,9,21,9
129,2688,126.52073,43.8134,1,1,9,22,8
31,949,126.59376,43.85797,14,1,9,5,8
53,75,126.56895,43.82547,1,1,9,17,7
53,487,126.54793,43.79388,14,1,8,1,8
31,949,126.5906,43.84066,1,0,8,3,9
53,4474,126.54448,43.81649,1,1,8,13,9
31,949,126.58827,43.85522,14,1,9,11,8
53,487,126.53685,43.805,14,1,7,2,8
53,487,126.52934,43.80491,14,1,8,11,9
129,2925,126.52321,43.83667,1,1,8,5,10
165,1656,126.54789,43.91013,1,1,10,7,8
129,2688,126.53028,43.82201,14,1,9,4,9
31,435,126.57965,43.86919,1,1,10,2,8
129,2688,126.50668,43.8042,14,1,7,27,10
165,1656,126.57077,43.92941,1,0,6,12,8
129,2925,126.51912,43.82719,1,1,8,30,7
53,75,126.57874,43.8233,14,1,7,6,9
129,2925,126.51888,43.83159,1,1,6,14,9
53,4474,126.5509,43.80507,1,1,9,17,8
129,2688,126.51823,43.80958,1,1,8,30,7
129,2665,126.54089,43.84308,1,1,8,16,8
53,4474,126.54723,43.82055,14,1,8,15,8
129,2925,126.51792,43.82661,1,1,9,21,8
53,4474,126.55021,43.81679,1,1,8,19,9
53,75,126.55298,43.83031,1,1,7,26,8
31,4849,126.57409,43.85186,14,1,8,24,9
53,4474,126.55291,43.81629,1,1,7,21,8
31,435,126.55271,43.8683,1,0,9,5,12
53,75,126.55223,43.82688,1,1,8,30,8
53,75,126.56308,43.82582,14,1,9,1,9
31,949,126.59412,43.86066,14,1,9,21,9
31,949,126.58852,43.85486,14,1,8,18,7
165,2709,126.56282,43.91508,14,1,8,27,8
129,1520,126.54137,43.84596,1,1,9,14,8
53,4474,126.55161,43.81613,14,1,9,11,8
31,949,126.59088,43.86331,1,1,7,31,13
129,2688,126.53134,43.8281,14,1,7,28,8
53,4474,126.5426,43.82071,1,1,9,10,8
31,4849,126.57391,43.85344,1,1,8,2,8
53,75,126.56693,43.82399,14,1,6,7,13
31,949,126.59428,43.86057,14,1,9,11,8
53,4474,126.55146,43.82047,14,1,9,4,9
129,2925,126.51645,43.82467,14,1,7,5,9
165,1656,126.55897,43.91412,14,1,7,19,8
31,435,126.54756,43.86908,1,1,9,10,8
53,75,126.57664,43.82512,1,1,8,11,9
129,2688,126.52034,43.80843,1,1,8,14,8
129,2925,126.51875,43.83142,1,1,5,31,10
31,949,126.59589,43.84187,1,1,8,30,8
53,1103,126.56597,43.83211,14,1,8,17,9
53,487,126.52987,43.80529,14,1,8,15,8
53,487,126.55295,43.79413,14,1,6,18,10
165,3156,126.55499,43.9144,14,0,5,16,10
53,1103,126.57783,43.8287,1,1,5,17,11
129,2925,126.51457,43.81209,1,1,8,13,8
31,1558,126.56689,43.86175,14,1,10,13,7
165,2709,126.56061,43.90972,14,1,9,11,9
31,2208,126.54307,43.87544,1,1,6,5,14
53,1103,126.57779,43.82864,1,1,8,12,9
31,949,126.59109,43.84141,1,1,5,29,14
165,1656,126.80487,43.94605,14,1,9,14,9
129,2688,126.52284,43.82528,1,1,7,2,14
31,949,126.58696,43.84851,1,1,8,10,11
53,1103,126.57187,43.83102,14,1,6,14,10
31,4849,126.56815,43.85189,14,1,9,17,8
129,2688,126.52055,43.81616,1,1,8,31,7
129,2925,126.50773,43.82037,1,1,8,12,9
165,3156,126.54698,43.90976,1,0,6,28,8
165,1656,126.55913,43.90989,1,0,6,24,16
165,290,126.55103,43.91253,1,1,9,18,9
129,323,126.51667,43.82183,14,1,9,27,9
31,1558,126.542,43.86982,1,1,9,11,10
31,435,126.56209,43.86901,1,1,6,3,15
129,2925,126.51841,43.82089,1,1,6,9,9
129,2688,126.51498,43.80892,1,1,9,27,9
31,949,126.59,43.85005,1,1,9,30,8
31,949,126.59389,43.84882,1,1,7,2,8
53,75,126.57436,43.82708,1,1,9,3,11
129,2925,126.51515,43.83334,1,1,8,20,8
31,435,126.55273,43.87218,1,1,8,29,13
165,290,126.55572,43.90929,14,1,9,12,9
165,1656,126.54917,43.91413,1,0,6,4,17
165,1656,126.55236,43.90896,1,1,9,28,9
31,949,126.59005,43.86369,1,1,9,7,8
129,1520,126.56325,43.84936,0,1,9,27,8
165,3156,126.55093,43.91076,14,1,6,29,9
129,2925,126.51632,43.83094,1,1,8,10,8
31,949,126.59245,43.84234,1,1,7,29,8
31,435,126.55826,43.86873,1,1,8,4,9
31,949,126.58706,43.85773,14,1,5,24,15
129,2925,126.51633,43.82519,1,1,7,15,8
129,638,126.55881,43.8405,1,1,6,9,9
31,4849,126.57336,43.84047,1,1,9,25,8
31,949,126.5881,43.848,1,1,6,9,9
53,75,126.54724,43.82325,14,1,7,18,8
53,1103,126.57134,43.8098,1,1,6,13,15
31,4849,126.58043,43.84465,1,1,9,19,7
129,2665,126.55497,43.85428,1,1,8,9,9
129,638,126.54512,43.83726,1,1,7,2,9
53,75,126.57605,43.82233,1,1,6,11,8
53,4474,126.54585,43.81619,1,1,6,29,12
31,949,126.59018,43.84767,1,1,8,30,8
129,3853,126.46991,43.94752,3,1,6,7,12
129,2925,126.50557,43.81757,1,1,8,15,8
53,2618,126.56681,43.83241,14,1,5,31,10
129,2688,126.53221,43.82531,1,1,9,4,9
53,4474,126.54762,43.81475,14,1,8,24,8
31,2208,126.54802,43.87425,1,1,5,28,18
31,4849,126.58047,43.83939,14,1,7,21,7
129,2688,126.51446,43.80848,1,1,7,2,8
31,4849,126.58458,43.84163,1,1,9,24,9
129,2665,126.55237,43.85183,14,1,8,4,8
165,1656,126.55542,43.91208,14,1,9,15,9
129,638,126.54809,43.83821,14,1,7,20,8
165,290,126.54351,43.91422,1,1,9,27,9
129,638,126.55754,43.84083,1,1,7,17,9
129,1520,126.55739,43.84955,1,1,9,12,7
31,4849,126.58263,43.84055,1,1,9,28,8
31,4849,126.57569,43.85282,1,1,9,27,8
31,152,126.56827,43.88713,14,1,6,3,14
31,949,126.59191,43.83969,1,1,7,8,8
53,75,126.54848,43.82189,0,1,8,20,8
31,949,126.5876,43.85754,14,1,9,10,8
31,4849,126.57566,43.84779,1,1,7,19,7
53,75,126.55387,43.82561,1,1,7,21,8
53,75,126.56889,43.81897,1,1,7,30,9
31,4849,126.57403,43.8527,1,1,7,25,7
31,435,126.561,43.86225,1,1,9,5,8
31,4849,126.57289,43.83926,1,1,9,1,9
165,1656,126.55157,43.91428,14,1,10,10,8
31,4849,126.58112,43.84359,1,1,8,10,7
53,75,126.57351,43.82775,1,1,9,16,8
53,4474,126.5457,43.81069,1,1,9,27,8
53,487,126.5764,43.78018,1,1,8,23,8
129,1520,126.56573,43.85779,7,1,9,6,7
31,949,126.59356,43.862,14,1,6,29,9
31,4849,126.57606,43.83932,1,1,9,18,8
53,75,126.55608,43.82287,10,1,6,8,7
31,949,126.59117,43.86118,1,1,7,1,7
31,4849,126.56846,43.84936,7,1,8,10,13
129,1520,126.55286,43.8505,14,1,9,5,7
129,2688,126.517,43.80938,1,1,9,23,8
129,1520,126.54953,43.84538,1,1,9,13,8
129,638,126.55384,43.83886,1,1,7,2,9
165,1656,126.54979,43.90874,14,1,5,18,11
53,487,126.52439,43.79903,1,1,9,2,14
53,487,126.59197,43.77654,14,1,8,21,8
53,4474,126.54439,43.81696,1,1,8,4,8
129,1520,126.55896,43.84588,7,1,9,12,7
53,1103,126.57038,43.81229,1,1,7,19,12
165,3156,126.54413,43.90522,1,1,8,14,9
31,1558,126.55233,43.86878,1,1,10,13,15
129,2688,126.52916,43.82016,1,1,9,9,9
129,2688,126.53214,43.82262,1,1,8,29,8
53,75,126.56661,43.81813,14,1,8,21,9
53,75,126.5454,43.82547,1,1,9,6,8
129,638,126.54555,43.83636,1,1,7,19,8
53,2289,126.57021,43.81045,1,1,5,29,13
31,4849,126.58361,43.84149,1,1,6,2,7
129,2925,126.51395,43.81342,1,1,6,3,10
129,2688,126.53244,43.82181,1,1,8,3,8
53,75,126.55099,43.83038,1,1,8,15,8
31,4849,126.58197,43.84042,1,1,9,30,8
31,949,126.5883,43.85044,7,1,5,17,8
53,1103,126.57168,43.80925,1,1,9,9,16
53,4474,126.54751,43.81539,1,1,8,14,8
31,4849,126.58114,43.839,14,1,9,16,8
53,4474,126.54469,43.81542,1,1,9,20,8
53,75,126.57515,43.82139,1,1,8,6,8
129,2688,126.52139,43.81079,1,1,8,16,8
53,75,126.56467,43.82751,14,1,8,27,8
129,2688,126.52265,43.82466,1,1,7,26,8
165,1656,126.62352,43.88829,14,0,6,7,12
31,4849,126.56673,43.84683,7,1,9,30,8
165,1656,126.55191,43.90452,1,0,6,16,8
31,435,126.55286,43.87225,1,1,6,4,14
53,487,126.57642,43.78017,1,1,9,13,8
53,4474,126.55478,43.81754,1,1,8,6,8
165,1656,126.55395,43.89796,1,1,9,19,8
53,1103,126.57344,43.81281,1,1,7,27,13
129,2688,126.53212,43.82193,1,1,9,30,9
165,1656,126.55943,43.92081,14,1,9,19,8
165,1656,126.56072,43.92116,14,0,6,27,10
129,2688,126.51962,43.81914,1,1,7,4,14
53,487,126.52376,43.80345,1,1,6,11,12
53,75,126.55461,43.82474,1,1,7,29,8
53,979,126.5557,43.8025,1,1,5,29,14
53,4474,126.55879,43.80164,1,1,9,9,8
53,75,126.56686,43.82554,14,1,7,29,8
129,638,126.56422,43.84056,14,1,7,11,8
31,949,126.59377,43.84298,14,1,5,19,8
129,2925,126.51736,43.81976,14,1,9,5,8
129,2665,126.55841,43.84959,1,1,8,2,9
53,75,126.57277,43.8208,1,1,9,28,8
31,4849,126.57568,43.85256,1,1,8,5,14
53,75,126.5653,43.8259,1,1,7,30,8
53,487,126.53048,43.80464,14,1,8,6,8
31,4849,126.56799,43.85235,14,1,8,31,13
53,4474,126.55667,43.8106,14,1,9,4,9
165,1656,126.56452,43.91086,14,1,5,29,8
31,4849,126.56911,43.83954,13,1,7,27,8
31,4849,126.56805,43.84132,14,1,7,31,12
53,4474,126.54336,43.81959,1,1,7,2,11
129,2925,126.51438,43.81534,14,1,8,1,9
165,3156,126.55068,43.90607,1,1,5,14,10
129,2665,126.56172,43.84832,14,1,8,26,7
31,4849,126.56762,43.84674,7,1,9,16,13
53,1103,126.57373,43.8312,1,1,6,14,10
165,1656,126.57503,43.93015,1,1,9,21,9
53,75,126.55748,43.83307,1,1,9,15,9
53,1103,126.56116,43.8083,0,1,7,15,14
31,949,126.5933,43.84179,14,1,9,21,9
53,4474,126.55643,43.80068,1,1,8,31,8
165,1656,126.56654,43.92794,14,0,7,20,8
53,4474,126.55269,43.81907,14,1,9,25,8
53,75,126.57044,43.82651,1,1,6,11,8
129,2688,126.5306,43.81996,1,1,8,14,15
129,2665,126.55849,43.85538,1,1,8,13,8
31,4849,126.57602,43.84242,1,1,8,18,7
165,2709,126.57219,43.9118,14,0,6,7,8
53,1103,126.57896,43.8293,1,1,8,1,9
53,979,126.55854,43.80858,1,1,5,29,8
53,1103,126.58986,43.83036,1,1,6,4,10
165,1656,126.55336,43.91112,1,1,9,29,9
165,1656,126.75198,43.95638,14,1,8,11,9
53,1103,126.57074,43.80653,1,1,5,17,14
129,638,126.54082,43.84666,1,1,7,4,10
31,2208,126.54269,43.87483,1,1,6,5,13
129,638,126.54471,43.83682,1,1,6,10,9
53,487,126.559,43.74828,14,1,9,16,8
53,75,126.56237,43.81628,14,1,9,23,9
31,4849,126.5732,43.85347,1,0,9,3,14
31,1558,126.54069,43.86961,1,1,9,2,10
129,638,126.55672,43.8428,1,1,6,30,10
129,2688,126.51204,43.81786,1,1,8,1,8
31,1558,126.56552,43.8785,1,1,9,4,10
53,1103,126.57163,43.81243,1,1,7,4,14
53,1103,126.57736,43.82973,1,1,8,14,9
129,2925,126.5114,43.83285,1,1,6,30,9
165,3156,126.55493,43.89957,1,1,7,13,9
53,487,126.53185,43.80804,14,1,8,30,8
31,4849,126.57531,43.83891,1,1,8,8,8
31,4849,126.57965,43.8443,1,1,9,27,8
31,435,126.5505,43.86101,1,1,7,18,8
53,1103,126.57109,43.83187,1,1,8,11,9
31,435,126.57139,43.87977,14,0,9,29,7
31,4849,126.58321,43.84613,14,1,7,22,7
53,1087,126.58003,43.82849,1,1,6,17,10
31,949,126.58638,43.84593,14,1,7,17,15
53,4474,126.54845,43.81588,1,1,7,8,8
53,1103,126.56581,43.80858,1,1,8,3,14
129,2688,126.52132,43.81315,1,1,8,27,7
129,87,126.5525,43.8399,14,1,10,12,10
53,487,126.5295,43.80485,14,1,7,3,8
53,1103,126.57077,43.80653,1,1,8,31,13
53,1103,126.57044,43.83195,1,1,8,13,9
129,3458,126.55508,43.85429,1,1,5,16,10
53,75,126.56675,43.8126,14,1,6,16,10
31,4849,126.58335,43.84094,1,1,7,2,8
165,1656,126.55368,43.9191,14,0,6,7,9
129,1520,126.55022,43.8496,14,1,9,28,9
129,2925,126.51304,43.81423,1,1,8,4,9
129,2665,126.54378,43.84893,1,1,8,11,8
31,435,126.55184,43.85706,14,1,6,27,8
53,4474,126.5537,43.81264,14,1,8,29,16
129,2688,126.52036,43.81021,1,1,8,19,9
129,2665,126.56616,43.85463,14,1,8,10,13
31,949,126.59583,43.84174,1,1,6,9,13
53,75,126.56129,43.82733,14,1,5,30,17
129,2665,126.55555,43.84923,14,1,8,16,8
53,75,126.57295,43.82404,1,1,6,3,13
129,638,126.55242,43.84354,7,1,6,9,9
129,638,126.56023,43.84759,14,1,6,12,9
129,1520,126.56237,43.85436,1,1,9,22,11
129,2665,126.54019,43.84837,1,1,8,22,9
31,4849,126.56804,43.83928,13,1,8,6,8
31,949,126.58972,43.85838,1,1,9,12,8
31,4849,126.57249,43.84187,1,1,8,9,8
129,2688,126.51623,43.80701,1,1,6,17,14
129,2925,126.50566,43.82007,1,1,8,9,9
53,4474,126.55022,43.81678,1,1,10,1,8
53,75,126.57596,43.82399,1,1,8,15,9
31,4849,126.58033,43.84146,1,1,5,20,8
165,3156,126.54463,43.90552,1,0,5,25,10
53,3559,126.56243,43.79738,1,1,5,29,13
129,2688,126.52792,43.82264,14,1,8,27,7
165,3156,126.54582,43.90995,1,1,8,12,9
53,979,126.55873,43.80223,1,1,6,4,9
53,75,126.56487,43.81506,1,1,7,16,8
31,949,126.59294,43.8406,1,1,6,24,15
53,75,126.5709,43.8292,1,1,6,19,9
31,4849,126.58392,43.83955,1,1,8,11,8
129,2688,126.53162,43.82157,1,1,7,27,9
53,4474,126.5433,43.81574,1,1,8,25,8
129,2688,126.51508,43.81523,1,1,8,8,15
31,435,126.56345,43.86721,1,1,6,7,7
53,4474,126.54623,43.81603,1,1,9,11,8
31,4849,126.58039,43.83836,14,1,8,19,8
53,487,126.54234,43.79144,14,1,9,24,9
165,1656,126.5773,43.93018,4,1,9,14,9
129,2688,126.52056,43.82259,14,1,7,17,11
31,4849,126.57565,43.85216,1,1,9,11,9
31,435,126.56314,43.86911,1,1,7,9,8
129,2688,126.52796,43.81486,1,1,9,14,8
53,487,126.55125,43.78681,14,1,8,29,9
165,1656,126.57834,43.89431,14,1,9,19,8
31,4849,126.57827,43.84236,1,1,9,17,8
53,487,126.5832,43.7827,1,1,10,1,8
53,4474,126.55545,43.81761,14,1,7,28,8
129,2925,126.51859,43.83265,1,1,7,2,9
53,75,126.56156,43.82574,14,1,8,30,8
129,323,126.52302,43.82279,14,1,9,28,10
31,435,126.56221,43.87145,1,1,6,28,13
129,2925,126.5164,43.81373,1,1,6,8,9
129,2925,126.52265,43.82314,14,1,8,26,7
31,4849,126.5714,43.8519,14,1,9,29,8
31,949,126.58754,43.84753,1,1,7,30,13
53,1103,126.5708,43.80648,1,1,9,15,14
129,2688,126.53566,43.82912,1,1,7,28,8
53,1103,126.57686,43.82708,1,1,9,25,9
129,2688,126.52395,43.81465,1,1,6,10,9
53,487,126.52638,43.79959,14,1,9,21,9
165,1656,126.56372,43.92117,1,1,8,8,9
31,435,126.56349,43.86836,1,0,9,29,7
165,3156,126.54949,43.90626,1,1,5,18,10
53,487,126.55109,43.78755,14,1,7,26,8
129,2688,126.52035,43.81036,1,1,9,2,7
129,2665,126.54995,43.84995,14,1,8,4,8
129,2688,126.52205,43.82657,1,1,8,24,8
165,3156,126.54828,43.90054,1,0,5,29,10
129,638,126.5499,43.84605,1,1,7,27,16
31,949,126.59136,43.86156,1,1,6,15,7
53,1103,126.57187,43.83118,14,1,7,2,8
31,4849,126.56852,43.84397,14,1,7,16,8
53,75,126.56017,43.82514,1,1,7,29,8
129,2688,126.53224,43.82745,1,1,7,21,8
53,75,126.5597,43.83344,1,1,9,13,8
129,638,126.56341,43.84418,14,1,6,6,9
31,949,126.58975,43.83957,1,1,7,13,8
53,1103,126.56972,43.83221,1,1,7,5,9
53,1103,126.56927,43.81296,1,1,6,10,15
129,2925,126.51661,43.81946,14,1,6,19,10
129,1520,126.55434,43.84608,14,1,10,16,8
129,2688,126.53242,43.82178,1,1,7,24,8
31,4849,126.57338,43.85043,14,1,8,21,9
31,949,126.5957,43.85487,14,1,9,23,7
31,949,126.58971,43.84076,1,1,7,26,7
53,1103,126.56484,43.80854,1,1,7,5,13
53,4474,126.54538,43.81161,1,1,6,29,11
129,638,126.55548,43.84011,1,1,7,25,8
53,1103,126.56718,43.83257,14,1,9,5,10
53,1103,126.604,43.82873,1,1,7,23,9
129,2688,126.51185,43.80793,1,1,8,26,10
165,3156,126.55368,43.89977,14,1,8,13,9
129,2688,126.52705,43.82188,1,1,6,8,14
31,435,126.55388,43.87451,1,1,5,28,15
129,3458,126.55503,43.85411,1,1,6,27,10
31,949,126.58867,43.84086,14,1,6,18,15
31,1558,126.56728,43.83961,12,1,10,8,9
165,3156,126.54554,43.91258,1,1,6,18,9
31,435,126.55568,43.86236,14,1,8,13,7
129,2925,126.5142,43.83339,1,1,8,16,8
31,435,126.55399,43.87375,1,1,7,7,7
165,3156,126.54982,43.91101,14,1,8,9,9
31,4849,126.58052,43.84563,14,1,8,13,8
31,4849,126.57879,43.83694,14,1,6,19,15
31,949,126.58919,43.8497,1,1,8,2,8
53,2618,126.57411,43.83064,1,1,6,8,7
165,1656,126.56327,43.91038,7,1,10,7,8
53,487,126.54685,43.80783,14,1,6,17,14
129,2665,126.54419,43.8471,1,1,8,21,8
31,4849,126.56731,43.84688,7,1,9,29,8
165,1656,126.5306,43.92913,14,1,7,16,9
129,2688,126.51999,43.81491,1,1,7,15,7
165,1656,126.56128,43.91393,14,1,7,21,8
53,4474,126.55954,43.81968,1,1,9,16,14
165,3156,126.55108,43.91224,1,1,6,18,9
53,75,126.56945,43.82236,14,1,8,9,9
129,2688,126.52001,43.8158,1,1,8,9,9
53,4474,126.55864,43.80805,1,1,7,25,8
129,2925,126.5186,43.83257,1,1,9,10,9
165,1656,126.56927,43.92971,1,1,8,5,8
53,1103,126.59627,43.82802,14,1,9,11,9
53,1103,126.56924,43.8094,1,1,8,24,13
129,2925,126.51703,43.81989,14,1,7,14,9
53,4474,126.54967,43.82011,1,1,8,24,8
165,1656,126.57559,43.90524,14,1,5,19,11
31,949,126.59309,43.8545,14,1,7,2,8
129,2688,126.52277,43.81394,1,1,6,1,13
165,1656,126.56914,43.92992,1,1,9,17,8
129,2925,126.51851,43.8326,1,1,6,29,8
53,1103,126.613,43.84714,14,1,8,23,10
165,2709,126.58631,43.8942,1,1,9,10,8
129,2688,126.51791,43.81053,1,1,6,19,15
53,2452,126.54664,43.79366,14,1,6,4,9
53,1103,126.57164,43.80658,1,1,8,8,13
53,1103,126.57122,43.83106,14,1,8,24,10
129,87,126.56309,43.84471,14,1,10,5,8
165,1656,126.55101,43.90465,1,1,9,16,9
53,75,126.57615,43.82127,1,1,8,2,8
129,2925,126.51225,43.81342,1,1,8,6,9
53,1103,126.58971,43.83046,1,1,8,4,9
53,967,126.67723,43.72988,14,1,8,27,11
53,487,126.52329,43.79994,1,1,9,2,8
53,75,126.57407,43.82772,1,1,5,28,9
53,75,126.56649,43.81448,1,1,8,19,9
53,75,126.55425,43.82542,1,1,8,27,8
53,4474,126.55872,43.81659,1,1,9,16,14
129,2925,126.51774,43.83267,1,1,6,28,10
129,2925,126.52366,43.83618,1,1,6,4,11
31,4849,126.56798,43.85228,14,1,8,20,8
129,638,126.54658,43.84218,0,1,6,4,11
31,3073,126.55061,43.86789,1,1,6,8,9
53,4474,126.55541,43.80664,1,1,9,8,9
31,435,126.55286,43.87214,1,1,10,2,8
165,1656,126.55513,43.9096,1,1,8,12,9
31,4849,126.57149,43.85198,14,1,9,24,9
129,323,126.51782,43.82665,1,1,9,29,9
53,75,126.56421,43.81462,1,1,7,28,8
165,2709,126.56996,43.89491,14,1,8,16,8
53,487,126.53293,43.80575,1,1,8,31,8
53,4474,126.55098,43.80516,1,1,8,12,9
53,75,126.56648,43.81557,1,1,7,4,9
129,2665,126.536,43.84833,1,1,8,30,7
129,2688,126.53498,43.82797,1,1,7,18,8
31,4849,126.58297,43.8414,1,1,7,15,8
31,4849,126.56969,43.84492,1,1,5,30,15
165,1656,126.54526,43.90475,1,1,9,17,8
129,161,126.56333,43.8463,14,1,6,18,15
53,487,126.57609,43.78328,14,1,8,15,9
129,2688,126.52694,43.82155,1,1,9,3,11
31,4849,126.56784,43.84091,14,1,10,1,7
129,2925,126.51284,43.83374,1,1,6,14,9
31,435,126.55276,43.87218,1,1,7,31,13
129,2688,126.51564,43.82321,14,1,9,15,15
53,1103,126.56996,43.80888,1,1,6,9,13
31,949,126.58805,43.84368,1,1,6,17,7
53,4474,126.54582,43.81488,1,1,7,27,8
31,2208,126.5429,43.8744,1,1,5,28,18
53,487,126.55238,43.78799,14,1,8,10,8
129,2688,126.51695,43.81179,1,1,9,23,8
53,487,126.59341,43.778,14,1,8,23,8
31,949,126.59037,43.85294,1,1,9,30,8
53,75,126.57043,43.8218,14,1,6,30,9
31,4849,126.57147,43.84065,1,1,7,19,7
53,4474,126.54657,43.81892,14,1,8,27,15
165,1656,126.56793,43.9188,14,1,8,16,10
129,2665,126.56281,43.84688,7,1,8,21,8
165,1656,126.55053,43.90407,1,1,8,26,8
165,1656,126.57419,43.93024,1,1,8,2,8
31,435,126.55276,43.87225,1,1,9,15,8
53,1103,126.57318,43.82956,3,1,6,11,12
53,75,126.56408,43.80949,4,1,7,5,8
129,2688,126.52905,43.82374,1,1,8,23,8
53,75,126.56572,43.81909,14,1,5,29,15
31,435,126.55391,43.87241,1,1,8,13,7
165,1656,126.56629,43.92887,14,1,6,11,8
53,75,126.57538,43.82289,1,1,6,30,9
31,4849,126.57201,43.83934,1,1,8,23,9
165,1656,126.55362,43.89989,14,1,10,1,9
53,75,126.57722,43.81881,14,1,7,30,8
53,4474,126.56078,43.81515,14,1,8,26,8
31,4849,126.5679,43.84452,4,1,5,21,9
31,4849,126.56718,43.84693,7,1,6,13,9
53,1103,126.56697,43.80894,1,1,7,30,13
129,2665,126.54659,43.85124,14,1,8,12,9
129,638,126.55248,43.84329,7,1,8,3,9
31,949,126.59195,43.84537,1,1,5,18,8
53,75,126.57043,43.82683,1,1,8,22,8
165,290,126.54538,43.91093,1,1,9,15,9
53,75,126.55229,43.82827,1,1,8,2,8
129,2688,126.53291,43.82742,1,1,9,11,16
129,2925,126.52179,43.82282,14,1,6,27,9
129,2925,126.51706,43.83142,1,1,9,17,7
129,2688,126.53202,43.82138,1,1,9,13,8
53,1103,126.57908,43.82922,1,1,8,8,10
129,2665,126.54027,43.84938,1,1,8,15,8
53,1103,126.57083,43.80647,1,1,7,23,12
53,4474,126.5453,43.82128,14,1,9,14,9
53,75,126.56979,43.8187,1,1,9,17,8
53,75,126.56718,43.82486,1,1,9,10,7
129,2688,126.52244,43.82652,1,1,6,27,15
129,2925,126.52024,43.82281,14,1,7,10,8
53,1103,126.57579,43.83049,1,1,9,2,8
129,2688,126.52707,43.81413,1,1,8,27,7
31,4849,126.57076,43.84782,1,1,7,9,8
129,2688,126.52692,43.81602,1,1,7,17,14
31,949,126.58728,43.84071,14,1,8,26,8
31,4849,126.57872,43.84487,14,1,6,18,8
53,4474,126.54679,43.81404,1,1,7,5,8
129,2925,126.52326,43.8367,1,1,5,29,9
165,1656,126.55197,43.90469,1,1,5,17,10
165,1656,126.56399,43.92063,14,1,7,26,8
53,1103,126.57206,43.80806,1,1,8,27,14
53,4474,126.54599,43.81102,1,1,8,24,8
53,4474,126.54524,43.81941,14,1,8,28,8
165,1656,126.51661,43.94268,14,1,6,18,15
31,949,126.58961,43.85765,1,1,5,27,13
53,75,126.5638,43.82551,14,1,8,14,8
53,75,126.55434,43.83167,1,1,8,26,8
165,3156,126.55632,43.91443,1,0,6,3,9
53,4474,126.54963,43.82002,1,1,8,16,8
129,2688,126.51558,43.80927,1,1,9,8,7
53,1103,126.59924,43.82855,14,1,8,11,9
31,435,126.55471,43.8602,14,1,8,18,7
53,1103,126.58691,43.82865,1,1,6,11,9
53,1103,126.57794,43.82837,1,1,9,23,9
129,1520,126.56344,43.84625,14,1,9,18,9
53,1103,126.57249,43.8125,1,1,8,6,14
129,2925,126.50111,43.81002,14,1,8,15,8
129,638,126.54669,43.84202,0,1,7,27,10
129,2925,126.51208,43.83235,1,1,7,28,8
129,2688,126.51966,43.82032,1,1,9,3,11
165,2709,126.55433,43.90813,1,1,5,20,9
53,1756,126.58835,43.82192,1,1,6,4,11
31,949,126.59208,43.86279,1,1,8,26,8
53,4474,126.54361,43.81633,1,1,7,31,8
53,75,126.56859,43.82455,1,1,9,1,9
129,1520,126.54539,43.84803,1,1,9,30,9
53,75,126.55916,43.83247,1,1,9,16,8
31,949,126.59572,43.84185,1,1,6,17,13
31,435,126.56008,43.86147,1,1,7,26,9
31,4849,126.57322,43.8449,7,1,8,1,7
53,4474,126.55213,43.81576,14,1,8,12,9
53,75,126.57317,43.82405,1,1,8,13,9
53,1103,126.60134,43.83363,1,1,6,29,9
53,4474,126.55884,43.81932,14,1,7,24,8
53,1103,126.56839,43.81125,1,1,6,10,14
53,1103,126.56754,43.80993,1,1,6,13,15
31,4849,126.57293,43.8473,14,1,7,7,7
53,1103,126.5802,43.82895,1,1,9,24,8
53,1103,126.59658,43.83313,1,1,6,14,10
31,949,126.59465,43.84176,14,1,7,17,16
129,2688,126.50583,43.80395,1,1,8,19,9
31,435,126.55275,43.8722,1,1,7,2,8
129,2665,126.56544,43.8525,4,1,8,7,9
31,435,126.54923,43.86841,1,1,8,31,9
129,2688,126.53199,43.8213,1,1,9,12,8
129,2688,126.52358,43.82174,14,1,8,24,7
53,1103,126.57685,43.8271,1,1,9,17,10
53,1103,126.57506,43.82919,3,1,7,27,9
53,4474,126.55684,43.81736,1,1,8,22,8
165,3156,126.54826,43.90051,1,0,5,27,10
129,161,126.5497,43.84999,14,1,6,17,13
129,2665,126.54606,43.84925,14,1,8,16,8
31,949,126.58744,43.85914,1,1,9,5,8
165,1656,126.56283,43.91202,1,1,7,21,8
53,1103,126.57538,43.82901,3,1,7,5,9
53,75,126.55006,43.82937,1,1,7,8,8
165,1656,126.57172,43.91834,1,1,8,10,11
53,487,126.53684,43.80508,14,1,5,16,8
31,4849,126.57821,43.84227,1,1,9,11,9
31,949,126.58669,43.84877,1,1,9,24,8
165,1656,126.55192,43.9087,14,1,9,2,9
129,2665,126.54386,43.84533,14,1,8,7,9
31,949,126.5921,43.86162,1,1,7,3,7
129,638,126.5589,43.8435,1,1,6,8,9
129,161,126.56281,43.85068,14,1,6,13,10
31,4849,126.57987,43.84528,1,1,5,24,9
165,3156,126.55,43.91293,1,1,7,22,9
53,4474,126.54651,43.81825,14,1,9,26,8
53,487,126.53681,43.80502,14,1,9,22,9
53,75,126.5543,43.82621,1,1,7,17,8
165,3156,126.54861,43.91359,1,0,6,15,8
129,3458,126.53234,43.8325,1,1,6,4,17
53,1103,126.59849,43.82742,14,1,7,14,9
53,4474,126.55548,43.80653,1,1,7,31,8
31,435,126.5493,43.8736,1,1,8,17,7
53,854,126.59142,43.78948,14,1,6,18,13
53,1177,126.58941,43.78975,14,1,6,3,15
129,2688,126.52218,43.82549,1,1,6,5,17
129,2665,126.56308,43.85563,14,1,8,12,9
165,1656,126.5549,43.90975,1,1,10,7,8
129,2688,126.5159,43.80829,1,1,9,15,8
31,435,126.55149,43.87426,1,1,8,6,7
53,75,126.56916,43.82041,1,1,9,7,8
53,75,126.55813,43.83318,1,1,7,12,8
53,75,126.56878,43.81791,1,1,7,21,8
165,3156,126.54753,43.91352,1,1,5,21,9
165,3156,126.55454,43.91259,1,1,5,14,10
31,4849,126.56763,43.84198,14,1,8,31,13
53,4474,126.55545,43.80653,1,1,8,21,9
31,4849,126.57555,43.83921,1,1,8,4,14
165,1656,126.54285,43.91518,14,1,7,9,8
129,2665,126.5412,43.84522,1,1,8,14,9
165,290,126.55146,43.91058,14,1,9,30,8
165,3156,126.54988,43.90517,1,1,7,3,9
53,1103,126.57108,43.80733,1,1,8,8,13
53,1103,126.59115,43.82988,1,1,6,17,10
129,2688,126.51237,43.80771,1,1,8,21,9
165,1656,126.57048,43.92941,1,1,9,11,9
129,2302,126.54809,43.84866,14,1,7,12,8
53,75,126.5487,43.82955,1,1,9,2,8
31,4849,126.56713,43.8477,7,1,10,1,7
53,1103,126.57305,43.81245,1,1,7,3,12
129,2688,126.50385,43.80273,1,1,8,21,9
53,75,126.55056,43.82756,14,1,8,9,8
129,1520,126.54661,43.84372,14,1,9,29,8
129,1520,126.54662,43.85112,14,1,9,3,11
53,1087,126.57896,43.82656,1,1,6,17,10
129,2688,126.53266,43.82433,1,1,10,1,7
129,638,126.55166,43.84024,1,1,6,9,9
31,949,126.58981,43.86035,1,1,7,13,8
31,949,126.59024,43.83909,1,1,6,17,7
31,3073,126.55229,43.86798,1,1,6,18,13
53,1103,126.57201,43.83112,14,1,9,17,10
53,1103,126.5768,43.82759,1,1,8,5,9
165,1656,126.54824,43.90704,1,1,8,8,9
129,2925,126.51905,43.82956,1,1,9,15,8
31,152,126.56722,43.88786,14,1,6,3,14
31,435,126.55105,43.87335,1,1,6,18,13
129,2688,126.52627,43.824,1,1,7,8,8
129,638,126.55442,43.84371,14,1,7,4,10
53,1103,126.57364,43.83117,1,1,8,6,9
53,487,126.53642,43.80666,1,1,9,10,7
129,2925,126.51301,43.81295,1,1,8,24,7
129,2688,126.51783,43.81047,1,1,8,29,8
53,1103,126.56608,43.8321,14,1,6,30,10
53,75,126.56587,43.83061,7,1,8,19,9
31,949,126.59822,43.84426,14,1,9,23,7
53,2452,126.52107,43.79825,14,1,6,4,9
129,2688,126.53554,43.82824,1,1,7,31,13
165,1656,126.56023,43.92,4,1,5,23,9
129,2688,126.50395,43.80272,1,1,8,20,8
129,2925,126.51666,43.82571,1,1,7,18,15
31,949,126.58789,43.84897,1,1,8,20,8
129,638,126.53896,43.84431,1,1,7,27,10
165,1656,126.55084,43.90434,1,1,8,21,14
165,290,126.5538,43.89984,14,1,9,18,9
165,3156,126.55459,43.91471,14,1,8,2,9
31,949,126.59167,43.84054,1,1,9,15,9
31,435,126.57131,43.87977,14,1,10,2,8
129,2688,126.51673,43.80765,1,1,9,9,8
165,3156,126.55464,43.91463,14,1,7,13,9
129,2688,126.5279,43.81917,14,1,8,3,8
53,1103,126.60491,43.82795,1,1,8,24,10
53,75,126.56393,43.8262,1,1,9,1,9
53,75,126.57783,43.82376,1,1,6,1,8
31,3073,126.549,43.86911,1,1,5,29,9
129,2688,126.52492,43.81671,1,1,8,14,8
53,1103,126.57177,43.81089,1,1,7,7,15
53,75,126.56606,43.81273,14,1,6,9,9
165,1656,126.56519,43.92449,4,1,7,31,9
129,2925,126.51688,43.82506,1,1,6,1,8
31,4849,126.5714,43.84194,1,1,8,15,8
165,1656,126.55355,43.90681,1,1,9,19,8
53,487,126.57569,43.78357,14,1,9,24,9
53,1103,126.57099,43.83149,1,1,8,16,10
129,2925,126.49053,43.81325,1,1,8,2,9
53,1103,126.56934,43.8106,1,1,7,8,12
53,75,126.55975,43.8334,1,1,6,11,8
165,1656,126.57312,43.93007,1,0,6,27,10
53,75,126.56781,43.82575,1,1,6,8,12
53,75,126.56864,43.82362,1,1,6,18,13
129,638,126.54944,43.83827,10,1,7,14,9
129,2688,126.50402,43.80123,1,1,8,5,14
31,4849,126.5734,43.85308,1,1,9,15,7
31,435,126.55286,43.87228,1,1,7,3,7
53,1103,126.60503,43.82884,1,1,6,13,9
165,3156,126.55406,43.9,14,0,6,27,9
53,75,126.56142,43.82329,1,1,8,6,8
129,2925,126.51205,43.83369,1,1,8,20,9
31,949,126.59283,43.8624,1,1,9,21,9
129,1520,126.56296,43.85354,14,1,9,22,8
165,1656,126.55488,43.90978,1,1,8,15,9
165,3156,126.54781,43.91183,1,0,5,25,10
129,2925,126.52182,43.82282,14,1,8,25,8
53,75,126.55083,43.83037,1,1,8,3,8
129,2925,126.51529,43.81777,1,1,9,13,9
31,4849,126.57687,43.83984,14,1,9,14,8
31,949,126.59052,43.84079,1,1,5,29,14
53,75,126.56173,43.82037,0,1,8,16,9
31,949,126.59405,43.85926,1,1,5,24,8
53,75,126.5712,43.82719,1,1,6,4,14
31,4114,126.54576,43.86068,1,1,6,18,12
31,4849,126.57009,43.83915,1,1,8,22,9
31,4849,126.58225,43.83714,14,1,7,7,7
129,2925,126.51509,43.81288,1,1,6,17,11
53,75,126.55946,43.82041,4,1,7,30,8
53,4474,126.54614,43.81551,1,1,8,23,8
53,4474,126.55543,43.8056,1,1,7,1,9
129,638,126.54611,43.83773,1,1,7,9,9
129,2925,126.51956,43.81908,1,1,9,17,7
31,2208,126.53798,43.87125,1,1,6,1,11
53,318,126.57964,43.78398,14,1,5,16,8
31,1558,126.54245,43.86351,1,1,10,12,15
53,4474,126.5437,43.81375,1,1,8,17,8
129,2688,126.5327,43.82244,1,1,6,17,10
129,2688,126.51845,43.81156,1,1,7,7,14
53,75,126.55569,43.82481,1,1,8,6,8
129,1520,126.54482,43.84908,1,1,10,4,8
31,949,126.58759,43.84749,1,1,9,8,8
53,1103,126.57244,43.80713,1,1,9,12,15
53,1103,126.59769,43.83234,1,1,9,24,8
31,4849,126.58104,43.84265,1,1,9,26,7
129,2688,126.52537,43.8159,1,1,9,19,8
53,487,126.53321,43.80566,1,1,7,15,9
31,4849,126.57728,43.84555,14,1,8,11,9
129,1520,126.56322,43.84968,0,1,10,11,8
53,1177,126.5908,43.79026,14,1,6,8,7
129,638,126.54619,43.83747,1,1,7,19,9
129,588,126.49879,43.81449,1,1,5,13,15
53,487,126.57951,43.78376,14,1,9,23,9
129,2665,126.555,43.85426,1,1,8,21,8
165,3156,126.54536,43.91159,1,1,7,7,10
129,2925,126.51644,43.8146,1,1,6,29,8
53,1103,126.57104,43.81136,1,1,8,11,15
129,2665,126.5442,43.84402,1,1,8,22,9
31,4849,126.58055,43.84185,1,1,6,29,9
129,2925,126.51174,43.83222,1,1,7,12,8
53,1103,126.57087,43.80642,1,1,9,5,16
31,4849,126.58115,43.84409,1,1,7,4,8
129,2688,126.52147,43.81069,1,1,6,6,17
31,949,126.58998,43.86331,1,1,9,23,7
165,3156,126.59396,43.89286,14,0,7,19,9
31,435,126.55208,43.8606,14,1,7,28,7
31,949,126.58996,43.83781,1,1,6,12,11
165,1656,126.56819,43.90088,14,1,10,28,8
129,2688,126.53261,43.82645,1,1,8,20,8
129,2925,126.4906,43.81324,1,1,8,4,9
31,4849,126.57677,43.84184,1,1,8,31,13
31,949,126.59097,43.84183,1,1,9,13,7
129,1520,126.55691,43.85108,1,1,9,1,7
129,2688,126.51449,43.80847,1,1,9,3,11
53,4474,126.55537,43.80659,1,1,6,25,13
53,75,126.56373,43.83188,14,1,6,9,7
53,4474,126.55764,43.80865,1,1,9,2,14
129,1520,126.55247,43.84826,1,1,9,27,8
53,75,126.57013,43.82112,1,1,9,19,8
31,152,126.56673,43.88559,14,1,6,5,13
31,4849,126.57337,43.83951,1,1,9,17,8
129,2925,126.51425,43.83294,1,1,6,15,9
165,1656,126.55993,43.91802,14,1,8,24,9
129,2688,126.53229,43.8236,10,1,7,2,9
31,949,126.58883,43.86082,1,1,9,13,7
31,4849,126.57424,43.85515,1,1,8,26,9
129,2688,126.5334,43.8285,1,1,9,6,8
129,1520,126.54664,43.84879,14,1,9,7,7
53,487,126.53327,43.8062,1,1,9,30,8
53,1103,126.57162,43.81096,1,1,8,21,13
53,4474,126.54453,43.81481,1,1,8,2,8
129,161,126.5637,43.85712,14,1,6,15,9
129,638,126.55714,43.84033,1,1,6,30,10
31,4849,126.57414,43.84607,14,1,8,24,9
129,2688,126.53127,43.82831,14,1,6,8,14
129,2925,126.51493,43.81477,1,1,9,9,9
129,2925,126.51073,43.82103,1,1,7,12,8
53,75,126.55554,43.83308,1,1,7,16,8
53,75,126.57612,43.82236,1,1,9,9,10
129,638,126.55754,43.84016,1,1,6,30,10
129,2688,126.52495,43.8231,1,1,7,25,8
129,3458,126.56473,43.85355,14,1,6,27,9
165,3156,126.54615,43.91545,1,0,7,19,9
53,1103,126.57847,43.82975,1,1,8,10,9
53,1103,126.57733,43.82625,1,1,6,13,9
53,75,126.56355,43.82014,7,1,7,23,8
129,2925,126.51012,43.82293,1,1,8,10,8
53,4474,126.55701,43.80824,1,1,7,30,8
129,2925,126.51401,43.81342,1,1,7,30,9
129,2925,126.51923,43.83202,1,1,8,23,9
53,487,126.57949,43.78371,14,1,5,27,10
129,2665,126.55997,43.8551,14,1,8,10,13
53,1103,126.57729,43.82788,1,1,6,3,18
165,1656,126.4732,44.0899,14,1,9,27,9
31,435,126.55762,43.86963,1,1,7,8,8
53,487,126.53595,43.8067,1,1,8,10,8
129,2688,126.52563,43.82532,1,1,7,14,9
53,1103,126.5898,43.83041,1,1,6,28,9
53,75,126.56275,43.81484,14,1,9,27,8
53,75,126.56471,43.82756,14,1,6,9,9
129,638,126.54177,43.84363,1,1,6,28,17
165,1656,126.5626,43.91448,14,1,7,19,8
53,75,126.56307,43.82595,14,1,7,25,8
165,1656,126.55097,43.90844,14,1,9,6,9
53,4474,126.55691,43.81611,1,1,8,9,9
129,2688,126.52938,43.82579,1,1,6,18,14
53,1103,126.5761,43.82706,1,1,9,13,10
129,2665,126.54527,43.84821,1,1,8,16,8
53,75,126.55813,43.83324,1,1,8,31,8
129,3458,126.559,43.84734,14,1,6,27,9
53,487,126.52387,43.80466,1,1,7,5,8
129,2925,126.50242,43.82014,14,1,8,13,9
31,949,126.59249,43.83959,1,1,5,30,14
53,75,126.5669,43.82489,14,1,7,9,7
165,1656,126.5462,43.90811,1,1,8,22,8
31,4849,126.56777,43.84189,14,1,8,13,8
31,435,126.55275,43.8722,1,1,9,10,8
165,1656,126.57361,43.91743,4,1,8,22,9
129,638,126.54045,43.8452,1,1,7,26,9
129,638,126.54265,43.84409,1,1,7,21,8
129,2925,126.48779,43.81775,14,1,8,6,9
53,1103,126.57206,43.83151,1,1,7,7,9
31,435,126.55096,43.87335,1,1,5,31,18
165,3156,126.54925,43.91379,1,1,7,26,9
129,2925,126.5208,43.82277,14,1,7,2,9
165,1656,126.55451,43.91463,14,1,5,26,11
129,2688,126.53244,43.82182,1,1,7,19,8
129,2688,126.50597,43.8035,1,1,9,17,7
31,949,126.58972,43.85836,1,1,8,17,7
129,2688,126.52553,43.81502,1,1,8,16,8
165,3156,126.55081,43.91182,1,1,8,3,9
31,4849,126.57871,43.84409,1,1,9,9,8
31,949,126.59081,43.86335,1,1,7,8,8
31,4849,126.58335,43.8409,1,1,8,4,14
129,2925,126.52265,43.82316,14,1,8,28,7
31,949,126.59258,43.84974,14,1,7,29,8
31,949,126.59256,43.83959,1,1,6,5,14
53,75,126.56413,43.82458,12,1,8,13,9
165,3156,126.54922,43.90759,1,1,8,17,9
31,4849,126.58371,43.8418,1,1,9,1,9
129,2688,126.50197,43.79826,14,1,9,21,7
53,1103,126.57168,43.81093,1,1,6,1,18
129,638,126.55928,43.84318,1,1,7,22,8
53,1103,126.57248,43.82987,3,1,8,11,9
129,2688,126.51825,43.80952,1,1,9,2,11
53,75,126.54865,43.82204,0,1,9,25,8
129,2688,126.50979,43.81228,1,1,8,12,8
31,4849,126.56746,43.84396,14,1,6,18,14
53,75,126.5623,43.82631,1,1,8,7,9
165,1656,126.54737,43.9096,1,1,8,8,9
53,75,126.56808,43.82089,1,1,7,3,8
31,4849,126.58321,43.84032,1,1,9,13,7
53,1103,126.57584,43.82633,1,1,9,2,9
31,4849,126.58509,43.84412,14,1,8,15,8
53,4474,126.55185,43.80464,1,1,8,1,8
129,2688,126.52525,43.82407,1,1,7,20,8
53,75,126.57832,43.82157,1,1,9,2,8
31,4849,126.56764,43.84198,14,1,8,16,7
165,1656,126.56469,43.9109,14,1,7,19,8
129,1520,126.54489,43.849,1,1,9,27,9
31,949,126.59436,43.84583,14,1,9,20,8
165,2709,126.56894,43.89907,14,0,6,5,9
53,1103,126.57024,43.81141,1,1,7,1,12
129,2688,126.52073,43.81947,1,1,8,15,8
31,435,126.55761,43.87035,1,1,8,23,8
129,2688,126.50393,43.80286,1,1,8,17,8
129,2945,126.51724,43.8166,1,1,10,1,8
165,1656,126.55907,43.90772,14,1,7,21,9
31,949,126.58869,43.84111,1,1,7,2,8
129,2688,126.52493,43.81397,1,1,9,7,7
31,949,126.59026,43.85034,1,1,6,30,9
53,75,126.56398,43.82498,12,1,7,9,7
31,949,126.58802,43.85593,12,1,7,30,13
129,2665,126.56171,43.85157,4,1,8,10,13
31,435,126.55284,43.87223,1,1,7,5,7
31,4849,126.57317,43.846,1,1,6,4,10
53,1103,126.57716,43.8294,1,1,7,18,11
31,949,126.58941,43.86153,1,1,8,31,9
129,1520,126.53949,43.84399,14,1,10,7,8
129,2925,126.52358,43.83658,1,1,7,5,9
31,949,126.59307,43.85282,14,1,8,2,8
31,2208,126.54198,43.86982,1,1,6,1,11
165,3156,126.55628,43.91631,14,0,7,21,10
53,1756,126.58467,43.82325,1,1,6,4,11
53,75,126.56974,43.8187,1,1,9,1,9
31,4322,126.56249,43.88572,14,1,6,6,10
129,2925,126.52048,43.82653,1,1,7,4,9
53,75,126.55622,43.83295,1,1,7,14,9
53,3559,126.55031,43.82028,14,1,6,4,14
31,949,126.59554,43.85319,1,1,9,8,8
31,4849,126.57995,43.83917,14,1,5,16,9
31,949,126.59115,43.84923,1,1,8,6,7
53,1103,126.57957,43.82936,1,1,6,29,9
31,4849,126.57329,43.83939,1,1,7,16,9
31,949,126.58854,43.84431,1,1,7,12,7
53,979,126.5548,43.80953,10,1,6,8,7
31,4849,126.56918,43.85246,14,1,9,11,9
31,949,126.59063,43.84796,1,1,7,27,8
31,435,126.54986,43.87214,1,1,8,10,7
53,4474,126.54457,43.8113,1,1,8,16,8
129,1520,126.55333,43.85256,14,1,10,11,14
129,2665,126.54089,43.84229,14,1,8,26,7
53,1103,126.57828,43.82719,1,1,8,18,10
165,3867,126.62035,43.8888,14,1,7,27,8
165,1656,126.56493,43.92752,14,1,7,14,9
129,2925,126.52272,43.82319,14,1,8,28,7
53,1103,126.56723,43.80834,1,1,9,22,13
31,949,126.58925,43.84979,1,1,9,1,9
53,75,126.55495,43.82598,1,1,7,17,8
53,4474,126.54674,43.81392,1,1,8,8,10
53,1103,126.57294,43.8092,1,1,9,29,14
31,949,126.58876,43.83951,1,0,10,1,7
31,435,126.55273,43.87212,1,0,6,7,13
53,1103,126.57723,43.82942,1,1,6,12,9
31,4849,126.57174,43.84758,1,1,10,2,8
129,2688,126.51531,43.80912,1,1,6,28,16
53,4474,126.55774,43.81252,1,1,9,9,8
31,435,126.55163,43.87013,1,1,6,17,6
129,2925,126.52363,43.83641,1,1,8,10,8
129,2688,126.51262,43.80795,1,1,7,3,8
53,487,126.53182,43.80517,1,1,7,24,8
31,949,126.59739,43.84307,0,1,6,27,8
31,4849,126.57403,43.83922,1,1,5,20,8
53,75,126.54723,43.82336,14,1,8,31,8
53,4474,126.55109,43.80442,1,1,7,21,8
53,75,126.56959,43.82223,14,1,7,7,9
31,4849,126.57037,43.85238,14,1,7,30,8
129,161,126.54902,43.85036,14,1,6,15,15
53,75,126.55213,43.82434,1,1,8,15,8
165,1656,126.54828,43.90691,1,1,9,1,8
31,4849,126.5744,43.83958,1,1,7,10,7
53,75,126.56519,43.82865,0,1,9,18,8
31,4849,126.57845,43.83699,14,1,9,28,8
165,290,126.54679,43.90809,1,1,9,24,8
53,75,126.57059,43.82645,1,1,8,23,9
129,2925,126.51707,43.81409,1,1,8,25,7
31,4849,126.57911,43.84732,14,1,6,27,8
53,4474,126.55895,43.81237,14,1,9,21,9
165,3156,126.55085,43.91272,1,1,7,23,8
165,2709,126.5665,43.91076,14,1,9,2,9
53,4474,126.557,43.81353,1,1,9,6,8
53,1103,126.56943,43.81011,1,1,8,3,14
31,949,126.59288,43.86079,1,1,8,16,7
31,4849,126.57647,43.8485,1,1,8,10,13
129,1520,126.55016,43.8496,14,1,10,13,8
129,2688,126.51645,43.80897,1,1,8,24,8
129,2688,126.51715,43.80941,1,1,6,9,14
165,1656,126.57237,43.93171,1,0,6,12,8
31,4849,126.57296,43.853,1,1,7,18,7
129,2925,126.51716,43.83319,1,1,7,29,9
31,949,126.58784,43.84926,1,1,9,30,8
53,1103,126.56607,43.8321,14,1,5,30,13
165,1656,126.56917,43.92145,14,1,9,4,8
31,949,126.59037,43.85262,1,1,6,3,7
31,949,126.59121,43.86209,1,1,8,23,7
53,487,126.57596,43.78315,14,1,9,9,9
53,75,126.57225,43.82106,1,1,9,5,9
129,2688,126.52726,43.8239,1,1,7,12,8
53,4474,126.55709,43.8082,1,1,8,1,8
53,75,126.56953,43.8223,14,1,8,26,9
53,2618,126.57042,43.83099,14,1,6,3,7
129,2925,126.51721,43.82641,1,1,6,28,10
53,4474,126.55976,43.81997,14,1,8,7,9
53,75,126.56121,43.82733,14,1,7,3,8
53,75,126.56975,43.81875,1,1,7,23,8
53,1103,126.57712,43.82932,1,1,8,6,10
165,3156,126.54879,43.91134,1,1,8,15,17
165,3156,126.54844,43.90063,1,1,8,12,9
129,2925,126.51538,43.81387,1,1,9,22,8
129,1520,126.56376,43.85658,14,1,9,18,9
31,435,126.55986,43.86072,14,1,5,18,8
31,435,126.55035,43.87245,1,1,5,30,15
53,1103,126.5672,43.80743,1,1,9,5,16
31,435,126.56189,43.86765,1,1,8,28,9
31,4322,126.5488,43.87534,1,1,5,25,12
31,949,126.59115,43.85519,14,1,5,16,8
53,4474,126.55526,43.81672,1,1,8,13,9
31,4849,126.57669,43.83994,14,1,7,24,7
129,638,126.56019,43.84758,14,1,6,11,14
31,949,126.59093,43.84115,1,1,8,10,11
129,2925,126.51936,43.82855,1,1,9,15,8
31,435,126.55278,43.87225,1,1,6,15,7
165,1656,126.578,43.9178,14,1,10,4,9
53,4474,126.55759,43.80078,1,1,8,9,9
53,487,126.55659,43.79219,14,1,9,22,9
53,75,126.56549,43.81291,14,1,8,22,16
31,435,126.5771,43.86844,1,1,6,17,16
53,1103,126.57659,43.8298,1,1,9,29,9
53,1103,126.57188,43.8073,1,1,9,17,14
53,487,126.5947,43.77865,14,1,8,28,8
31,435,126.55283,43.87217,1,0,9,26,8
129,2688,126.52788,43.81926,14,1,7,23,8
31,949,126.58839,43.85058,7,1,9,22,7
129,2688,126.51692,43.80943,1,1,8,20,8
129,3853,126.47688,43.94636,14,1,6,7,12
165,1656,126.57085,43.89942,14,1,9,19,9
129,638,126.56038,43.84082,1,1,6,2,8
31,949,126.59734,43.84305,0,1,9,9,8
53,75,126.5669,43.81706,1,1,9,19,8
31,949,126.59337,43.8398,1,1,8,19,8
53,75,126.55322,43.83044,1,1,7,23,7
31,4849,126.5825,43.83917,14,1,5,27,8
129,2688,126.52457,43.82616,14,1,7,31,14
53,487,126.52379,43.80335,1,1,6,1,8
31,435,126.56205,43.86929,1,1,8,4,13
31,949,126.59514,43.84224,14,1,9,21,9
53,2618,126.56493,43.83141,14,1,6,3,7
53,75,126.56731,43.81726,1,1,8,13,9
53,487,126.53576,43.80375,14,1,8,16,9
31,949,126.59226,43.85303,14,1,8,28,8
165,3156,126.54568,43.91108,1,0,5,29,10
31,435,126.5656,43.87474,14,1,5,24,16
31,949,126.59474,43.84052,14,1,8,19,8
165,1656,126.62381,43.89153,14,0,6,19,9
165,290,126.55301,43.90079,7,1,9,14,10
53,979,126.55757,43.80089,1,1,5,30,17
53,4474,126.54964,43.82004,1,1,7,2,11
53,75,126.5773,43.81881,14,1,8,19,9
31,435,126.55448,43.86063,14,1,6,9,8
165,1656,126.56983,43.9183,1,1,9,17,8
165,3156,126.55386,43.91161,1,1,7,7,10
53,1103,126.5948,43.83233,1,1,5,17,9
129,2925,126.51857,43.83268,1,1,8,28,7
31,4849,126.58285,43.8407,1,1,9,4,8
165,1656,126.56212,43.90981,0,1,5,29,8
53,4474,126.55648,43.80069,1,1,7,31,8
53,75,126.55358,43.83161,1,1,8,17,8
129,2688,126.53319,43.82546,1,1,8,13,8
165,3156,126.54533,43.91153,1,0,6,9,8
165,1656,126.55675,43.90927,1,1,8,2,8
53,1103,126.57074,43.80607,1,1,8,17,13
129,2665,126.55364,43.84777,14,1,8,19,8
31,3073,126.54759,43.869,1,1,6,1,12
53,1103,126.58817,43.82844,1,1,6,9,9
53,1103,126.59655,43.83325,1,1,9,22,9
31,435,126.56159,43.8639,1,1,8,15,7
53,487,126.52981,43.80532,14,1,6,13,9
31,949,126.58844,43.85471,14,1,5,16,8
31,4849,126.57924,43.84735,14,1,8,14,8
129,638,126.55635,43.84458,14,1,7,3,9
129,2925,126.51757,43.8197,1,1,7,20,8
53,75,126.56847,43.8243,1,1,9,22,9
53,75,126.55226,43.82814,1,1,8,25,8
31,949,126.59292,43.85351,14,1,9,27,8
165,1656,126.5661,43.92748,14,1,8,16,10
53,1103,126.56978,43.8095,1,1,8,26,15
31,435,126.55922,43.86986,1,1,8,21,7
129,1520,126.56618,43.85711,1,1,10,2,8
129,638,126.55896,43.84357,1,1,7,2,9
31,435,126.55936,43.87086,1,1,7,28,7
53,1103,126.57082,43.80653,1,1,9,14,14
165,3156,126.54638,43.91257,1,1,5,15,11
165,1656,126.5295,43.92898,14,1,7,21,8
31,4849,126.57528,43.84161,1,1,9,7,8
129,3458,126.56318,43.85578,14,1,6,27,9
53,1103,126.60222,43.83288,14,1,9,11,9
31,949,126.59575,43.84172,1,1,8,31,9
129,2665,126.56395,43.85759,7,1,8,21,8
129,2688,126.53292,43.82482,1,1,8,31,7
53,1103,126.57869,43.82702,1,1,7,1,8
129,2665,126.55354,43.85085,14,1,8,31,7
31,2208,126.5476,43.87415,1,1,6,17,11
53,75,126.57046,43.8215,14,1,6,11,9
31,4849,126.57528,43.83893,1,1,9,24,9
129,638,126.56456,43.8431,14,1,7,1,9
129,2925,126.51244,43.813,1,1,8,20,8
129,2925,126.51781,43.82611,1,1,8,23,9
129,638,126.55278,43.84117,1,1,6,28,10
31,4849,126.56736,43.84593,7,1,9,29,8
129,161,126.56203,43.85446,1,1,6,18,15
31,4849,126.56725,43.84683,7,1,9,18,8
129,2925,126.51413,43.81242,1,1,9,8,7
31,435,126.55279,43.87221,1,1,6,9,15
129,2925,126.51917,43.82655,1,1,8,16,8
129,2925,126.50465,43.81858,1,1,8,3,9
129,2925,126.51522,43.81094,1,1,9,7,7
31,949,126.5896,43.85098,1,1,7,5,8
31,1558,126.57831,43.88469,1,1,9,7,9
53,979,126.55546,43.80664,1,1,6,9,9
165,1656,126.55054,43.90147,14,1,6,9,8
53,1103,126.56977,43.83214,1,1,9,21,9
31,3073,126.54822,43.86809,1,1,6,1,12
53,75,126.57857,43.82149,1,1,7,10,8
53,1103,126.59842,43.82734,14,1,6,18,9
129,2925,126.52032,43.82289,14,1,8,1,9
165,1656,126.55048,43.90148,14,0,6,17,9
129,638,126.55296,43.83883,1,1,6,7,10
31,4322,126.54693,43.87711,1,1,5,28,8
31,4849,126.56796,43.84606,7,1,9,21,9
53,1103,126.57883,43.82966,1,1,9,12,10
53,1087,126.57071,43.80646,1,1,6,18,15
53,4474,126.55471,43.80243,14,1,9,24,9
53,1103,126.57086,43.81306,1,1,9,2,16
53,75,126.57722,43.82173,1,1,8,26,9
129,638,126.55987,43.84462,14,1,7,22,8
129,2688,126.51147,43.8332,1,1,7,17,9
165,1656,126.5701,43.92926,1,1,10,12,9
129,87,126.5643,43.84014,14,1,10,5,8
53,4474,126.55812,43.81664,1,1,8,21,9
165,1656,126.55354,43.90684,1,1,7,14,9
53,75,126.54722,43.8233,14,1,8,23,8
53,75,126.54454,43.82185,12,1,6,11,8
129,2688,126.53019,43.8264,1,1,8,26,10
53,75,126.56659,43.81842,14,1,8,18,8
129,2665,126.54644,43.85189,14,1,8,29,8
129,588,126.51525,43.82573,1,1,5,16,11
129,2925,126.514,43.81359,1,1,8,15,8
53,75,126.56662,43.81607,1,1,7,3,8
31,4849,126.56897,43.85029,7,1,9,10,8
31,4849,126.57679,43.85048,1,1,10,1,7
129,2688,126.53178,43.82168,1,1,6,26,9
31,949,126.58687,43.84867,1,1,7,23,9
165,1656,126.54861,43.90765,1,0,6,5,16
129,2688,126.52045,43.81624,1,1,7,26,8
31,1558,126.58932,43.8765,1,1,10,19,8
53,75,126.56839,43.81247,1,1,8,13,9
129,2925,126.5172,43.82633,1,1,6,11,9
31,435,126.5521,43.86052,14,1,7,22,7
129,2925,126.51646,43.81462,1,1,8,22,9
129,2925,126.52327,43.83663,1,1,7,26,9
31,949,126.59398,43.85169,1,1,6,9,17
165,1656,126.55185,43.90465,1,1,8,24,9
53,4474,126.56052,43.81901,14,1,9,19,9
129,2925,126.51935,43.83203,1,1,9,8,7
53,487,126.59605,43.77978,14,1,7,28,8
31,4849,126.5718,43.83936,1,1,8,17,7
31,949,126.58805,43.84802,1,1,8,4,8
129,2925,126.51248,43.83299,1,1,8,17,8
31,435,126.56199,43.86973,1,1,8,14,8
129,2665,126.54956,43.85256,14,1,8,14,9
129,2665,126.56131,43.85671,1,1,8,25,7
129,2925,126.51389,43.81446,1,1,9,4,9
53,4474,126.5586,43.80843,1,1,6,17,18
129,2688,126.52756,43.8123,4,1,7,31,13
165,1656,126.55693,43.90903,1,1,9,11,10
129,2925,126.51664,43.83171,1,1,6,2,9
31,949,126.5941,43.85915,1,1,5,29,14
31,4849,126.56899,43.84007,13,1,7,14,8
129,2925,126.52332,43.83668,1,1,6,17,10
53,979,126.55547,43.80651,1,1,5,31,9
31,435,126.55627,43.87169,1,0,6,6,13
165,2709,126.55695,43.899,14,1,8,10,17
165,1656,126.72004,43.91269,14,0,5,23,10
53,75,126.56582,43.82965,7,1,8,4,8
53,75,126.56519,43.8192,14,1,9,2,13
31,435,126.55283,43.8722,1,1,8,24,8
53,1103,126.60115,43.83396,1,1,9,5,10
31,435,126.55712,43.86104,14,1,8,27,8
165,1656,126.53331,43.93966,14,1,7,6,9
31,949,126.58979,43.84007,1,1,8,25,9
53,1103,126.57212,43.83081,14,1,9,19,9
129,2925,126.51514,43.81105,1,1,6,27,9
129,2665,126.56412,43.85452,14,1,8,22,9
53,3030,126.5156,43.807,1,0,9,22,13
31,435,126.55284,43.87212,1,1,6,29,14
31,949,126.59535,43.85381,1,1,6,3,12
129,588,126.55492,43.85418,1,1,7,5,9
53,487,126.55386,43.79096,0,1,8,14,8
129,2688,126.52714,43.82736,1,1,7,14,9
53,487,126.63158,43.76449,4,1,7,13,8
129,2688,126.51857,43.81168,1,1,7,25,8
129,2688,126.52322,43.83675,1,1,8,8,15
31,4609,126.55933,43.86679,14,1,6,17,8
53,4474,126.55563,43.8046,1,1,8,3,9
129,2688,126.53076,43.82805,14,1,7,14,9
129,87,126.54804,43.8402,14,1,10,4,8
129,2688,126.5203,43.81034,1,1,7,13,8
129,2688,126.52845,43.82366,1,1,8,14,9
165,1656,126.54851,43.9007,1,1,9,13,9
53,1103,126.56527,43.83193,0,1,8,10,9
31,949,126.59227,43.84154,1,1,6,11,15
53,75,126.56573,43.81371,4,1,8,18,8
129,2665,126.53742,43.84744,1,1,8,7,9
53,75,126.56794,43.82373,1,1,9,24,8
129,2688,126.51734,43.80794,1,1,8,9,9
53,967,126.67349,43.72288,14,1,9,29,8
53,75,126.56598,43.83054,7,1,6,27,8
31,2208,126.54204,43.86983,1,1,5,29,14
129,2925,126.51809,43.83302,1,1,5,28,11
31,949,126.59543,43.85501,14,1,9,1,9
53,4474,126.54254,43.8172,1,1,9,29,8
165,1656,126.61887,43.88997,14,0,5,17,15
165,3156,126.55143,43.91296,1,1,8,14,9
31,4849,126.58219,43.84151,1,1,9,3,8
53,2452,126.57954,43.78369,14,1,6,1,13
129,2665,126.54869,43.84601,1,1,8,13,9
53,75,126.57734,43.81873,14,1,6,28,9
53,75,126.56978,43.81838,1,1,8,14,8
129,3458,126.50666,43.80411,14,1,6,6,10
165,1656,126.5693,43.92924,1,1,7,10,8
53,75,126.56575,43.83,7,1,8,15,8
53,1103,126.60484,43.82792,1,1,6,14,10
129,2665,126.55277,43.84663,1,1,8,4,9
129,2688,126.51835,43.81313,1,1,9,2,7
165,1656,126.56419,43.92788,14,1,9,9,9
129,2688,126.52674,43.81614,1,1,7,8,8
53,75,126.57874,43.8222,14,1,7,26,8
129,2925,126.5192,43.82776,1,1,7,19,8
165,3156,126.55466,43.91008,14,0,6,1,10
31,4849,126.57428,43.8551,1,1,9,29,8
129,638,126.55246,43.843,7,1,7,17,9
53,75,126.55564,43.83315,1,1,9,1,9
53,1103,126.57616,43.82693,1,1,8,26,10
165,1656,126.55522,43.90985,1,1,8,18,8
53,75,126.57022,43.81952,14,1,8,17,8
129,2665,126.56395,43.84706,14,1,8,14,9
129,2688,126.51915,43.81842,1,1,8,3,8
31,4849,126.56875,43.84064,14,1,6,30,15
129,2925,126.52107,43.82268,14,1,8,3,8
129,2688,126.53273,43.82246,1,1,7,11,8
31,4849,126.57957,43.84213,1,1,9,26,7
31,4849,126.57203,43.84103,1,1,7,12,11
31,949,126.59238,43.84446,1,1,5,31,16
53,1103,126.57568,43.83042,1,1,7,18,9
129,87,126.55618,43.84457,14,1,10,14,8
129,2665,126.56568,43.84987,13,1,8,9,9
165,3156,126.54875,43.91684,14,1,7,27,9
31,435,126.55187,43.85786,14,1,9,26,12
31,949,126.59599,43.85474,14,1,6,14,8
53,1103,126.58028,43.82789,1,1,6,11,12
31,435,126.5595,43.87075,1,1,9,5,8
31,949,126.59417,43.8606,14,1,8,2,11
129,2925,126.51855,43.8326,1,1,8,17,8
129,2688,126.52558,43.81988,1,1,7,3,8
31,435,126.55754,43.8703,1,1,8,22,7
129,2925,126.52219,43.83668,1,1,8,16,8
129,2925,126.51215,43.83233,1,1,9,17,7
129,2688,126.52482,43.82566,14,1,8,12,10
31,4849,126.56705,43.84741,7,1,6,19,9
129,2925,126.52325,43.83675,1,1,6,11,10
53,75,126.57854,43.82073,1,1,6,24,9
31,949,126.59359,43.85067,1,1,7,14,8
31,435,126.55662,43.86043,1,1,8,8,8
31,949,126.58783,43.84892,1,1,5,20,8
129,2688,126.51831,43.81813,14,1,9,10,15
129,2688,126.52187,43.81536,1,1,9,2,7
31,949,126.59597,43.85484,14,1,6,17,13
53,1103,126.57364,43.83121,1,1,7,31,9
31,4849,126.58383,43.84289,1,1,7,14,8
129,2688,126.52147,43.81306,1,1,7,17,14
31,4849,126.57568,43.84366,1,1,5,17,14
53,75,126.54267,43.82346,1,1,8,19,9
31,435,126.55989,43.86001,14,1,7,9,8
31,435,126.55217,43.86058,14,1,7,9,8
129,2665,126.5645,43.85321,14,1,8,21,8
129,2688,126.52259,43.81464,1,1,8,13,8
53,4474,126.54845,43.82043,1,1,8,23,8
31,435,126.56283,43.86709,1,1,5,29,8
129,1520,126.53916,43.84438,14,1,10,8,8
165,1656,126.527,43.93357,14,1,8,26,8
129,2688,126.53001,43.81905,1,1,7,6,8
31,435,126.53237,43.8692,14,1,8,11,12
165,1656,126.54681,43.90805,1,1,9,25,9
53,1103,126.57013,43.83111,14,1,8,5,9
165,1656,126.54902,43.90099,1,1,9,7,9
53,487,126.57553,43.77862,1,1,7,24,8
31,4322,126.54886,43.87707,1,1,6,4,10
31,435,126.55413,43.87341,1,1,8,25,9
53,1103,126.57586,43.82908,1,1,7,19,8
53,487,126.57947,43.78366,14,1,7,9,7
53,75,126.55238,43.82813,1,1,8,20,8
53,487,126.57713,43.77926,1,1,6,10,8
165,2709,126.55955,43.89873,14,0,7,20,8
53,1103,126.56993,43.80988,1,1,8,2,14
53,4474,126.54829,43.81483,14,1,9,11,8
129,2688,126.5217,43.82587,1,1,6,30,15
165,1656,126.55438,43.90823,1,0,6,2,9
53,4474,126.54359,43.82086,1,1,9,21,9
129,1520,126.55582,43.85172,1,1,9,30,9
165,1656,126.56508,43.92869,14,1,8,21,9
53,487,126.59615,43.77964,14,1,7,28,8
31,435,126.55191,43.85792,14,1,9,23,7
129,2925,126.51916,43.82744,1,1,8,25,8
53,487,126.54586,43.79304,14,1,8,15,9
165,1656,126.57108,43.92881,1,1,9,9,9
31,435,126.57597,43.87083,1,1,6,1,19
129,3458,126.54175,43.84926,1,1,5,16,10
53,1103,126.57175,43.81081,1,1,5,17,14
53,487,126.52981,43.80531,14,1,7,6,8
165,1656,126.56636,43.92138,14,1,8,24,9
31,4849,126.58459,43.84366,14,1,9,17,8
31,435,126.55222,43.87238,1,1,10,1,7
31,949,126.59214,43.84007,1,1,9,17,8
165,2709,126.56896,43.89908,14,1,5,30,8
53,1103,126.60142,43.83361,1,1,9,26,9
31,949,126.59536,43.84447,14,1,6,7,14
165,290,126.54909,43.90081,1,1,9,12,9
129,2925,126.50594,43.81692,1,1,8,9,9
31,1558,126.57573,43.88401,1,1,9,4,11
129,2688,126.53097,43.82028,1,1,7,3,8
129,2688,126.51454,43.81329,1,1,8,8,20
165,1656,126.55689,43.90964,1,1,8,25,9
53,75,126.56414,43.82709,14,1,9,26,8
31,4849,126.57581,43.84697,1,1,7,23,7
31,949,126.59226,43.84098,1,1,6,28,9
31,4849,126.57188,43.85131,14,1,8,14,8
31,4849,126.58064,43.84558,14,1,7,24,7
129,161,126.5629,43.84876,7,1,6,18,15
129,2925,126.51448,43.81544,14,1,7,5,9
165,1656,126.55953,43.90563,14,1,7,3,8
53,75,126.55495,43.8218,10,1,6,18,15
129,2665,126.5637,43.8565,14,1,8,25,7
53,75,126.54828,43.82363,14,1,9,14,9
129,2925,126.52321,43.83669,1,1,7,4,9
31,4849,126.57698,43.84999,1,1,9,16,9
53,1103,126.56728,43.80754,1,1,6,10,14
165,1656,126.56992,43.9289,1,0,6,27,10
129,2688,126.52388,43.8197,1,1,8,5,8
129,2688,126.51496,43.80876,1,1,9,23,8
53,1103,126.57866,43.82779,1,1,9,13,9
31,949,126.59093,43.8393,1,1,9,25,7
53,487,126.53561,43.8037,14,1,6,9,9
129,2688,126.53229,43.82256,1,1,8,26,10
31,2208,126.54181,43.86848,1,1,5,29,14
31,435,126.55278,43.87226,1,1,7,8,8
53,1103,126.57073,43.8065,1,1,9,16,15
31,435,126.55277,43.87216,1,1,9,19,7
53,75,126.56218,43.82609,1,1,7,5,8
31,4849,126.57254,43.84007,14,1,9,1,9
53,75,126.572,43.82184,1,1,9,24,8
53,487,126.52769,43.79986,14,1,7,31,8
129,2688,126.52842,43.82354,1,1,8,19,9
129,87,126.54566,43.83612,1,1,10,10,10
53,1103,126.57886,43.8274,1,1,7,17,9
129,323,126.51421,43.81541,14,1,9,28,10
31,949,126.5875,43.85927,1,1,8,13,7
129,2925,126.51249,43.81306,1,1,6,3,10
53,4474,126.5453,43.81952,14,1,9,11,8
129,2665,126.55029,43.8496,14,1,8,29,9
31,949,126.59404,43.86242,14,1,9,11,8
129,2665,126.5608,43.85315,1,1,8,31,7
129,2688,126.51754,43.80981,1,1,9,12,8
165,1656,126.55052,43.91152,14,1,8,26,8
165,3156,126.54872,43.91249,1,1,5,21,9
53,75,126.56758,43.81468,14,1,7,2,8
53,1103,126.56916,43.8072,1,1,6,12,15
129,2688,126.52884,43.82683,1,1,8,29,9
31,1558,126.57402,43.83916,1,1,10,7,8
53,1103,126.58115,43.82873,1,1,6,14,10
53,75,126.56542,43.82412,14,1,9,22,9
53,1103,126.56686,43.83232,14,1,9,20,8
165,2709,126.56855,43.90069,14,1,5,20,9
129,2925,126.52221,43.8367,1,1,7,24,8
129,638,126.55134,43.84248,14,1,7,1,9
31,949,126.59393,43.84011,1,1,8,13,8
31,435,126.55289,43.87225,1,1,8,10,7
31,949,126.58919,43.8497,1,1,7,31,13
53,1103,126.56943,43.80753,1,1,8,9,12
129,1520,126.54322,43.84308,1,1,9,7,7
53,487,126.55132,43.78671,14,1,8,24,8
129,2688,126.5237,43.82061,3,1,8,15,8
53,75,126.56979,43.82484,1,1,6,30,14
129,3458,126.55504,43.85415,1,1,5,18,10
129,2665,126.56468,43.85354,14,1,8,11,11
165,1656,126.56153,43.9099,0,1,7,21,8
129,638,126.54611,43.83733,1,1,7,21,8
129,2688,126.51476,43.8212,1,1,9,22,8
129,2688,126.52625,43.82602,1,1,7,26,8
129,87,126.55888,43.84059,1,1,10,15,10
165,1656,126.5549,43.90867,1,1,5,25,10
31,949,126.58983,43.86046,1,1,6,1,13
31,435,126.55956,43.87032,1,1,8,3,8
165,3156,126.54747,43.91352,1,1,8,16,10
53,4598,126.60364,43.81682,1,1,6,19,10
53,4474,126.54923,43.81666,1,1,9,22,9
31,2208,126.53786,43.8712,1,1,5,31,14
31,949,126.58613,43.84806,1,1,6,11,15
53,4474,126.55246,43.81862,14,1,9,13,8
53,75,126.56904,43.82866,1,1,6,11,8
129,2925,126.51221,43.83387,1,1,9,21,8
53,4474,126.55192,43.80456,1,1,9,27,8
129,1520,126.56408,43.85566,14,1,9,13,9
53,487,126.53267,43.80811,14,1,6,8,15
129,2688,126.52611,43.82112,1,1,6,27,10
53,1103,126.5653,43.83201,0,1,9,10,9
165,1656,126.55282,43.95143,14,1,9,17,8
129,2925,126.5199,43.82754,1,1,6,25,10
53,487,126.55321,43.78786,14,1,7,16,8
31,949,126.58851,43.84035,14,1,9,3,8
31,4849,126.57499,43.85019,1,1,8,20,8
53,4474,126.54617,43.81554,1,1,8,4,8
31,435,126.56297,43.86188,1,1,9,10,8
31,435,126.55181,43.85706,14,1,8,4,8
31,1558,126.57068,43.85811,12,1,10,14,8
31,435,126.54905,43.86916,1,1,9,6,8
53,979,126.54657,43.81772,14,1,6,8,13
31,435,126.553,43.87425,1,1,7,22,7
129,2688,126.53462,43.82738,1,1,9,21,7
31,949,126.58669,43.84212,1,1,5,31,10
31,949,126.59162,43.84063,1,1,6,15,7
31,4849,126.57287,43.84726,14,1,5,21,9
53,75,126.56667,43.81525,1,1,5,31,18
53,4474,126.54759,43.82059,14,1,8,20,8
31,435,126.55472,43.87189,1,1,8,23,8
129,2688,126.52897,43.82695,1,1,6,28,10
31,4849,126.57958,43.84432,1,1,9,13,7
129,2925,126.51538,43.81614,1,1,7,8,8
53,1103,126.60254,43.83285,14,1,7,3,8
31,435,126.56213,43.8655,1,1,5,17,8
53,1103,126.57278,43.83144,1,1,5,30,13
129,2925,126.50102,43.80998,14,1,8,11,10
53,487,126.53689,43.80492,14,1,8,16,12
53,487,126.5797,43.78407,14,1,7,2,8
129,2925,126.50577,43.81666,1,1,7,22,8
129,2688,126.51853,43.81665,14,1,7,7,9
165,2709,126.55712,43.89904,14,1,8,26,8
53,487,126.55646,43.79208,14,1,6,9,9
31,4609,126.55664,43.86034,1,1,6,17,12
129,638,126.54825,43.84023,14,1,6,5,10
31,435,126.55015,43.87445,1,1,7,26,7
129,638,126.55238,43.84223,14,1,6,29,9
129,1520,126.54896,43.84486,14,1,10,12,10
129,2925,126.5233,43.83671,1,1,7,23,8
53,75,126.57735,43.81872,14,1,5,17,14
31,4849,126.57215,43.84471,1,1,8,24,9
53,487,126.57811,43.77882,1,1,5,29,9
129,2665,126.55232,43.8519,14,1,8,7,9
53,75,126.56861,43.82599,1,1,8,3,8
53,75,126.57031,43.82179,14,1,8,14,8
129,2688,126.52208,43.82551,1,1,9,12,15
129,2665,126.55749,43.8472,14,1,8,14,9
53,75,126.57029,43.82672,1,1,9,2,13
129,2688,126.53201,43.82126,1,1,9,9,9
53,4474,126.54575,43.81619,1,1,8,18,8
165,1656,126.68273,44.22324,14,0,6,18,19
53,1103,126.579,43.82927,1,1,9,23,9
129,2925,126.51583,43.81756,1,1,8,27,7
53,1756,126.58761,43.82298,1,1,6,19,14
129,2665,126.55004,43.84534,1,1,8,22,9
53,979,126.55204,43.80361,1,1,5,30,8
129,2688,126.53248,43.82391,1,1,7,4,9
31,435,126.56173,43.87101,1,1,8,10,12
129,2925,126.50817,43.8208,1,1,8,14,9
129,2688,126.52175,43.8153,1,1,8,19,9
53,1103,126.56745,43.83264,14,1,9,23,9
165,1656,126.56823,43.92036,1,1,7,19,8
53,487,126.49273,43.76271,14,1,9,24,9
31,949,126.59151,43.84185,1,1,9,22,7
31,4849,126.57332,43.85319,1,1,9,29,8
53,487,126.5549,43.78704,14,1,9,15,9
31,949,126.58962,43.84892,1,1,7,1,9
53,75,126.55969,43.83345,1,1,9,30,8
129,2925,126.52339,43.83672,1,1,7,19,8
53,1103,126.57179,43.81251,1,1,9,15,14
129,2688,126.51852,43.81676,14,1,6,4,14
129,2688,126.51676,43.8214,14,1,6,12,16
53,75,126.56797,43.82255,4,1,8,7,9
53,1103,126.58119,43.82866,1,1,8,11,9
31,4849,126.58106,43.84277,1,1,9,16,8
53,75,126.54412,43.81684,1,1,7,27,8
129,2688,126.51228,43.81739,1,1,8,3,8
31,4849,126.57043,43.85075,14,1,9,29,8
53,75,126.57283,43.82409,1,1,5,19,12
53,75,126.56732,43.82264,4,1,9,27,8
53,1103,126.57266,43.8314,1,1,6,11,12
31,435,126.56294,43.86196,1,1,9,5,8
31,949,126.58626,43.84611,14,1,6,9,9
129,2688,126.5185,43.81153,1,1,6,16,8
129,2688,126.53006,43.82639,1,1,8,2,9
165,1656,126.56386,43.92196,1,1,9,6,9
53,487,126.53418,43.80691,1,1,6,29,9
53,1103,126.60598,43.8283,1,1,7,20,9
53,75,126.56754,43.81391,14,1,9,17,8
31,4849,126.57286,43.84739,14,1,7,1,7
53,75,126.54316,43.82451,1,1,8,30,8
165,1656,126.54626,43.9082,1,1,8,27,8
53,487,126.55643,43.79214,14,1,9,27,8
31,152,126.57078,43.88789,14,1,6,5,13
165,1656,126.55317,43.91036,1,1,9,3,9
53,75,126.54774,43.82697,14,1,5,30,8
31,435,126.5515,43.87075,1,1,9,12,8
53,1103,126.57071,43.81315,1,1,8,28,13
129,2688,126.51429,43.80867,1,1,7,30,10
129,2688,126.53096,43.82482,1,1,9,28,9
129,2925,126.51203,43.83304,1,1,9,1,7
53,75,126.56616,43.81286,14,1,9,23,9
31,4849,126.56915,43.85244,14,1,8,21,9
31,949,126.59049,43.84607,1,1,5,28,8
53,4474,126.54966,43.81548,1,1,6,27,9
165,3156,126.54849,43.91558,14,1,5,14,9
129,2688,126.53574,43.82911,1,1,6,1,13
31,4849,126.5741,43.84142,14,1,9,24,9
129,1520,126.56129,43.85382,1,1,9,21,7
31,435,126.55619,43.87239,1,1,6,17,12
53,1103,126.67855,43.72813,14,1,8,24,10
31,4849,126.57573,43.85263,1,1,8,14,8
31,435,126.56064,43.8687,1,1,5,29,8
31,435,126.55289,43.8722,1,1,9,27,8
31,1558,126.57069,43.8622,3,1,10,18,8
165,2709,126.56946,43.89627,14,1,6,18,8
31,4849,126.58033,43.83861,14,1,6,9,9
165,3156,126.54465,43.91452,1,1,7,29,9
129,2925,126.50874,43.82187,1,1,7,22,8
31,2208,126.54332,43.87477,1,1,6,19,8
129,1520,126.55599,43.85476,1,1,10,4,8
31,949,126.59079,43.85149,1,1,7,28,7
53,75,126.56468,43.83102,7,1,8,28,8
53,2452,126.55139,43.7868,14,1,6,1,13
165,290,126.546,43.91333,1,1,9,26,8
53,1087,126.57749,43.82979,1,1,6,19,10
53,1103,126.60484,43.82793,1,1,6,11,9
129,2665,126.56249,43.84704,7,1,8,10,13
53,1103,126.57224,43.81124,1,1,8,11,15
129,1520,126.55505,43.85415,1,1,9,14,8
53,487,126.5382,43.80409,14,1,10,1,8
129,2925,126.51768,43.82709,1,1,9,6,7
31,949,126.59703,43.84638,14,1,7,7,7
53,4474,126.54684,43.81408,1,1,9,8,9
129,2945,126.51775,43.82717,1,1,10,1,8
165,1656,126.55269,43.90998,1,0,6,4,14
129,638,126.55895,43.84012,1,1,6,13,10
129,2925,126.52039,43.82771,1,1,7,11,8
31,435,126.55288,43.87212,1,1,7,21,7
31,4849,126.58212,43.84078,1,1,7,15,8
165,1656,126.47616,44.07686,14,1,10,2,14
165,1656,126.54978,43.91057,14,1,10,11,9
53,487,126.58506,43.78237,1,1,8,20,8
31,435,126.55669,43.86037,1,1,6,16,7
31,949,126.59429,43.8592,1,1,7,18,8
165,1656,126.54974,43.91069,14,1,9,1,8
31,949,126.59042,43.85268,1,1,7,13,8
31,949,126.59247,43.84214,1,1,8,7,8
53,1103,126.57803,43.82773,1,1,8,22,10
129,2925,126.51628,43.82528,1,1,7,14,9
53,4474,126.56057,43.8171,14,1,7,20,8
31,4849,126.57207,43.839,1,1,9,25,8
53,487,126.52544,43.80064,1,1,8,19,9
53,1177,126.59382,43.80226,14,1,6,8,7
31,1558,126.59401,43.86156,14,1,10,4,7
31,2208,126.54382,43.86945,1,1,5,29,14
165,290,126.54478,43.91446,1,1,9,15,9
53,487,126.55934,43.78843,14,1,8,14,8
129,2925,126.524,43.83761,1,1,7,29,9
53,3939,126.55384,43.82555,1,1,5,29,8
165,3156,126.54947,43.90791,1,0,7,2,9
129,1520,126.54014,43.84954,1,1,9,25,8
129,2925,126.51835,43.82354,14,1,6,8,9
31,949,126.59211,43.84989,14,1,8,11,8
129,2665,126.56366,43.85648,14,1,8,27,7
129,2665,126.56581,43.85345,14,1,8,23,8
129,2688,126.52907,43.82005,1,1,6,11,9
53,4474,126.54694,43.81618,1,1,8,18,8
129,3458,126.54304,43.83519,1,1,6,3,15
129,3458,126.54292,43.83519,1,1,6,5,10
129,2688,126.53305,43.82552,1,1,9,1,7
165,3156,126.55327,43.91264,1,1,7,16,8
31,949,126.59565,43.85347,1,1,9,2,7
129,2688,126.52735,43.81561,1,1,8,27,7
31,4849,126.5749,43.85041,1,1,8,1,7
53,1103,126.57901,43.82585,12,1,9,11,9
53,4474,126.54524,43.81599,1,1,9,5,9
53,1103,126.57932,43.82899,1,1,9,10,10
31,4849,126.57225,43.85062,1,1,8,11,15
129,2665,126.56604,43.8571,1,1,8,10,13
129,2688,126.51273,43.80781,1,1,9,18,9
129,161,126.56327,43.8493,0,1,6,18,15
53,487,126.52179,43.8015,1,1,8,3,8
129,3458,126.54242,43.83662,1,1,6,3,15
31,435,126.56239,43.85881,14,1,8,15,7
31,4849,126.57863,43.84495,14,1,7,15,8
129,2688,126.51818,43.81196,1,1,8,26,10
31,435,126.561,43.87055,1,1,8,19,7
129,2925,126.51918,43.82732,1,1,6,4,11
53,1103,126.57178,43.81148,1,1,6,30,18
53,75,126.55595,43.83219,1,1,5,17,8
31,949,126.58725,43.84811,1,1,8,25,9
31,4322,126.56449,43.8827,14,1,5,29,15
129,638,126.55605,43.84182,1,1,6,19,15
129,2688,126.52053,43.81293,1,1,7,16,8
129,2688,126.52753,43.81475,1,1,9,23,8
165,3156,126.54373,43.91692,14,1,8,10,11
165,1656,126.56466,43.92084,14,1,9,22,9
53,75,126.56811,43.82993,14,1,6,30,8
31,949,126.58716,43.85979,1,1,8,12,8
53,487,126.5365,43.80664,1,1,5,28,16
31,949,126.59098,43.84177,1,1,7,23,9
129,2688,126.53241,43.82171,1,1,8,8,8
129,2665,126.55709,43.84706,14,1,8,19,8
53,1103,126.59787,43.82794,14,1,8,13,9
53,4474,126.55818,43.81993,14,1,9,14,9
165,3156,126.54735,43.90857,1,1,8,1,9
53,4474,126.5428,43.82124,1,1,6,27,16
53,75,126.54822,43.82894,1,1,8,15,8
31,4849,126.57299,43.83908,1,1,8,10,7
31,4849,126.58345,43.84003,1,1,9,17,8
129,2688,126.51836,43.81094,1,1,9,28,9
53,75,126.56784,43.82313,1,1,9,21,9
53,1103,126.57727,43.8293,1,1,9,11,9
129,2925,126.5171,43.83315,1,1,7,19,8
165,1656,126.5516,43.90821,14,1,8,28,8
129,2925,126.51339,43.83243,1,1,8,26,7
129,2925,126.51151,43.83352,1,1,6,8,10
129,2925,126.5234,43.83657,1,1,9,9,9
53,75,126.55001,43.82936,1,1,7,9,7
31,4849,126.57193,43.83904,1,1,5,30,15
31,4322,126.54189,43.87761,14,1,6,5,16
129,2925,126.51827,43.83096,1,1,9,15,8
53,4474,126.55564,43.80315,1,1,9,24,9
129,638,126.55876,43.84041,1,1,8,1,9
31,1558,126.57974,43.8877,1,1,10,12,9
53,487,126.53189,43.80793,14,1,9,22,9
129,2665,126.53795,43.848,1,1,8,26,7
129,2925,126.51489,43.81483,1,1,8,29,9
129,2688,126.53264,43.82429,1,1,8,6,8
129,2688,126.51547,43.80744,1,1,6,3,16
53,1103,126.56654,43.80856,1,1,6,27,14
31,949,126.58921,43.86359,1,1,7,22,7
53,487,126.55851,43.78888,14,1,8,29,9
129,2688,126.52879,43.82377,1,1,8,10,12
53,487,126.5447,43.79245,14,1,6,16,9
129,2925,126.51656,43.81403,1,1,9,2,7
129,2925,126.51016,43.82297,1,1,8,9,9
129,2925,126.52322,43.83676,1,1,5,29,9
129,1520,126.55138,43.84883,1,1,9,24,8
129,638,126.56241,43.84029,14,1,7,5,9
129,2925,126.51028,43.82592,4,1,8,15,9
129,1520,126.55229,43.84484,14,1,9,10,8
165,1656,126.56355,43.92614,14,1,6,28,8
31,949,126.58892,43.86201,1,1,5,17,8
53,75,126.57027,43.82462,1,1,5,16,8
129,2688,126.52369,43.81636,1,1,7,17,14
31,435,126.54953,43.87309,1,1,6,30,14
165,3156,126.55129,43.91248,1,0,7,20,8
165,1656,126.57834,43.8944,14,1,9,5,10
53,1103,126.59967,43.82972,1,1,7,17,9
129,2925,126.51712,43.82594,1,1,6,19,9
129,2688,126.52755,43.82375,1,1,7,15,8
31,949,126.5879,43.84293,1,1,9,14,8
165,3156,126.54529,43.91031,1,1,8,7,10
31,4849,126.57563,43.84254,1,1,7,30,8
129,2688,126.52759,43.81888,14,1,9,27,9
129,2688,126.51652,43.80904,1,1,8,18,8
53,75,126.55521,43.82267,10,1,7,27,8
129,323,126.52349,43.83645,1,1,9,27,9
53,1177,126.59108,43.78976,14,1,6,3,15
165,1656,126.54865,43.91091,1,1,5,22,13
53,4474,126.54381,43.81717,1,1,9,28,9
31,4849,126.57006,43.85053,7,1,8,15,13
165,2709,126.56521,43.90494,1,0,6,9,8
53,75,126.563,43.81662,1,1,8,10,13
53,487,126.53662,43.80442,14,1,6,26,15
129,638,126.55165,43.84019,1,1,7,2,9
129,2925,126.51632,43.82444,14,1,7,16,9
129,1520,126.54385,43.84535,14,1,9,25,8
53,487,126.58543,43.78089,14,1,5,29,9
53,4474,126.54337,43.81947,1,1,9,30,8
165,1656,126.57075,43.92782,1,1,8,13,8
53,1103,126.58093,43.8284,1,1,8,31,9
31,2208,126.53794,43.87126,1,1,6,12,8
31,435,126.55813,43.86998,1,1,5,31,16
31,4849,126.57777,43.8393,14,1,9,28,8
31,2208,126.54081,43.86636,1,1,6,12,8
31,1558,126.57051,43.87372,1,1,10,8,9
165,2709,126.57398,43.89735,14,1,5,18,9
53,1087,126.56864,43.80612,14,1,6,17,14
129,638,126.56153,43.84054,1,1,6,29,9
53,487,126.55651,43.7921,14,1,9,15,9
31,4849,126.56983,43.84823,1,1,5,16,9
31,4849,126.57192,43.83886,1,1,7,6,7
129,2688,126.52066,43.81361,1,1,10,1,7
129,2688,126.52282,43.82068,14,1,8,14,15
53,487,126.53686,43.80505,14,1,8,13,9
31,435,126.55278,43.87218,1,1,8,4,13
53,4474,126.54975,43.81537,1,1,7,30,8
53,487,126.5815,43.78374,14,1,5,29,16
31,949,126.58923,43.8517,1,1,6,17,13
129,1520,126.53849,43.84508,1,1,9,26,8
53,1103,126.56786,43.8313,14,1,8,21,10
53,75,126.5537,43.82541,1,1,7,9,7
53,75,126.57677,43.82121,1,1,9,14,9
129,1520,126.56376,43.85668,14,1,10,12,10
129,2688,126.53238,43.82387,1,1,6,17,10
31,949,126.59107,43.8418,1,1,9,29,8
129,1520,126.56581,43.85333,14,1,10,8,8
129,1520,126.55595,43.84531,14,1,10,2,8
129,2688,126.52346,43.81555,1,1,9,23,8
31,4322,126.54246,43.8781,14,1,5,28,8
31,949,126.58875,43.85601,14,1,8,15,8
53,1103,126.58093,43.82838,1,1,8,4,9
31,1558,126.58909,43.86411,1,1,10,3,9
53,1103,126.56601,43.83205,14,1,9,22,9
53,75,126.55328,43.82536,1,1,7,24,8
53,75,126.5581,43.83321,1,1,7,21,8
31,4849,126.56923,43.84341,14,1,8,29,13
129,2925,126.51302,43.81392,1,1,7,30,9
31,949,126.58657,43.86152,1,1,6,1,13
129,2688,126.5135,43.81861,14,1,6,24,15
31,4849,126.58101,43.83877,14,1,7,31,12
53,1103,126.57433,43.83106,1,1,7,14,9
31,4849,126.57887,43.84201,1,1,8,1,7
129,2665,126.5428,43.84991,1,1,8,19,8
31,4849,126.57277,43.84782,1,1,8,14,8
129,638,126.54614,43.83759,1,1,7,24,8
53,1103,126.57078,43.8065,1,1,8,19,14
53,487,126.56117,43.7873,14,1,6,28,13
31,4849,126.57644,43.8429,1,1,8,22,8
31,4322,126.54019,43.87759,14,1,6,18,13
165,1656,126.57079,43.92785,1,1,7,21,8
31,949,126.59087,43.85613,14,1,9,2,7
31,435,126.5528,43.8722,1,1,8,25,9
53,2615,126.55372,43.80426,1,1,6,13,9
165,1656,126.51675,43.94262,14,0,6,7,9
31,435,126.56423,43.86014,1,1,7,19,7
129,2665,126.559,43.84738,14,1,8,13,8
129,1520,126.56,43.85352,1,1,9,22,8
53,1103,126.59306,43.83127,1,1,9,15,10
53,75,126.57263,43.82083,1,1,9,12,10
31,4849,126.57804,43.84221,1,1,7,24,7
129,638,126.54258,43.84063,1,1,6,30,10
129,2925,126.52001,43.82549,1,1,7,27,10
165,1656,126.58757,43.89471,1,1,10,7,8
129,2688,126.51362,43.8182,1,1,8,27,16
31,3073,126.54858,43.8695,1,1,5,29,13
31,949,126.59163,43.84051,1,1,9,9,8
129,2925,126.5163,43.83203,1,1,9,12,7
53,75,126.55175,43.826,1,1,8,22,8
53,75,126.57615,43.82236,1,1,8,2,8
129,2925,126.52243,43.83764,1,1,8,27,7
53,4474,126.54686,43.81971,14,1,9,28,9
129,2688,126.51629,43.81011,1,1,9,8,7
165,290,126.55743,43.91179,3,1,9,20,10
53,3559,126.54661,43.81786,14,1,6,4,14
53,4474,126.55367,43.81866,14,1,8,1,8
53,75,126.54864,43.82205,0,1,9,2,13
31,2208,126.54189,43.86847,1,1,5,29,14
129,2688,126.52206,43.81586,1,1,7,27,9
31,152,126.56075,43.88352,14,1,6,3,14
129,2925,126.51885,43.83147,1,1,8,19,9
53,487,126.52044,43.80174,1,1,8,11,9
53,1103,126.57079,43.80416,1,1,8,14,13
31,949,126.5498,43.87033,1,1,5,17,15
53,75,126.57467,43.81992,1,1,9,30,8
129,2688,126.51799,43.81056,1,1,7,28,8
31,949,126.58882,43.84426,1,1,9,9,8
53,979,126.55119,43.80454,1,1,5,29,13
53,4474,126.54699,43.81867,14,1,9,22,9
53,75,126.57644,43.82139,1,1,9,2,8
129,2688,126.53381,43.82686,1,1,6,18,14
129,2688,126.53136,43.82835,14,1,8,1,8
165,1656,126.57074,43.92957,1,1,8,11,8
165,290,126.54589,43.91139,1,1,9,9,9
53,4474,126.54485,43.81642,1,1,7,19,8
165,1656,126.57375,43.92308,1,1,8,23,9
165,1656,126.57187,43.91921,14,1,7,2,9
31,435,126.5583,43.86492,7,1,9,17,8
31,4849,126.57305,43.84464,7,1,7,7,7
53,4474,126.55515,43.8022,14,1,7,3,8
165,1656,126.57256,43.93001,1,1,9,9,9
53,487,126.53279,43.80408,14,1,6,9,9
31,4849,126.5789,43.84212,1,1,7,12,11
31,4849,126.57141,43.83891,1,1,6,16,7
53,1103,126.57188,43.83111,14,1,7,7,9
53,75,126.55748,43.83259,1,1,7,31,8
129,2665,126.56336,43.84656,14,1,8,3,8
129,2665,126.54287,43.84113,3,1,8,14,9
129,638,126.55632,43.8468,14,1,7,26,14
31,949,126.58979,43.84,1,1,5,18,8
129,1520,126.54998,43.84734,1,1,9,24,8
165,1656,126.56651,43.9242,4,1,8,27,8
53,1103,126.57718,43.82981,1,1,7,6,9
53,75,126.55622,43.83296,1,1,8,9,8
165,1656,126.5522,43.90474,1,0,7,1,8
53,75,126.5562,43.83297,1,1,9,4,8
31,4849,126.56968,43.84902,14,1,5,27,15
31,949,126.59248,43.83957,1,1,9,7,8
129,1520,126.56399,43.85717,7,1,9,4,9
53,1103,126.56926,43.80937,1,1,9,8,15
129,2665,126.56047,43.85001,1,1,8,25,7
129,638,126.5456,43.83682,1,1,6,11,16
53,4474,126.54982,43.81875,1,1,8,11,9
31,4849,126.57814,43.84304,1,1,9,26,7
129,2925,126.51733,43.819,14,1,9,5,7
53,1103,126.56926,43.80934,1,1,6,3,11
129,638,126.54949,43.84681,1,1,6,29,14
129,1520,126.55029,43.85309,14,1,10,17,8
165,3156,126.54416,43.91411,1,1,7,31,9
53,75,126.56591,43.81528,1,1,9,9,10
53,487,126.54377,43.79994,4,1,7,5,8
53,4474,126.5575,43.80076,1,1,7,26,9
53,75,126.56431,43.81466,1,1,8,12,9
31,4849,126.57219,43.84267,1,1,8,16,7
53,75,126.57202,43.82187,1,1,6,7,9
53,487,126.5959,43.77913,14,1,10,2,8
31,4849,126.5787,43.83816,1,1,6,17,13
165,1656,126.56409,43.92265,14,1,8,19,9
31,949,126.59371,43.85792,14,1,5,17,8
129,2688,126.53245,43.82396,1,1,7,5,8
165,1656,126.57028,43.92909,1,1,8,26,8
31,435,126.56358,43.86725,1,1,7,14,8
129,2925,126.51608,43.83211,1,1,7,25,8
31,4849,126.57313,43.84681,14,1,8,21,9
129,2688,126.5228,43.81389,1,1,8,27,7
53,4474,126.54996,43.82087,14,1,7,13,8
31,949,126.59241,43.83941,1,1,8,16,7
31,4849,126.56639,43.84149,14,1,5,18,9
53,75,126.56841,43.82765,1,1,8,25,9
165,3156,126.55046,43.91167,14,0,6,15,8
31,4849,126.57894,43.83758,1,1,9,13,7
53,1103,126.57776,43.82985,1,1,8,23,10
53,75,126.55199,43.83127,1,1,7,24,8
31,949,126.59561,43.8535,1,1,9,12,8
129,2688,126.53185,43.8253,1,1,9,12,8
165,1656,126.57524,43.91768,1,1,10,6,9
165,1656,126.5526,43.90718,14,1,8,30,8
31,435,126.55269,43.85007,14,1,5,20,7
129,1520,126.55995,43.85345,1,1,9,1,7
53,3030,126.5156,43.80707,1,0,9,17,8
31,949,126.59055,43.84079,1,1,6,30,9
53,487,126.55924,43.78835,14,1,5,17,8
31,3073,126.54704,43.8691,1,1,6,18,13
129,2688,126.51687,43.82121,14,1,6,27,15
129,2688,126.52123,43.81331,1,1,8,19,9
53,1103,126.59655,43.83253,1,1,8,16,10
129,638,126.5412,43.84636,1,1,6,28,17
53,1103,126.57041,43.83085,14,1,7,9,9
129,2665,126.5529,43.8495,14,1,8,10,13
53,75,126.56849,43.81673,1,1,7,22,8
53,1103,126.57136,43.81269,1,1,9,15,14
31,435,126.56178,43.86191,1,1,7,14,8
129,1520,126.55894,43.84738,14,1,9,28,9
53,75,126.57879,43.82347,14,1,8,6,8
53,75,126.57819,43.82424,1,1,6,28,9
53,75,126.56063,43.82304,10,1,8,16,8
31,4849,126.58084,43.84136,1,1,8,23,9
53,1103,126.57087,43.80655,1,1,7,26,14
31,949,126.58849,43.84201,14,1,9,10,8
129,2925,126.51248,43.83282,1,1,6,8,10
165,1656,126.56501,43.92852,14,1,7,22,9
53,4474,126.56067,43.81224,14,1,9,29,8
53,4474,126.55716,43.80096,14,1,7,27,8
31,949,126.58852,43.84439,1,1,8,4,8
165,1656,126.56165,43.92825,14,1,6,29,9
53,1103,126.57251,43.82983,3,1,6,13,9
53,1103,126.56976,43.80782,1,1,9,21,14
53,1103,126.57273,43.80862,1,1,8,11,15
165,1656,126.54333,43.97356,14,1,8,15,9
129,2925,126.51889,43.83251,1,1,8,25,7
129,3442,126.55694,43.85104,1,1,7,3,9
165,1656,126.57162,43.92814,14,1,8,8,9
53,75,126.56658,43.81351,14,1,7,29,8
31,3073,126.54703,43.86957,1,1,5,29,13
53,75,126.55258,43.83116,1,1,8,21,8
53,75,126.55557,43.83306,1,1,9,2,8
53,4474,126.55863,43.80118,1,1,6,26,10
165,3156,126.54999,43.91304,1,1,8,1,9
53,487,126.52803,43.80568,14,1,9,11,9
53,487,126.55138,43.78689,14,1,7,19,8
53,75,126.57615,43.82138,1,1,8,14,8
53,1103,126.56872,43.83033,14,1,9,9,10
129,2688,126.50884,43.81166,1,1,7,5,8
31,949,126.58919,43.83884,1,1,5,17,8
31,4849,126.57052,43.84505,1,1,6,13,9
129,1520,126.56556,43.84597,14,1,10,15,8
53,1103,126.56849,43.811,1,1,6,18,14
53,487,126.52621,43.79966,14,1,9,6,9
53,1087,126.57948,43.82945,1,1,6,17,10
53,75,126.56609,43.81722,1,1,5,29,15
31,4849,126.56831,43.85143,14,1,9,23,7
31,4849,126.57559,43.85159,1,1,8,25,15
165,1656,126.54853,43.90064,1,1,5,22,13
31,4849,126.58346,43.84655,0,1,8,26,9
165,1656,126.57833,43.89444,14,1,7,2,9
53,1103,126.59298,43.83134,1,1,6,18,10
129,2688,126.52735,43.81551,1,1,7,22,8
129,2688,126.51889,43.81926,1,1,7,6,8
31,435,126.54928,43.87266,1,1,8,18,8
53,1103,126.56837,43.81124,1,1,9,26,13
53,4474,126.54494,43.81947,14,1,8,24,8
53,487,126.53454,43.80823,1,1,7,9,7
53,4474,126.54447,43.81579,1,1,9,26,8
129,2688,126.52587,43.81679,1,1,6,28,10
53,4474,126.55107,43.80516,1,1,7,22,8
31,435,126.54896,43.86724,1,1,9,8,14
31,949,126.58969,43.8383,1,1,6,3,12
129,1520,126.55021,43.853,14,1,9,20,9
53,487,126.53047,43.80469,14,1,7,17,8
129,1520,126.56335,43.84636,14,1,9,8,7
53,1103,126.60066,43.82584,14,1,7,5,9
31,949,126.58716,43.84066,14,1,9,22,9
31,949,126.58788,43.84225,1,1,9,19,7
129,2665,126.56082,43.8534,1,1,8,24,8
53,4474,126.55262,43.81908,14,1,7,16,8
31,949,126.58963,43.84071,1,1,6,27,8
53,75,126.55828,43.83238,1,1,7,29,8
129,638,126.54628,43.83736,1,1,7,18,9
31,4849,126.57617,43.84356,1,1,6,18,8
129,87,126.55897,43.84408,1,1,10,6,8
165,1656,126.54642,43.91196,1,1,8,23,9
31,949,126.59183,43.84684,1,1,9,19,7
165,1656,126.58303,43.89453,1,1,10,7,8
31,4849,126.57653,43.85108,1,1,6,28,9
53,2289,126.57233,43.81248,1,1,5,29,13
129,2688,126.50394,43.80352,1,1,7,27,10
53,75,126.55309,43.82688,1,1,8,29,9
31,4849,126.57259,43.84215,1,1,8,29,13
53,1103,126.57248,43.82982,3,1,9,5,10
129,638,126.56205,43.8396,14,1,7,29,9
53,487,126.52288,43.80049,1,1,9,5,9
129,2688,126.52931,43.82219,14,1,9,10,8
31,4849,126.58065,43.84559,14,1,7,19,7
53,75,126.55487,43.82588,1,1,6,19,15
53,75,126.56187,43.81385,14,1,9,1,16
129,2925,126.51527,43.81387,1,1,6,14,9
53,1103,126.57081,43.80658,1,1,9,20,13
31,4849,126.57849,43.8373,1,1,9,25,8
129,87,126.55898,43.84352,1,1,10,2,9
129,2665,126.55223,43.85065,14,1,8,11,8
53,4474,126.54345,43.82108,1,1,8,24,8
31,4849,126.57046,43.84741,1,1,8,16,7
31,435,126.56185,43.86846,1,1,7,21,7
31,4849,126.57368,43.84452,7,1,9,29,8
129,1520,126.54551,43.84449,14,1,9,28,9
53,1103,126.57169,43.83136,1,1,8,26,9
53,487,126.57955,43.78365,14,1,9,18,8
129,2925,126.52293,43.82282,14,1,8,19,9
31,949,126.59495,43.85101,1,1,8,24,8
53,75,126.55274,43.82539,1,1,7,19,8
53,75,126.56228,43.82651,1,1,7,30,8
31,949,126.58845,43.84771,1,1,9,3,8
129,2688,126.52012,43.80848,1,1,6,28,16
31,949,126.59146,43.86314,1,1,9,4,8
165,1656,126.57354,43.92351,1,0,6,9,8
31,435,126.55282,43.87302,1,1,8,12,8
53,4474,126.54964,43.81532,1,1,9,26,8
53,1103,126.56559,43.82527,14,1,9,9,10
165,3156,126.55406,43.90063,14,0,6,13,8
53,75,126.55635,43.82514,13,1,8,26,9
31,4849,126.57052,43.84741,1,1,7,10,7
53,4474,126.55563,43.80252,1,1,8,29,9
129,638,126.55113,43.84378,9,1,7,6,9
129,2688,126.52006,43.81586,1,1,8,5,8
31,4849,126.58002,43.84041,1,1,6,19,13
53,75,126.57601,43.82277,1,1,5,16,14
31,949,126.58876,43.84407,1,1,8,30,8
53,1103,126.57675,43.82712,1,1,8,11,9
129,2688,126.52017,43.81579,1,1,7,23,8
129,161,126.56362,43.85652,14,1,6,15,9
165,2709,126.56518,43.89838,14,0,6,5,9
129,588,126.50868,43.82166,1,1,5,16,10
129,2688,126.50894,43.81134,1,1,6,11,17
165,1656,126.56039,44.00287,14,1,9,8,9
31,949,126.59293,43.84185,14,1,5,21,8
53,1103,126.58923,43.82888,1,1,5,17,9
53,75,126.56297,43.81942,14,1,7,27,9
53,75,126.56529,43.83026,7,1,6,11,8
53,4474,126.55106,43.80511,1,1,9,2,9
53,75,126.5741,43.82714,1,1,6,19,14
53,75,126.54412,43.82447,1,1,7,1,8
165,1656,126.55325,43.91233,1,1,8,31,8
31,4849,126.57135,43.85203,14,1,8,31,13
129,2665,126.54435,43.84881,14,1,8,27,7
53,75,126.55207,43.82782,14,1,6,8,7
31,4849,126.57668,43.84775,1,1,9,18,8
129,2688,126.52469,43.82338,1,1,8,20,8
31,4849,126.57184,43.85113,14,1,7,17,9
31,1558,126.58454,43.84897,1,1,10,5,8
31,435,126.54979,43.87413,1,0,5,24,12
31,4849,126.57501,43.85009,1,1,9,22,8
53,2618,126.57041,43.83096,14,1,6,4,8
129,2925,126.51987,43.8279,1,1,6,17,11
129,2925,126.51595,43.81817,1,1,9,12,7
129,2665,126.5466,43.85125,14,1,8,22,9
129,2688,126.52022,43.81571,1,1,7,3,8
53,487,126.55426,43.78931,0,1,5,30,15
53,1103,126.57164,43.8109,1,1,7,31,13
165,1656,126.57518,43.91714,1,1,7,5,9
165,2709,126.57614,43.89647,14,1,7,29,8
129,2925,126.5115,43.83357,1,1,8,29,9
31,4114,126.5458,43.86055,1,1,6,17,11
129,2688,126.53262,43.82645,1,1,9,22,8
31,435,126.55957,43.85936,14,1,8,8,8
53,1103,126.56734,43.83266,14,1,9,13,10
31,435,126.55288,43.8722,1,1,8,14,7
129,2688,126.52016,43.81178,1,1,5,31,13
165,3156,126.55331,43.91177,1,1,8,10,12
129,2688,126.5193,43.81387,1,1,5,31,13
53,487,126.55462,43.78715,14,1,8,3,8
53,75,126.57037,43.82669,1,1,6,8,12
129,2688,126.52833,43.82465,1,1,7,6,8
129,2925,126.51789,43.82665,1,1,7,6,8
31,949,126.59218,43.84015,1,1,8,12,8
165,290,126.56403,43.92056,14,1,9,21,9
31,949,126.59433,43.86093,14,1,7,26,7
53,4474,126.55551,43.80556,1,1,7,3,8
31,4849,126.57073,43.84219,1,1,7,31,12
53,1103,126.57915,43.82681,1,1,8,27,9
31,949,126.58668,43.84729,1,1,9,24,8
129,2665,126.5437,43.84479,14,1,8,3,8
31,4849,126.57283,43.84443,7,1,9,28,8
31,4849,126.58494,43.84555,1,1,9,21,9
31,4322,126.542,43.86313,1,1,6,4,13
129,2688,126.5326,43.82463,1,1,8,8,8
31,2208,126.5397,43.87683,1,1,6,19,8
31,435,126.55565,43.86233,14,1,9,21,9
31,435,126.55899,43.86263,7,1,8,29,8
129,2688,126.5229,43.81493,1,1,8,23,8
53,75,126.54879,43.82228,0,1,6,18,9
53,75,126.55523,43.82082,10,1,8,29,9
129,638,126.56347,43.84422,14,1,6,5,10
53,1103,126.57206,43.8311,14,1,8,15,9
31,4849,126.57915,43.84188,1,1,7,14,8
53,1103,126.57241,43.82984,3,1,6,11,12
31,949,126.591,43.85299,1,1,9,9,8
129,638,126.54621,43.83743,1,1,7,17,9
53,75,126.57055,43.8265,1,1,6,18,12
129,1520,126.56049,43.85002,1,1,9,6,7
53,75,126.57046,43.8265,1,1,5,16,8
31,4849,126.57647,43.85101,1,1,8,11,15
31,949,126.59046,43.84752,1,1,7,4,7
165,3156,126.54742,43.91331,1,0,5,16,10
53,75,126.57548,43.82209,1,1,9,7,8
53,4474,126.55845,43.79966,1,1,9,17,8
53,4474,126.55641,43.81227,1,1,9,20,8
53,75,126.56664,43.82119,1,1,8,16,9
53,4474,126.54587,43.81094,1,1,8,4,8
53,1103,126.60494,43.82809,1,1,9,15,10
53,1103,126.60245,43.82812,1,1,9,2,8
129,2688,126.52823,43.82631,1,1,8,22,9
31,4849,126.5693,43.84336,14,1,6,19,15
31,949,126.58644,43.83788,14,1,7,5,8
129,2688,126.52824,43.81829,14,1,6,9,14
53,75,126.55301,43.82322,1,1,7,22,8
165,1656,126.78847,44.00476,14,1,7,9,9
31,949,126.59573,43.84182,1,1,8,9,7
53,75,126.55424,43.82395,1,1,8,16,8
31,435,126.56146,43.87063,1,1,7,10,7
165,2709,126.56061,43.90821,14,1,8,11,8
53,979,126.54515,43.81055,1,1,6,4,15
53,75,126.56111,43.82734,14,1,8,5,8
165,3156,126.57838,43.89465,14,1,8,14,9
129,1520,126.54403,43.85046,1,1,9,23,8
165,1656,126.55134,43.91061,14,1,8,26,9
31,949,126.59439,43.84461,14,1,6,10,8
53,75,126.55966,43.83334,1,1,10,2,8
53,1103,126.57049,43.83094,14,1,7,14,9
129,2665,126.56414,43.85455,14,1,8,21,8
53,75,126.57894,43.82168,14,1,6,30,14
53,4474,126.54609,43.81028,1,1,7,2,8
53,1103,126.56781,43.83122,14,1,9,19,9
129,2688,126.53294,43.82751,1,1,9,6,8
53,4474,126.54271,43.81282,10,1,9,9,8
129,2665,126.54901,43.84889,14,1,8,10,13
31,949,126.59027,43.84155,1,1,8,25,9
53,487,126.58512,43.78225,1,1,6,10,8
53,4474,126.5611,43.81561,14,1,9,28,8
129,2925,126.51503,43.81761,1,1,6,14,9
129,638,126.54547,43.84339,1,1,6,29,9
31,949,126.59411,43.85906,1,0,8,22,9
53,4474,126.55184,43.80468,1,1,7,20,8
31,949,126.58887,43.83744,10,1,8,23,7
129,1520,126.54106,43.84803,1,1,9,10,8
31,949,126.58913,43.84332,1,1,9,24,8
31,949,126.59215,43.84012,1,1,7,1,7
129,2925,126.51571,43.81503,1,1,9,25,8
53,75,126.56505,43.82483,14,1,6,12,8
31,4849,126.56717,43.83969,12,1,9,23,7
53,3559,126.57563,43.79315,1,1,5,29,9
53,487,126.57946,43.78365,14,1,9,21,9
53,75,126.55827,43.82476,10,1,8,27,8
53,1103,126.57787,43.82916,1,1,6,9,9
53,1756,126.58478,43.82337,1,1,6,4,11
129,2688,126.51686,43.81153,1,1,8,9,9
53,75,126.57203,43.82056,1,1,9,27,8
129,2688,126.5357,43.82929,1,1,6,16,8
165,290,126.55236,43.91037,1,1,9,14,10
53,75,126.55972,43.83244,1,1,7,30,8
53,1103,126.56026,43.8041,14,1,8,12,15
31,435,126.55001,43.86135,1,1,6,15,7
129,2925,126.51801,43.83102,1,1,9,12,7
31,4849,126.57291,43.84451,7,1,9,5,8
165,2709,126.5752,43.89618,14,1,5,13,19
31,949,126.58973,43.86039,1,1,9,5,8
53,75,126.57285,43.8279,1,1,6,18,12
31,435,126.55401,43.86813,1,1,9,2,8
31,4849,126.58029,43.8387,14,1,5,16,9
129,2302,126.56043,43.85002,1,1,7,11,9
31,435,126.55858,43.87048,1,1,10,2,8
165,3867,126.6128,43.8902,14,1,7,27,9
53,487,126.52742,43.80438,14,1,8,11,9
129,1520,126.56308,43.85582,14,1,9,2,11
129,2688,126.5094,43.8118,1,1,8,9,15
165,1656,126.56331,43.9103,7,1,7,21,8
53,75,126.56423,43.81938,14,1,8,2,8
129,2688,126.52407,43.81478,1,1,8,28,7
53,75,126.5659,43.83053,7,1,5,28,9
31,435,126.5565,43.85959,1,1,6,29,13
53,1087,126.57733,43.82971,1,1,6,18,10
53,1103,126.57969,43.82729,1,1,7,11,9
53,4474,126.56182,43.81722,14,1,7,13,8
129,1520,126.56062,43.8497,1,1,9,13,9
165,1656,126.57611,43.91714,1,1,7,19,8
31,4849,126.57275,43.84044,14,1,9,28,8
53,1103,126.56973,43.8033,14,1,8,20,15
31,4849,126.56962,43.84499,1,1,9,9,8
53,979,126.55548,43.80568,1,1,5,30,9
31,949,126.59136,43.84031,1,1,6,14,8
129,3408,126.52303,43.87203,14,1,5,18,10
53,75,126.54572,43.82422,0,1,9,7,8
53,1103,126.57831,43.82877,1,1,9,21,9
31,4849,126.57362,43.84452,7,1,9,25,8
53,1103,126.57269,43.80984,1,1,8,19,14
129,1520,126.56071,43.84974,1,1,9,9,9
31,3073,126.54939,43.86673,1,1,6,5,15
31,435,126.55486,43.87234,1,1,9,10,8
129,2925,126.52411,43.8376,1,1,8,10,13
53,75,126.54465,43.82223,14,1,8,15,8
31,949,126.58863,43.86253,1,1,6,17,13
165,1656,126.51905,43.94318,14,1,5,17,10
53,4474,126.55541,43.81815,14,1,8,16,8
53,1103,126.58018,43.82845,1,1,7,1,8
31,4849,126.58342,43.84625,14,1,7,4,8
129,1520,126.54037,43.84937,1,1,9,24,8
53,1103,126.56644,43.83145,14,1,6,11,12
165,1656,126.56166,43.91631,14,1,5,29,8
129,2665,126.54881,43.85219,14,1,8,8,8
31,949,126.58771,43.84176,14,1,9,17,8
129,2925,126.51617,43.81302,1,1,6,12,9
53,4474,126.54503,43.81131,1,1,8,29,9
129,1520,126.56048,43.85,1,1,9,22,8
129,2925,126.51877,43.83245,1,1,8,1,9
53,75,126.55175,43.83093,1,1,8,18,8
31,949,126.59213,43.85653,14,1,6,14,8
31,4849,126.57411,43.84606,14,1,7,6,7
31,949,126.58712,43.84068,14,1,10,2,9
53,4474,126.55014,43.81669,1,1,7,13,8
129,2688,126.52496,43.82314,1,1,7,22,9
31,4609,126.5527,43.84993,14,1,6,18,8
129,2688,126.52286,43.81391,1,1,7,25,8
165,1656,126.57332,43.91799,1,0,7,20,8
53,487,126.52371,43.79882,1,1,8,11,9
53,1103,126.59509,43.83178,1,1,6,10,9
129,2665,126.55599,43.85169,1,1,8,21,8
129,1520,126.55239,43.84909,1,1,9,23,8
53,75,126.55815,43.83249,1,1,8,22,8
165,1656,126.55083,43.9022,14,1,8,25,9
129,638,126.54557,43.84048,14,1,7,14,9
53,4474,126.54591,43.81095,1,1,8,15,8
53,1103,126.56914,43.80948,1,1,6,4,18
53,75,126.56731,43.82359,1,1,9,16,8
31,949,126.59433,43.85474,14,1,7,2,8
31,4849,126.57273,43.84186,1,1,6,25,14
165,1656,126.54996,43.90446,1,0,6,13,8
53,75,126.55485,43.82591,1,1,7,8,8
129,2688,126.52093,43.81541,1,1,9,21,7
129,638,126.54461,43.83747,1,1,7,27,10
165,1656,126.54829,43.90054,1,1,9,22,9
129,2925,126.51591,43.81817,1,1,9,11,8
129,2688,126.52032,43.82008,1,1,7,5,8
129,2688,126.52008,43.81989,1,1,8,28,15
129,1520,126.54223,43.84799,1,1,9,16,9
53,75,126.55424,43.8209,10,1,8,9,9
53,1103,126.57097,43.81321,1,1,9,6,15
31,4849,126.56739,43.84695,7,1,9,30,8
53,487,126.52714,43.80575,14,1,7,1,8
31,4849,126.57596,43.84141,1,1,8,29,13
53,1103,126.6017,43.82856,1,1,9,1,9
53,4474,126.54825,43.81609,1,1,6,28,11
53,1103,126.57089,43.80645,1,1,7,29,15
165,3156,126.54684,43.909,1,1,7,14,9
53,75,126.56544,43.82243,1,1,8,12,9
165,2709,126.57518,43.89625,14,0,6,1,9
129,2925,126.51323,43.81471,1,1,8,20,9
129,1520,126.54968,43.85007,14,1,9,28,14
129,2688,126.52471,43.82563,14,1,6,15,9
53,1103,126.56753,43.80724,1,1,7,22,12
31,435,126.5657,43.86133,1,1,8,28,9
129,2688,126.5329,43.82534,1,1,7,21,8
129,2665,126.55416,43.84509,14,1,8,16,8
53,4474,126.54961,43.81535,1,1,8,25,8
129,1520,126.56239,43.84929,1,1,9,7,7
53,4474,126.55857,43.8003,1,1,9,21,9
129,2688,126.51507,43.81685,1,1,8,8,15
53,75,126.57473,43.82672,1,1,9,5,9
53,1103,126.57174,43.80939,1,1,6,9,13
129,2688,126.52062,43.81946,1,1,9,9,16
53,75,126.567,43.82218,14,1,7,21,8
53,487,126.52327,43.80007,1,1,9,14,8
31,4849,126.57278,43.8396,1,1,6,17,7
165,1656,126.60028,43.8905,1,1,10,11,9
31,4849,126.56894,43.85021,7,1,9,29,8
129,638,126.55583,43.85252,1,1,6,29,14
129,638,126.55329,43.84624,1,1,7,27,16
31,949,126.5941,43.86303,14,1,6,13,8
31,435,126.55946,43.85947,14,1,8,1,9
53,1103,126.56783,43.83137,14,1,9,6,10
31,4849,126.57431,43.84258,14,1,8,15,8
53,4474,126.55662,43.8129,1,1,8,5,7
165,1656,126.6142,43.89125,14,0,6,7,12
31,4849,126.57361,43.83975,1,1,8,18,7
53,487,126.57871,43.78483,14,1,7,5,8
129,2688,126.52556,43.81998,1,1,9,12,8
165,1656,126.54835,43.91391,1,1,9,16,9
53,1103,126.57854,43.82984,1,1,8,31,8
31,4849,126.57533,43.84167,1,1,8,28,8
31,4849,126.57042,43.84261,1,1,5,18,9
53,1103,126.59419,43.83177,1,1,9,16,9
129,2688,126.52373,43.81669,1,1,6,11,9
165,2709,126.56349,43.91033,7,0,6,6,7
31,3073,126.54705,43.86851,1,1,6,5,15
31,435,126.56579,43.86136,1,1,8,31,9
129,2688,126.51437,43.80887,1,1,5,29,19
53,75,126.57835,43.82165,1,1,8,22,9
53,75,126.57024,43.82569,1,1,7,27,9
53,4474,126.55379,43.80417,1,1,8,12,9
31,4849,126.57395,43.8547,1,1,6,30,15
53,3559,126.56978,43.7944,1,1,5,29,9
31,435,126.55995,43.8687,1,1,9,11,8
31,1558,126.53911,43.87018,1,1,10,3,16
53,487,126.54492,43.79506,10,1,8,16,9
53,75,126.56971,43.82072,1,1,7,19,8
129,2925,126.51796,43.83319,1,1,6,3,11
31,435,126.55281,43.8722,1,1,6,16,7
53,487,126.53062,43.80454,14,1,9,12,9
165,1656,126.5209,43.94241,14,1,9,21,9
31,4849,126.56835,43.84774,14,1,5,16,9
31,1558,126.55705,43.85951,1,1,10,5,8
53,1103,126.57123,43.831,14,1,7,31,9
31,4849,126.58364,43.84141,1,1,6,14,8
53,1794,126.54772,43.7961,14,0,6,29,11
53,75,126.54413,43.82455,1,1,8,5,8
165,1656,126.54434,43.917,14,1,8,22,8
31,4849,126.57374,43.85457,1,1,7,1,7
129,1520,126.55504,43.85413,1,1,10,1,7
31,1558,126.56025,43.87193,1,1,10,8,8
31,4322,126.5606,43.88637,14,1,6,6,10
31,949,126.58686,43.86303,1,1,5,25,9
129,2925,126.5056,43.8201,1,1,8,10,8
53,1177,126.57543,43.80245,14,1,6,3,15
53,1103,126.57346,43.81283,1,1,8,2,14
53,75,126.56891,43.82916,7,1,9,26,8
53,75,126.55506,43.82175,10,1,8,30,8
165,3156,126.55303,43.90862,14,1,8,18,9
31,4849,126.57583,43.83926,1,1,9,3,8
53,75,126.5685,43.81741,1,1,8,15,9
31,949,126.59102,43.84112,1,1,6,17,7
31,4849,126.56716,43.85258,14,1,9,12,8
31,2208,126.53979,43.87683,1,1,6,19,8
129,2688,126.52003,43.81533,1,1,8,20,8
53,1103,126.5956,43.83225,1,1,7,25,9
53,4474,126.55675,43.8106,14,1,8,31,8
129,2925,126.52395,43.83677,1,1,6,28,11
31,949,126.59126,43.83943,1,1,8,11,16
165,3156,126.54852,43.90067,1,1,8,13,9
31,4849,126.57274,43.85029,3,1,8,22,9
31,4849,126.57527,43.84167,1,1,9,6,8
129,2688,126.52349,43.81975,1,1,7,28,8
31,4849,126.57177,43.84756,1,1,8,9,7
129,2925,126.51443,43.81193,1,1,8,12,9
53,4474,126.54514,43.81061,1,1,7,9,7
53,75,126.56574,43.82952,7,1,7,4,9
53,75,126.55178,43.82287,14,1,7,20,8
129,1520,126.54653,43.85115,14,1,9,25,8
31,949,126.59049,43.84086,1,1,9,23,7
129,638,126.55584,43.84323,14,1,7,12,8
129,2925,126.51563,43.81301,1,1,7,13,8
53,487,126.53696,43.80506,14,1,5,29,16
53,75,126.54486,43.82447,1,1,8,11,9
31,949,126.58966,43.83955,1,1,7,27,8
129,2925,126.51228,43.83305,1,1,8,28,7
165,1656,126.56314,43.91026,7,1,9,8,9
31,435,126.56155,43.87032,1,1,5,30,9
53,4474,126.51554,43.80697,1,1,9,6,9
31,4849,126.57135,43.83897,1,1,8,8,8
53,1103,126.56837,43.81007,1,1,7,27,13
31,1558,126.59226,43.84784,1,1,10,4,7
31,435,126.55629,43.8723,1,1,7,14,13
53,4474,126.5615,43.81921,3,1,7,18,9
31,435,126.5562,43.85994,1,1,9,18,8
165,1656,126.56606,43.92234,14,0,6,10,8
31,4849,126.57695,43.85003,1,1,7,4,8
53,75,126.56843,43.82332,1,1,6,27,14
53,1103,126.56975,43.83222,1,1,6,30,10
53,4474,126.55855,43.80863,1,1,7,7,9
165,3156,126.55002,43.91306,1,1,8,19,9
31,435,126.55836,43.86875,1,1,8,18,7
31,1558,126.59239,43.8478,1,1,10,21,8
53,75,126.55416,43.82459,1,1,9,1,9
53,1103,126.60396,43.82878,1,1,7,3,8
129,2688,126.51181,43.80807,1,1,8,30,8
31,4849,126.57689,43.8505,1,1,7,20,7
31,4849,126.57683,43.84176,1,1,8,8,8
129,2925,126.51296,43.81438,1,1,8,6,8
129,2688,126.52291,43.82685,1,1,6,29,9
53,75,126.57313,43.82403,1,1,8,20,15
31,435,126.55994,43.86875,1,1,5,24,8
165,3156,126.54922,43.90907,1,0,7,21,10
53,1103,126.56751,43.80195,1,1,9,26,13
31,2208,126.54642,43.8751,1,1,5,30,13
53,487,126.52976,43.80536,14,1,8,3,8
31,3073,126.547,43.86905,1,1,6,5,15
53,75,126.56146,43.8233,1,1,7,14,9
53,2615,126.55881,43.80251,1,1,6,13,10
129,2925,126.52418,43.83761,1,1,6,4,11
129,2688,126.51256,43.8184,1,1,8,14,15
31,4849,126.58258,43.83743,14,1,7,2,8
129,2925,126.51878,43.83291,1,1,8,7,9
129,2688,126.52219,43.82556,1,1,6,28,16
165,3156,126.55198,43.90957,1,1,7,18,8
53,1756,126.59192,43.82342,14,1,5,31,9
31,435,126.55353,43.87076,1,1,7,6,7
53,487,126.52459,43.8037,1,1,8,12,9
129,2688,126.52177,43.81402,1,1,6,3,16
31,4849,126.58515,43.84126,14,1,8,26,9
129,1520,126.56474,43.85587,14,1,9,10,8
53,1756,126.58834,43.8234,14,1,6,7,10
53,4474,126.55532,43.80666,1,1,8,4,8
31,435,126.55398,43.87377,1,1,8,12,8
31,435,126.561,43.85857,14,1,5,20,7
165,3156,126.54456,43.91392,1,0,5,23,9
129,2688,126.53481,43.82779,1,1,6,14,15
129,2925,126.52325,43.83662,1,1,6,27,11
53,487,126.52946,43.80429,14,1,7,5,8
129,2688,126.53233,43.82486,1,1,8,11,11
129,638,126.55343,43.83918,1,1,6,6,14
31,435,126.56311,43.86753,1,1,7,8,8
53,1103,126.60324,43.82979,1,1,8,27,9
31,4849,126.57271,43.83955,1,1,6,11,9
31,4849,126.57511,43.84617,14,1,8,12,8
53,2618,126.57042,43.83193,1,1,6,8,7
31,435,126.56346,43.86883,1,1,9,7,8
31,4849,126.57396,43.85597,14,1,8,10,13
165,1656,126.54897,43.90858,1,1,9,17,8
53,1103,126.57033,43.80782,1,1,6,30,18
31,949,126.59522,43.84291,14,1,7,30,13
53,75,126.54732,43.82336,14,1,9,10,7
31,435,126.55273,43.87214,1,1,7,26,7
53,75,126.56633,43.81298,14,1,7,9,7
31,435,126.55137,43.87129,1,1,8,23,8
53,4474,126.55453,43.81999,1,1,8,19,9
129,638,126.55766,43.84083,1,1,7,2,9
31,949,126.59156,43.84548,1,1,5,20,8
53,75,126.57015,43.8235,1,1,6,19,14
129,2688,126.52524,43.82404,1,1,7,22,9
53,75,126.57121,43.81971,14,1,7,25,8
31,2208,126.54236,43.8652,1,1,5,24,11
53,1103,126.57121,43.80985,1,1,8,2,14
129,2925,126.51769,43.83067,1,1,9,7,7
53,1103,126.56981,43.81193,1,1,8,27,14
53,854,126.57054,43.79516,1,1,6,19,15
53,1103,126.59486,43.83224,1,1,8,24,10
129,2688,126.5274,43.82448,1,1,8,15,8
53,1103,126.57672,43.82706,1,1,8,29,9
165,3156,126.54811,43.91285,1,0,6,28,8
31,949,126.59243,43.83959,1,1,7,20,7
53,1177,126.57015,43.79799,14,1,6,3,7
53,2615,126.55889,43.80262,1,1,6,13,10
129,1520,126.55832,43.84733,14,1,9,8,7
129,2688,126.53193,43.8213,1,1,9,22,8
53,75,126.54662,43.82468,0,1,7,7,9
129,638,126.55383,43.83875,1,1,7,20,8
53,487,126.54489,43.79476,10,1,9,1,8
129,2688,126.51541,43.82091,1,1,7,30,15
129,2688,126.53192,43.82139,1,1,8,18,8
129,1520,126.55234,43.84793,1,1,10,17,8
53,4474,126.552,43.80375,1,1,8,3,9
129,2688,126.51692,43.81773,1,1,6,30,9
129,2925,126.49305,43.81223,1,1,8,3,9
129,161,126.56506,43.84909,7,1,6,14,10
31,4849,126.58118,43.84343,1,1,7,5,7
31,1558,126.57686,43.88305,1,1,9,5,9
129,2688,126.50215,43.80211,1,1,6,28,16
31,4849,126.57148,43.84184,1,1,9,26,7
129,2688,126.53044,43.82356,1,1,6,19,9
31,949,126.59484,43.84453,14,1,7,11,7
31,435,126.55041,43.86108,1,1,6,8,8
129,2665,126.54171,43.84531,1,1,8,12,9
31,152,126.56978,43.8871,14,1,6,4,12
31,4849,126.56672,43.84753,7,1,7,5,7
53,75,126.56878,43.82836,1,1,7,21,8
53,75,126.56831,43.82308,1,1,9,7,8
53,4474,126.54639,43.81795,14,1,7,21,8
53,4474,126.56032,43.81456,14,1,7,24,8
165,1656,126.57816,43.91647,14,1,9,9,9
53,1103,126.57505,43.83067,1,1,9,4,12
31,435,126.54897,43.87191,1,1,6,4,16
31,4849,126.57438,43.84401,7,1,6,19,9
129,2925,126.49743,43.81717,14,1,8,12,9
31,949,126.58713,43.85775,14,1,9,17,8
31,435,126.55886,43.8696,1,1,7,10,7
53,4474,126.55651,43.81403,1,1,8,12,9
53,4474,126.55513,43.81744,1,1,9,13,8
129,1520,126.54918,43.8484,1,1,9,26,8
31,4849,126.57284,43.84459,7,1,6,12,9
53,75,126.56859,43.8246,1,1,6,8,7
31,2208,126.53994,43.86853,1,1,6,1,11
129,2688,126.51902,43.81259,1,1,7,4,9
165,1656,126.57846,43.91644,14,1,6,26,9
129,638,126.55,43.84057,4,1,7,21,8
129,1520,126.54665,43.85128,14,1,9,8,7
53,1103,126.57084,43.80652,1,1,8,26,15
53,487,126.52313,43.79997,1,1,9,20,8
31,949,126.5878,43.84895,1,1,8,24,8
31,949,126.59224,43.8401,1,1,8,17,7
53,4474,126.55736,43.808,1,1,7,3,8
165,1656,126.55775,43.90937,1,1,8,30,8
31,4849,126.5739,43.8547,1,1,10,1,7
31,435,126.55653,43.86048,1,1,7,18,8
53,1103,126.57087,43.80642,1,1,9,9,16
53,4474,126.55831,43.79953,1,1,8,13,9
31,1558,126.57279,43.8503,3,1,10,12,9
31,3073,126.5511,43.86822,1,1,6,5,15
31,435,126.55288,43.87225,1,1,9,6,8
31,949,126.59075,43.85145,1,1,8,7,8
31,4849,126.58117,43.8426,1,1,8,28,8
129,1520,126.55507,43.85414,1,1,9,30,9
165,1656,126.59097,43.89913,14,1,5,17,10
129,1520,126.54212,43.84222,3,1,9,29,8
129,2925,126.51323,43.81468,1,1,7,20,8
129,161,126.56637,43.85839,7,1,6,19,16
53,4474,126.55669,43.81064,14,1,7,20,8
53,4474,126.55655,43.81127,14,1,7,30,8
53,1103,126.5948,43.83224,1,1,6,19,10
165,1656,126.56647,43.92821,14,1,9,18,9
165,1656,126.56297,43.92845,14,1,7,3,8
53,1103,126.58091,43.82848,1,1,9,5,11
129,2665,126.55491,43.85427,1,1,8,4,8
31,4849,126.56792,43.84999,7,1,9,9,8
31,4849,126.57713,43.83906,14,1,5,29,8
129,1520,126.55837,43.84891,14,1,9,5,7
129,2688,126.53137,43.8284,14,1,9,15,8
53,1103,126.5898,43.83035,1,1,8,19,10
129,638,126.55795,43.83995,1,1,7,29,9
129,2688,126.51652,43.809,1,1,9,7,7
129,1520,126.54652,43.85193,14,1,9,26,8
129,1520,126.54395,43.8453,14,1,9,24,8
31,435,126.55278,43.87212,1,1,8,16,8
129,2665,126.55844,43.85568,1,1,8,7,9
53,487,126.52445,43.80366,1,1,9,10,7
31,4849,126.57236,43.84343,1,1,5,29,14
31,949,126.58659,43.85924,1,1,9,14,7
53,1103,126.58986,43.83048,1,1,6,29,9
53,1103,126.57085,43.80657,1,1,9,16,14
31,4849,126.56829,43.84362,14,1,8,18,7
53,1087,126.57375,43.83115,1,1,6,18,10
31,4849,126.57991,43.84353,1,1,5,20,8
53,1103,126.57305,43.81126,1,1,7,25,13
165,1656,126.55408,43.9,14,1,9,2,9
53,4474,126.55649,43.81268,1,1,9,11,8
31,435,126.55189,43.85706,14,1,9,9,7
31,4849,126.5726,43.84075,14,1,9,30,8
53,1103,126.60137,43.83366,1,1,9,17,9
165,1656,126.56551,43.92197,14,1,10,7,8
31,949,126.58698,43.86169,1,1,6,10,8
129,2925,126.51233,43.81294,1,1,8,21,8
129,2688,126.51768,43.81233,1,1,6,17,14
53,1103,126.59855,43.82743,14,1,7,25,9
31,949,126.59361,43.84715,4,1,8,30,8
53,75,126.56524,43.82593,1,1,8,10,13
129,2665,126.55101,43.85003,3,1,8,26,7
129,2688,126.51699,43.81174,1,1,9,1,7
53,75,126.55804,43.83311,1,1,9,14,9
31,435,126.55041,43.86102,1,1,8,25,9
129,2925,126.49837,43.81717,1,1,8,3,9
53,75,126.5785,43.8223,1,1,9,9,10
53,75,126.56572,43.82967,7,1,9,29,8
53,1103,126.56766,43.80773,1,1,7,3,12
165,1656,126.55256,43.91058,1,1,6,18,17
53,1103,126.57132,43.81319,1,1,9,21,14
31,949,126.58988,43.85833,1,1,9,22,7
31,3073,126.55233,43.86866,1,1,5,24,12
165,3156,126.54878,43.90644,1,1,7,3,9
31,949,126.58831,43.84384,1,1,8,20,8
31,435,126.55279,43.87218,1,1,8,16,7
31,435,126.56251,43.86113,1,1,6,6,8
53,75,126.56916,43.81533,1,1,9,22,9
53,1756,126.58844,43.82339,14,1,6,7,10
31,949,126.59105,43.85046,1,1,9,2,7
53,1103,126.56985,43.80381,1,1,8,11,15
31,949,126.58859,43.85499,14,1,9,22,7
53,75,126.57922,43.82493,14,1,8,27,8
129,2688,126.51915,43.81263,1,1,7,28,8
129,638,126.54566,43.83698,1,1,7,29,9
31,4849,126.58498,43.84414,14,1,9,22,8
129,1520,126.56502,43.85353,14,1,9,9,9
31,435,126.55085,43.86011,1,1,8,31,9
31,4849,126.57919,43.84726,14,1,7,12,11
31,1558,126.5723,43.85148,1,1,10,7,8
31,4849,126.57387,43.85462,1,1,9,25,8
31,4849,126.5674,43.84592,7,1,5,20,15
53,75,126.56307,43.83203,14,1,6,26,10
53,1103,126.57066,43.80889,1,1,9,16,14
31,949,126.59178,43.84704,1,1,7,12,7
31,949,126.58876,43.8488,1,1,8,22,8
31,949,126.59357,43.84179,14,1,8,27,8
31,949,126.5912,43.84633,1,1,7,30,13
53,75,126.55546,43.83305,1,1,9,28,8
53,1103,126.57176,43.8109,1,1,7,26,14
53,4474,126.54975,43.81876,1,1,6,18,16
31,4849,126.57585,43.84056,14,1,9,2,8
31,4849,126.57568,43.84242,1,1,6,16,7
31,4849,126.56715,43.84686,7,1,8,30,8
31,4849,126.56916,43.83956,13,1,8,31,13
165,1656,126.75341,43.95564,14,1,10,2,11
31,1558,126.58992,43.86334,1,1,10,7,9
129,2665,126.55008,43.84733,1,1,8,20,8
31,949,126.59054,43.83879,1,1,7,30,13
129,2925,126.51796,43.82648,1,1,9,12,7
53,4474,126.56128,43.81578,14,1,9,29,8
53,1103,126.60129,43.83374,1,1,9,28,9
53,75,126.56396,43.82172,7,1,9,23,9
165,1656,126.56593,43.92692,14,1,6,30,10
165,1656,126.56563,43.92181,14,1,7,14,9
31,4849,126.57615,43.83971,1,1,6,8,9
31,4849,126.57132,43.85101,14,1,9,8,15
53,1087,126.57711,43.82787,1,1,6,19,10
53,4474,126.55691,43.81351,1,1,7,22,13
165,1656,126.54861,43.91351,1,1,9,17,8
53,75,126.54481,43.82445,1,1,8,17,8
53,3939,126.55977,43.82504,1,1,5,29,8
31,949,126.57774,43.84356,1,1,6,18,7
129,2688,126.51981,43.81827,1,1,7,24,8
53,4474,126.55668,43.81058,14,1,9,22,9
53,75,126.55031,43.82169,1,1,8,3,8
129,2925,126.51399,43.81359,1,1,8,30,7
53,75,126.567,43.8216,14,1,6,29,13
31,949,126.59423,43.85411,14,1,9,28,8
53,4474,126.55517,43.81995,3,1,9,4,9
53,1103,126.56684,43.83232,14,1,9,18,9
53,4474,126.55782,43.80009,1,1,8,20,8
31,3073,126.54937,43.86682,1,1,6,17,11
53,75,126.56667,43.81806,14,1,8,28,9
53,487,126.5932,43.77793,14,1,9,1,9
165,1656,126.54788,43.91181,1,1,8,8,9
165,3156,126.55003,43.91291,1,1,7,13,9
31,152,126.56436,43.88271,14,1,6,5,13
165,2709,126.56325,43.91031,7,1,7,27,9
129,2688,126.53104,43.82161,1,1,7,27,9
31,435,126.55219,43.86063,14,1,6,6,8
53,487,126.58305,43.7821,1,1,5,30,14
31,435,126.55568,43.8624,14,1,5,16,9
129,2925,126.52077,43.83529,1,1,8,14,9
53,1103,126.59709,43.83193,1,1,5,16,9
31,4849,126.57374,43.85269,1,1,8,26,9
53,75,126.54795,43.82944,1,1,9,6,8
165,1656,126.55909,43.90148,14,1,5,28,15
31,4849,126.57415,43.84234,14,1,5,18,9
53,75,126.5454,43.82421,0,1,5,28,14
129,638,126.54689,43.83941,14,1,6,8,16
31,1558,126.57094,43.88233,1,1,10,5,7
129,2925,126.51364,43.81149,1,1,7,3,8
53,4474,126.55941,43.81866,14,1,9,17,8
129,2688,126.51055,43.81189,1,1,7,5,8
31,2208,126.53747,43.87454,14,1,6,6,12
165,2709,126.56884,43.90227,1,1,5,14,12
31,4849,126.57305,43.84211,1,1,8,23,9
53,3030,126.56521,43.80463,4,1,10,7,14
129,2688,126.53018,43.82645,1,1,9,20,9
31,435,126.55403,43.87314,1,1,9,20,8
53,1103,126.57193,43.80503,1,1,9,14,14
165,3156,126.54738,43.91342,1,0,5,25,10
31,4849,126.58007,43.84033,1,1,5,31,9
53,75,126.57756,43.82019,14,1,6,9,9
53,487,126.59474,43.77861,14,1,8,3,8
31,3073,126.54762,43.86894,1,1,5,24,9
31,435,126.5522,43.8747,1,1,6,14,14
53,75,126.55479,43.82576,1,1,8,24,8
53,487,126.57569,43.77984,1,1,8,5,8
31,435,126.56226,43.85867,14,1,9,5,8
31,435,126.5509,43.86018,1,1,5,25,8
165,1656,126.56508,43.9259,14,1,7,13,9
165,1656,126.57144,43.93041,1,1,8,4,8
53,75,126.56337,43.82245,1,1,8,29,9
129,2925,126.51691,43.83149,1,1,8,20,9
129,2925,126.51259,43.83282,1,1,8,15,8
31,949,126.59116,43.84887,1,1,6,1,8
53,4474,126.54797,43.81887,14,1,9,4,8
53,1103,126.57362,43.83125,1,1,9,20,8
129,1520,126.5497,43.84644,1,1,9,26,8
31,949,126.5955,43.84566,14,1,8,10,11
129,638,126.54643,43.84304,0,1,7,27,10
53,75,126.56689,43.82567,14,1,6,11,8
31,949,126.58699,43.85836,1,1,8,31,17
31,4849,126.56857,43.84184,14,1,5,28,8
53,75,126.56564,43.82476,14,1,9,6,8
165,3156,126.54625,43.91666,1,1,6,18,10
53,4474,126.55762,43.81717,1,1,8,5,8
129,2925,126.51708,43.83131,1,1,7,21,8
129,638,126.55365,43.84385,14,1,7,1,12
53,75,126.56407,43.8245,12,1,6,18,13
53,2618,126.56792,43.83227,14,1,6,3,7
129,2925,126.51977,43.82564,1,1,9,18,9
53,4474,126.56428,43.80351,4,1,8,22,12
129,1520,126.56224,43.85427,1,1,9,3,7
31,435,126.55552,43.86247,14,1,7,21,7
31,4849,126.57786,43.84324,1,1,6,19,9
53,75,126.56662,43.82865,1,1,9,21,9
129,2688,126.52597,43.8246,1,1,6,18,14
53,487,126.56065,43.78854,14,1,6,27,10
53,75,126.55343,43.82617,1,1,8,9,9
165,290,126.5501,43.90452,1,1,9,15,10
129,2665,126.54813,43.84662,1,1,8,31,7
129,2665,126.55591,43.85175,1,1,8,13,9
165,1656,126.54918,43.90678,1,1,8,31,9
165,3156,126.55139,43.91395,14,0,7,4,9
53,1103,126.57214,43.83088,14,1,9,26,9
53,75,126.55319,43.83046,1,1,8,7,9
53,75,126.57047,43.82175,14,1,9,11,8
129,1520,126.56603,43.85703,1,1,9,21,7
31,949,126.59187,43.84522,1,1,8,10,7
165,2709,126.57069,43.89874,14,0,6,7,8
129,2665,126.56119,43.85056,1,1,8,10,13
165,1656,126.55717,43.91125,3,0,6,2,14
31,949,126.58814,43.83971,14,1,7,29,8
31,435,126.55966,43.87076,1,1,8,20,7
129,2688,126.5186,43.81358,1,1,6,13,14
31,949,126.59708,43.84537,14,0,10,1,7
31,4849,126.56842,43.84294,14,1,7,31,12
129,323,126.51915,43.82786,1,1,9,27,9
129,2688,126.52683,43.81612,1,1,6,15,9
31,949,126.59295,43.84067,1,1,9,29,8
31,435,126.56176,43.87146,1,1,9,19,7
53,1103,126.57882,43.82969,1,1,5,28,14
31,435,126.55377,43.871,1,1,9,19,7
53,1103,126.57117,43.81096,1,1,7,6,12
31,4849,126.58286,43.84181,1,1,7,23,7
53,75,126.55973,43.8334,1,1,6,8,12
129,2925,126.52086,43.82289,14,1,9,17,7
53,1177,126.59623,43.78671,14,1,6,8,7
129,2925,126.51142,43.83302,1,1,9,1,7
53,4474,126.55336,43.81984,7,1,7,10,8
53,487,126.52107,43.79812,14,1,6,11,12
129,2688,126.51129,43.80843,1,1,8,9,9
129,2665,126.55271,43.84632,1,1,8,17,8
31,4849,126.57886,43.84201,1,1,7,27,8
129,2688,126.52016,43.8158,1,1,10,1,7
165,1656,126.55692,43.90918,1,1,8,14,9
31,949,126.59238,43.86252,1,1,6,17,7
53,75,126.5639,43.81429,1,1,6,30,14
53,1103,126.56707,43.80176,4,1,9,10,14
53,1103,126.56685,43.83267,14,1,8,19,10
31,949,126.58886,43.84428,1,1,9,6,15
53,75,126.5638,43.82457,12,1,6,28,9
53,4474,126.54638,43.81374,1,1,9,27,8
129,2688,126.53022,43.82624,1,1,6,8,14
53,75,126.54561,43.82267,14,1,6,28,9
53,2615,126.55941,43.81866,14,1,6,14,9
165,1656,126.57199,43.92307,1,0,6,8,8
31,4849,126.56704,43.85193,12,1,7,1,7
165,1656,126.55743,43.90915,1,1,8,11,8
31,949,126.58822,43.85047,7,1,8,31,9
129,2665,126.55932,43.85295,1,1,8,9,9
31,4849,126.57459,43.83899,1,1,6,15,8
31,949,126.59164,43.84064,1,1,9,29,8
31,949,126.59159,43.84193,1,1,8,6,7
31,949,126.5962,43.84641,1,1,7,30,13
129,2688,126.53282,43.82535,1,1,8,25,7
129,1520,126.54165,43.84939,1,1,9,29,8
53,75,126.57181,43.82031,1,1,7,16,8
53,487,126.58414,43.7813,1,1,7,17,8
53,1103,126.60176,43.83555,4,1,6,15,10
129,161,126.53746,43.84754,1,1,6,14,10
129,2925,126.51298,43.81282,1,1,7,26,9
129,2688,126.51817,43.81624,1,1,7,21,8
165,1656,126.55664,43.90914,1,0,6,1,10
31,1558,126.59488,43.88171,0,1,10,21,8
31,949,126.58696,43.84856,1,1,8,17,7
129,2688,126.52496,43.82308,1,1,8,6,8
129,2688,126.53092,43.82205,1,1,8,24,8
53,487,126.59334,43.77804,14,1,8,25,8
31,949,126.58621,43.84595,14,1,9,24,8
53,1103,126.57842,43.82959,1,1,8,16,10
129,2688,126.53043,43.81981,1,1,9,20,9
53,4474,126.55296,43.82023,7,1,7,10,8
129,2688,126.52475,43.82221,14,1,6,29,8
53,1103,126.56527,43.83199,0,1,6,14,10
129,638,126.55606,43.8418,1,1,6,9,9
31,4849,126.57678,43.84974,1,1,5,24,16
31,4849,126.57283,43.83923,1,1,8,29,9
53,1103,126.56537,43.83193,0,1,7,21,8
31,949,126.58856,43.84795,1,1,7,23,9
53,4474,126.55669,43.81694,1,1,8,16,8
53,75,126.54473,43.82436,1,1,6,30,8
53,75,126.55746,43.83298,1,1,9,20,8
31,4849,126.57361,43.85131,14,1,8,28,8
53,1103,126.56104,43.80755,14,1,9,29,14
31,4849,126.57138,43.85267,14,1,7,20,7
53,1756,126.58847,43.82332,14,1,6,8,16
31,4849,126.58036,43.83828,14,1,7,30,8
31,435,126.5528,43.87229,1,1,9,8,9
165,3156,126.55123,43.9108,14,1,5,17,10
129,2925,126.52287,43.82319,14,1,7,9,8
31,2208,126.54131,43.8687,1,1,6,7,9
129,638,126.54127,43.84649,1,1,7,24,8
53,75,126.56845,43.81624,1,1,9,8,9
31,949,126.58699,43.841,14,1,8,9,7
129,2925,126.51386,43.83222,1,1,8,1,9
129,1520,126.55158,43.84955,3,1,9,26,8
165,1656,126.55398,43.90001,14,1,6,18,14
129,2925,126.5247,43.83736,1,1,8,14,9
129,638,126.54172,43.84601,1,1,7,25,9
31,949,126.5869,43.84317,1,1,8,31,9
31,435,126.5559,43.86017,1,1,9,3,7
31,949,126.59516,43.84289,14,1,8,24,8
53,75,126.55815,43.83329,1,1,8,26,8
129,2925,126.51356,43.81141,1,1,7,29,9
129,2925,126.51785,43.82718,1,1,8,15,8
53,1103,126.57942,43.8282,1,1,7,15,10
53,4474,126.54795,43.81413,14,1,8,1,8
31,435,126.55701,43.85877,1,1,6,7,7
165,1656,126.5595,43.90574,14,1,8,8,9
31,4849,126.57972,43.84469,1,1,7,4,10
31,949,126.5902,43.85049,1,1,7,14,8
31,949,126.58777,43.84895,1,1,9,11,14
165,1656,126.54869,43.91244,1,1,9,5,9
165,1656,126.58502,43.89478,14,1,7,11,9
129,2925,126.51738,43.83073,1,1,7,30,9
129,2665,126.55009,43.84739,1,1,8,11,11
53,1103,126.57103,43.81139,1,1,8,19,14
31,4849,126.56718,43.84916,7,1,6,14,8
31,949,126.5925,43.83947,1,1,5,30,14
129,2688,126.53021,43.82487,1,1,9,28,9
53,75,126.55084,43.83032,1,1,7,16,8
129,2688,126.51717,43.81112,1,1,7,23,8
165,1656,126.60383,43.87223,1,1,10,11,9
31,949,126.58945,43.86207,1,1,9,29,8
31,949,126.5892,43.85176,1,1,7,20,7
129,2688,126.5037,43.7975,14,1,8,11,8
53,4474,126.55615,43.82028,14,1,7,20,8
31,435,126.55272,43.87219,1,1,9,18,8
31,435,126.55531,43.87143,1,0,8,21,9
31,4849,126.57874,43.84123,1,1,5,27,8
129,2688,126.51646,43.80908,1,1,7,8,8
129,2688,126.51924,43.81026,1,1,7,3,8
31,949,126.59233,43.84145,1,1,9,9,8
31,435,126.56211,43.87099,1,1,9,11,8
53,4474,126.55464,43.82019,1,1,10,2,8
129,2925,126.51006,43.82307,1,1,8,8,8
53,1103,126.60035,43.83044,1,1,5,17,8
129,2688,126.51444,43.80859,1,1,6,30,9
53,75,126.56377,43.82542,14,1,8,27,8
165,1656,126.5555,43.91201,14,1,5,18,11
31,949,126.59074,43.85148,1,1,6,29,14
165,1656,126.55077,43.91041,14,1,9,16,9
53,75,126.57193,43.8205,1,1,10,1,8
165,1656,126.54762,43.91497,1,1,10,11,9
31,2208,126.54174,43.86839,1,1,6,13,9
53,1103,126.56592,43.83204,14,1,9,27,9
129,3458,126.50387,43.80279,1,1,6,4,12
31,949,126.59022,43.85037,1,1,8,19,8
53,3939,126.56019,43.82523,1,1,5,29,8
129,161,126.5656,43.848,7,1,6,18,15
129,2688,126.53228,43.82269,1,1,9,7,7
165,1656,126.51897,43.94316,14,1,9,13,9
129,2925,126.51085,43.82629,4,1,8,9,9
53,487,126.52256,43.8015,1,1,9,27,8
129,2665,126.55855,43.85376,14,1,8,14,9
31,435,126.56011,43.86603,7,1,9,20,8
31,949,126.59347,43.8466,4,1,8,4,8
129,2925,126.51615,43.81958,14,1,6,19,10
165,1656,126.5685,43.92065,1,1,7,29,8
53,3939,126.56123,43.82518,10,1,5,29,8
53,487,126.53555,43.8083,1,1,8,30,8
165,3156,126.55223,43.90893,1,0,6,3,9
165,2709,126.55832,43.90468,12,1,8,8,9
53,1103,126.57957,43.82941,1,1,7,22,8
53,4474,126.55579,43.80697,1,1,7,15,9
31,4849,126.579,43.84531,14,1,8,17,7
129,2925,126.51678,43.82581,1,1,6,17,11
129,2688,126.52044,43.81611,1,1,9,23,8
53,4474,126.54408,43.81823,1,1,9,29,8
31,435,126.55524,43.85979,1,1,5,20,7
129,2688,126.53309,43.82744,1,1,6,12,9
129,2688,126.52635,43.81686,1,1,7,3,8
129,2688,126.51784,43.80663,1,1,8,13,8
31,4849,126.57397,43.83921,1,1,8,20,8
53,75,126.57165,43.82127,1,1,7,24,8
165,3156,126.54865,43.90763,1,1,8,16,10
129,323,126.51723,43.81911,14,1,9,28,10
31,4849,126.57903,43.84237,1,1,6,3,16
53,1103,126.57124,43.8133,1,1,7,9,12
53,4474,126.54502,43.8194,14,1,9,26,8
53,1103,126.57006,43.80999,1,1,7,26,14
31,4849,126.5679,43.84117,14,1,7,11,7
53,4474,126.54821,43.8138,14,1,9,15,14
31,949,126.58807,43.84747,1,1,7,4,7
129,638,126.56193,43.83966,14,1,6,3,14
129,2925,126.49823,43.81468,1,1,8,11,12
31,435,126.55658,43.86034,1,1,7,17,8
31,4849,126.56684,43.84766,7,1,7,25,7
129,2688,126.51822,43.82273,14,1,6,5,17
129,2665,126.54584,43.85046,14,1,8,28,7
129,2925,126.50202,43.81994,14,1,8,11,10
165,3156,126.55022,43.90458,1,1,6,30,10
53,75,126.57794,43.82181,1,1,8,13,9
129,2665,126.54231,43.8496,1,1,8,3,8
31,949,126.5902,43.84711,1,1,8,13,8
165,3156,126.55513,43.89925,1,0,6,12,8
165,1656,126.55091,43.90233,14,1,6,18,14
165,1656,126.55434,43.91052,14,1,9,22,9
165,3156,126.54847,43.90067,1,1,6,29,9
53,1103,126.5786,43.82653,1,1,6,9,9
31,949,126.58911,43.84322,1,1,7,27,8
53,1103,126.56528,43.83184,0,1,8,8,10
31,435,126.55766,43.87103,1,0,9,13,8
31,4849,126.56841,43.84683,14,1,9,23,7
129,2925,126.51794,43.8331,1,1,8,4,9
31,4849,126.57801,43.83913,14,1,8,2,8
129,2688,126.51274,43.81889,14,1,9,13,9
129,2925,126.52276,43.82321,14,1,8,3,8
129,638,126.55405,43.83917,1,1,7,17,9
129,2688,126.51222,43.80783,1,1,8,4,9
165,1656,126.56568,43.92785,14,1,7,12,8
53,4474,126.55705,43.81607,1,1,7,17,8
31,435,126.56117,43.86134,1,1,6,29,9
31,4849,126.56727,43.83955,12,1,8,28,8
31,4849,126.57281,43.84456,7,1,9,24,9
129,2925,126.51595,43.81392,1,1,8,23,9
53,487,126.52323,43.80138,1,1,8,27,8
31,949,126.5924,43.85613,14,1,6,7,8
31,435,126.56443,43.87206,1,1,5,30,20
129,161,126.55916,43.84906,14,1,6,18,15
53,3030,126.51564,43.80699,1,1,10,14,9
129,2688,126.51513,43.80715,1,1,6,29,8
165,3156,126.55448,43.91479,14,1,5,19,10
31,3073,126.55165,43.86852,1,1,6,17,11
53,1103,126.57947,43.82931,1,1,7,14,9
53,1103,126.57259,43.82986,3,1,8,16,10
31,949,126.58985,43.86329,1,1,7,2,8
53,487,126.52961,43.8048,14,1,7,15,9
53,1103,126.5707,43.80605,1,1,6,14,15
31,4849,126.57173,43.84757,1,1,9,29,8
53,4474,126.5587,43.80811,1,1,7,19,8
53,75,126.55328,43.8305,1,1,8,4,8
31,949,126.59078,43.86288,1,1,7,24,7
53,4474,126.55106,43.80444,1,1,8,11,9
31,4849,126.56709,43.84747,7,1,7,8,8
53,1103,126.60138,43.82995,1,1,7,16,9
165,290,126.54857,43.9007,1,1,9,9,9
53,75,126.56793,43.8291,1,1,8,22,8
165,290,126.55007,43.90453,1,1,9,24,8
31,4849,126.576,43.83927,1,1,9,2,8
129,2665,126.56031,43.84734,14,1,8,29,9
53,75,126.57159,43.82858,1,1,6,17,14
165,1656,126.54812,43.91282,1,1,8,27,8
165,1656,126.56418,43.92792,14,1,7,26,8
129,2688,126.5278,43.82728,1,1,7,7,14
129,1520,126.5551,43.85035,1,1,9,14,8
31,435,126.56104,43.85845,14,1,10,1,7
53,75,126.56604,43.81287,14,1,5,30,14
53,4474,126.5433,43.8157,1,1,9,7,8
31,949,126.59096,43.84124,1,1,6,6,13
129,2688,126.53298,43.82527,1,1,9,2,7
165,1656,126.51908,43.94328,14,1,7,11,8
129,2925,126.52026,43.82278,14,1,5,29,9
31,435,126.5593,43.86133,1,1,7,25,7
53,75,126.57489,43.82184,1,1,9,22,9
53,75,126.57302,43.82728,1,1,5,29,8
129,2688,126.5281,43.82471,1,1,6,11,9
129,2925,126.51934,43.82851,1,1,7,10,8
53,1103,126.57708,43.82985,1,1,8,3,9
129,2925,126.5155,43.81806,1,1,6,30,10
129,2688,126.52508,43.82315,1,1,7,16,8
129,2925,126.51562,43.81486,1,1,8,30,7
165,1656,126.54937,43.90432,1,1,9,19,8
53,75,126.56687,43.82559,14,1,8,27,8
129,1520,126.55949,43.84631,7,1,9,18,9
129,1520,126.54383,43.84527,14,1,9,21,7
53,1103,126.57201,43.83103,14,1,9,11,9
53,75,126.56789,43.8298,1,1,7,1,8
53,487,126.52146,43.79869,1,1,7,9,7
53,4474,126.54661,43.81934,14,1,7,26,9
53,1103,126.57221,43.83092,14,1,8,9,9
129,638,126.54484,43.8374,1,1,7,30,10
31,435,126.5505,43.86119,1,1,10,1,7
165,1656,126.55609,43.91427,1,1,8,8,9
53,75,126.57173,43.82125,1,1,6,4,14
129,2688,126.53012,43.82711,1,1,6,12,10
129,2925,126.51373,43.81432,1,1,9,3,7
53,75,126.56537,43.82183,14,1,6,3,13
31,4849,126.57018,43.85288,14,1,7,22,7
129,2688,126.53332,43.82996,7,1,7,12,8
129,2688,126.5147,43.8066,1,1,7,27,19
31,4849,126.58029,43.83871,14,1,6,14,8
129,2688,126.51718,43.81591,1,1,6,28,16
129,638,126.55458,43.84372,14,1,6,27,10
53,1103,126.56525,43.83199,0,1,9,13,10
31,949,126.59441,43.85018,1,1,8,17,7
53,4474,126.54698,43.81064,1,1,9,8,9
31,4849,126.57874,43.83806,1,1,5,29,14
31,949,126.58874,43.8617,1,1,6,11,8
31,4849,126.57316,43.85455,1,1,8,17,7
31,4849,126.56872,43.8441,14,1,9,13,7
129,638,126.56068,43.84435,3,1,8,1,9
165,1656,126.56399,43.92051,14,1,8,4,8
31,4849,126.58372,43.84652,0,1,9,20,8
31,949,126.59226,43.85277,14,1,7,27,8
129,2665,126.54381,43.84235,1,1,8,13,9
53,75,126.55337,43.8261,1,1,8,6,8
31,435,126.56937,43.87073,1,1,6,6,19
53,4474,126.55106,43.80455,1,1,8,18,8
31,949,126.59122,43.8621,1,1,8,28,8
31,949,126.59318,43.86176,1,1,8,2,8
129,588,126.51519,43.81767,1,1,7,6,8
129,2688,126.51579,43.80826,1,1,8,22,9
31,949,126.59543,43.85396,1,1,9,7,8
31,435,126.55414,43.87165,1,1,7,25,7
129,2688,126.52003,43.8158,1,1,7,2,9
129,2688,126.53305,43.82556,1,1,9,17,7
129,2688,126.53056,43.82354,1,1,8,11,11
53,1103,126.57434,43.83102,1,1,9,28,9
31,2208,126.53991,43.86843,1,1,5,28,13
165,1656,126.54787,43.90911,1,0,6,17,9
31,949,126.59262,43.85583,14,1,5,16,8
53,75,126.5508,43.8271,1,1,8,20,8
53,1103,126.57776,43.82857,1,1,7,7,9
53,487,126.5424,43.79137,14,1,8,10,14
53,75,126.55324,43.83059,1,1,8,9,8
53,4474,126.55835,43.81435,0,1,7,17,8
129,1520,126.56607,43.85703,1,1,9,27,9
31,4849,126.56713,43.84693,7,1,6,28,14
129,2688,126.51468,43.82116,1,1,8,11,8
129,2688,126.5264,43.82587,1,1,7,27,9
53,1177,126.56653,43.79832,1,1,6,18,13
129,2665,126.55358,43.8508,14,1,8,14,9
31,949,126.59249,43.86256,1,1,9,2,7
31,949,126.59396,43.84313,14,1,6,10,8
53,1103,126.57301,43.8113,1,1,8,12,15
53,75,126.56768,43.81607,1,1,8,27,16
129,638,126.56012,43.84765,14,1,8,3,9
31,949,126.58439,43.85364,1,1,7,16,7
31,4849,126.57586,43.84485,1,1,8,16,7
53,4474,126.54837,43.82039,1,1,7,19,8
165,1656,126.55019,43.9089,14,0,6,2,9
53,2289,126.57179,43.81096,1,1,5,29,13
129,638,126.54904,43.84302,1,1,6,5,16
165,1656,126.55753,43.9093,1,0,6,8,8
31,949,126.58767,43.83957,14,1,8,24,8
129,2688,126.52187,43.81676,1,1,7,25,8
31,949,126.58808,43.848,1,1,8,3,7
53,1103,126.57631,43.82848,1,1,8,9,9
53,487,126.52982,43.80531,14,1,7,19,8
129,638,126.54629,43.83741,1,1,6,11,10
129,2925,126.51624,43.81995,14,1,9,16,9
53,75,126.57224,43.82223,1,1,9,29,8
53,4474,126.54767,43.81541,1,1,6,28,11
31,435,126.55015,43.87166,1,0,5,20,14
165,1656,126.54779,43.9118,1,1,8,22,12
31,949,126.58846,43.83861,14,1,7,28,7
53,487,126.55011,43.79061,1,1,7,30,8
165,1656,126.56014,43.92007,4,1,8,10,11
53,4474,126.56102,43.81653,12,1,8,27,8
165,290,126.54744,43.91087,1,1,9,24,8
129,2302,126.54981,43.84726,1,1,7,12,8
129,2688,126.51834,43.81314,1,1,8,8,8
53,2452,126.58506,43.78225,1,1,5,31,10
53,4474,126.54641,43.81374,1,1,8,25,8
129,2688,126.52312,43.81974,14,1,9,11,16
31,435,126.55478,43.87342,1,1,9,8,9
53,75,126.54822,43.82783,1,1,8,4,8
31,949,126.59546,43.84551,14,1,5,30,8
53,1103,126.58732,43.82907,1,1,8,22,10
129,2688,126.51742,43.80853,1,1,8,7,9
129,2688,126.52634,43.81835,14,1,8,28,8
129,87,126.54625,43.83747,1,1,10,14,8
53,75,126.5648,43.81505,1,1,6,24,14
165,1656,126.56245,43.92893,14,1,10,4,9
129,2688,126.52843,43.82463,1,1,9,21,7
129,2688,126.51467,43.8212,1,1,8,30,13
31,949,126.58861,43.85486,14,1,8,24,8
53,487,126.5424,43.79148,14,1,7,8,8
31,4849,126.57338,43.84033,1,1,9,8,9
129,87,126.56349,43.84412,14,1,10,2,9
31,4849,126.56692,43.84741,7,1,7,21,7
129,2688,126.51684,43.81067,1,1,6,27,15
129,2688,126.5331,43.82549,1,1,8,5,8
129,2925,126.51355,43.83413,14,1,6,3,9
53,75,126.5612,43.82725,14,1,7,26,8
31,949,126.58934,43.85682,1,1,6,12,9
31,435,126.55835,43.85999,14,1,6,9,8
53,487,126.56384,43.7857,14,1,9,27,8
53,1103,126.57954,43.8294,1,1,8,20,9
129,2665,126.55475,43.85176,1,1,8,11,8
53,487,126.59527,43.77911,14,1,6,29,9
129,2925,126.51302,43.81432,1,1,6,9,9
53,75,126.57034,43.82383,1,1,9,29,8
129,2925,126.52465,43.8373,1,1,9,16,9
129,2688,126.52826,43.81829,14,1,6,10,9
31,435,126.55831,43.86882,1,1,7,27,8
53,4474,126.54353,43.81758,1,1,7,28,8
53,75,126.56689,43.81608,1,1,6,27,14
31,4849,126.57143,43.84057,1,1,6,28,16
129,2688,126.52413,43.81419,1,1,9,21,7
129,638,126.54802,43.84064,14,1,7,21,8
53,4474,126.55193,43.80413,1,1,8,5,12
53,854,126.56722,43.79614,1,1,6,19,15
31,4849,126.56974,43.83934,1,1,8,1,7
129,2688,126.52799,43.82067,1,1,8,9,9
53,1103,126.56712,43.80752,1,1,8,16,15
129,2925,126.52183,43.8229,14,1,7,28,8
31,435,126.5522,43.87472,1,1,5,29,17
53,75,126.57283,43.82404,1,1,7,21,8
53,75,126.56129,43.82422,1,1,6,9,7
53,4474,126.55858,43.81252,14,1,7,13,8
53,1103,126.56752,43.83154,14,1,8,14,9
31,4322,126.56375,43.8836,14,1,5,29,15
53,75,126.56815,43.82854,1,1,6,18,12
129,2688,126.52005,43.81974,1,1,6,10,15
129,1520,126.56518,43.85347,14,1,9,1,7
129,2925,126.51657,43.81828,1,1,8,18,8
31,949,126.59089,43.85112,1,1,7,26,7
129,2688,126.53276,43.82241,1,1,7,22,8
31,4609,126.57771,43.8486,1,1,6,19,9
31,1558,126.54243,43.86631,1,1,9,12,10
31,4849,126.5672,43.84695,7,1,8,22,8
53,1103,126.58757,43.82868,1,1,5,31,11
31,2208,126.54744,43.87326,1,1,5,30,13
31,435,126.57217,43.87031,1,1,9,5,16
129,2925,126.52339,43.83674,1,1,6,17,11
129,638,126.55769,43.84217,1,1,7,25,9
31,1558,126.5737,43.85017,14,1,10,13,8
53,1103,126.56723,43.83136,14,1,7,18,9
129,2688,126.51987,43.82386,1,1,8,17,8
129,3442,126.55355,43.85337,1,1,7,3,9
53,487,126.52255,43.80148,1,1,8,22,8
53,75,126.55553,43.83316,1,1,9,29,8
165,1656,126.55187,43.90156,14,0,5,12,10
165,1656,126.57331,43.91795,1,1,8,14,9
129,2665,126.54571,43.84475,4,1,8,28,7
165,1656,126.55559,43.89915,1,1,9,17,8
165,1656,126.55133,43.90183,14,1,9,11,9
31,949,126.58746,43.84751,1,1,6,11,15
165,1656,126.55901,44.00299,14,1,7,25,9
53,4474,126.55038,43.82068,14,1,8,28,8
31,949,126.59236,43.86056,1,1,7,15,8
31,2208,126.54073,43.87511,14,1,5,30,13
53,75,126.57851,43.82226,1,1,7,3,8
129,2688,126.51696,43.81249,1,1,8,14,9
53,1103,126.5983,43.8342,1,1,9,13,10
165,1656,126.56551,43.9193,14,1,7,21,8
53,487,126.54539,43.79254,14,1,7,26,8
53,1103,126.5729,43.8092,1,1,7,8,12
165,3156,126.54751,43.91109,1,0,7,4,9
53,1103,126.57286,43.80971,1,1,8,12,15
129,2925,126.51297,43.81397,1,1,6,8,10
31,435,126.56254,43.86133,1,1,6,9,8
165,3156,126.54772,43.91388,1,0,6,27,9
53,979,126.5458,43.81617,1,1,6,3,8
53,1103,126.56681,43.83257,14,1,7,5,9
165,290,126.55081,43.91189,1,1,9,9,9
53,75,126.56634,43.8214,14,1,8,20,9
31,4322,126.54198,43.87829,14,1,6,7,16
31,949,126.5944,43.85179,1,1,9,29,8
53,1103,126.57231,43.8113,1,1,8,29,13
129,2688,126.5199,43.82393,1,1,9,11,16
129,2688,126.51999,43.81981,1,1,7,14,17
53,75,126.56306,43.82598,14,1,6,30,8
129,638,126.56317,43.8413,3,1,7,14,9
53,75,126.56052,43.82037,10,1,7,19,8
31,4849,126.57354,43.85398,14,1,9,27,8
129,2925,126.5055,43.81698,1,1,8,1,9
129,2688,126.52707,43.82193,1,1,9,8,7
31,4849,126.56812,43.84701,14,1,6,11,9
53,4474,126.54949,43.81877,1,1,7,22,8
165,1656,126.56489,43.92746,14,1,7,28,8
53,1103,126.57043,43.8309,14,1,8,19,10
129,2925,126.5164,43.81369,1,1,6,1,8
31,4849,126.57321,43.84463,7,1,6,30,9
53,487,126.55397,43.78765,14,1,5,29,9
129,2925,126.52333,43.83742,1,1,6,8,10
53,4474,126.54531,43.82116,14,1,8,12,9
165,1656,126.57173,43.91922,14,1,7,17,8
53,1103,126.57711,43.82932,1,1,8,18,10
165,1656,126.62072,43.88939,14,0,6,6,13
53,4474,126.55581,43.8084,1,1,7,23,7
129,2688,126.52092,43.82087,1,1,7,28,8
31,435,126.54905,43.87233,1,1,9,18,8
31,435,126.55503,43.87183,1,1,8,20,7
31,4849,126.57376,43.85499,1,1,8,1,7
53,1103,126.57086,43.80649,1,1,8,26,15
129,2688,126.53279,43.82663,1,1,7,31,13
129,2688,126.51782,43.81303,1,1,7,25,8
129,2688,126.51365,43.81759,1,1,6,13,9
165,1656,126.5543,43.91506,14,1,6,14,9
129,2688,126.52149,43.81302,1,1,6,28,16
53,487,126.53463,43.80513,1,1,7,29,8
53,1103,126.57082,43.80645,1,1,7,26,14
31,949,126.58788,43.86167,1,1,9,14,7
53,75,126.56082,43.81414,12,1,10,2,8
129,1520,126.56297,43.85569,1,1,9,14,8
53,75,126.56842,43.82756,1,1,6,11,8
31,4849,126.57228,43.8397,1,1,7,14,8
31,949,126.59231,43.86251,1,1,6,8,8
31,435,126.56259,43.8613,1,1,5,20,7
31,435,126.54886,43.86874,1,0,9,5,12
53,1103,126.57085,43.83096,14,1,8,22,10
31,4849,126.57434,43.84416,7,1,7,19,7
53,1103,126.57774,43.82626,1,1,7,12,9
31,949,126.58776,43.84884,1,1,5,30,8
129,161,126.54892,43.84884,14,1,6,17,18
129,1520,126.54713,43.84804,14,1,9,9,9
31,4849,126.58329,43.84105,1,1,8,10,13
129,638,126.54487,43.83749,1,1,6,30,10
165,3156,126.54971,43.90693,1,1,8,5,9
53,75,126.56881,43.81897,1,1,8,26,9
53,1103,126.57246,43.82989,3,1,9,8,10
53,1103,126.57686,43.82713,1,1,9,28,9
53,75,126.54973,43.82765,1,1,7,25,8
31,435,126.55619,43.8605,1,1,6,27,9
53,4474,126.54266,43.81853,1,1,6,30,11
129,1520,126.54668,43.8415,14,1,9,13,8
53,75,126.5687,43.81577,1,1,7,4,9
129,1520,126.55388,43.84625,14,1,9,28,9
31,949,126.58698,43.8617,1,1,8,13,7
129,2688,126.51663,43.82203,14,1,6,29,9
31,4849,126.58047,43.83809,14,1,8,8,8
165,1656,126.54832,43.90856,1,0,5,23,9
53,1103,126.57103,43.80522,1,1,6,29,14
31,949,126.59299,43.86192,1,1,8,9,7
129,2665,126.55983,43.85581,14,1,8,30,7
53,487,126.52483,43.80466,1,1,8,1,8
31,435,126.56054,43.87164,1,1,7,22,7
53,75,126.55615,43.83307,1,1,6,10,8
31,4849,126.57217,43.84477,1,1,5,18,9
53,4474,126.55599,43.81361,1,1,8,9,15
129,2925,126.52113,43.8235,14,1,8,27,7
129,2688,126.52393,43.82487,1,1,7,27,10
129,2688,126.5214,43.8103,1,1,8,12,10
129,638,126.55937,43.84056,1,1,7,23,8
129,1520,126.55996,43.85312,1,1,9,17,7
31,949,126.59118,43.85527,14,1,9,30,8
53,75,126.55962,43.83258,1,1,9,18,8
31,4849,126.58457,43.84366,14,1,6,14,8
53,487,126.57762,43.78272,14,1,9,17,7
53,1103,126.57299,43.80916,1,1,8,15,13
53,1103,126.59486,43.83221,1,1,8,28,9
53,487,126.53085,43.80478,14,1,8,12,9
53,75,126.55469,43.824,1,1,8,14,8
129,87,126.56224,43.84234,3,1,10,13,8
53,1103,126.57853,43.82774,1,1,9,4,9
53,4474,126.55598,43.81996,14,1,7,27,8
31,949,126.59473,43.8586,14,1,8,30,8
53,75,126.5618,43.82331,1,1,8,16,8
165,1656,126.5651,43.90647,14,1,7,21,8
53,1103,126.60481,43.82795,1,1,9,6,10
129,638,126.55359,43.84365,14,1,6,19,15
53,75,126.57033,43.82197,14,1,8,29,9
129,2925,126.51869,43.83263,1,1,6,17,11
53,75,126.56874,43.82504,14,1,7,17,8
53,1103,126.56792,43.83132,14,1,8,22,10
31,152,126.55716,43.88711,14,1,6,5,13
129,2688,126.52799,43.8275,1,1,8,31,7
53,4474,126.54962,43.81535,1,1,7,2,8
53,75,126.56843,43.8243,1,1,9,29,8
53,487,126.57948,43.78379,14,1,9,8,9
31,949,126.58978,43.85796,1,1,7,16,7
31,4849,126.58347,43.83999,1,1,9,11,9
53,4474,126.54257,43.81409,10,1,8,22,8
31,949,126.59124,43.84926,1,1,6,17,7
129,638,126.5586,43.84225,1,1,6,7,10
129,2925,126.51639,43.81366,1,1,8,17,8
129,2688,126.51583,43.80829,1,1,9,20,9
129,2945,126.51927,43.82658,1,1,10,1,8
31,4849,126.58223,43.84595,14,1,7,25,7
31,949,126.58822,43.84158,14,1,7,25,7
31,435,126.55186,43.8579,14,1,9,17,8
129,1520,126.55563,43.85264,1,1,9,9,9
53,1103,126.57122,43.81322,1,1,8,26,15
53,487,126.52599,43.80024,14,1,7,28,8
129,161,126.56548,43.85241,4,1,6,13,10
165,1656,126.55413,43.91195,1,1,8,22,8
129,1520,126.56453,43.85396,14,1,9,15,8
129,2665,126.5427,43.84989,1,1,8,20,8
53,1103,126.57082,43.80641,1,1,8,15,13
129,2688,126.51779,43.81243,1,1,6,6,17
31,949,126.59104,43.84143,1,1,9,21,9
53,75,126.57065,43.82983,1,1,8,24,8
31,949,126.58959,43.8616,1,1,8,25,9
53,1103,126.57046,43.83206,1,1,7,26,9
129,638,126.56338,43.84366,14,1,6,19,15
129,2688,126.53015,43.81935,1,1,8,2,9
53,75,126.57435,43.82263,1,1,8,10,8
53,4474,126.56063,43.81191,14,1,8,11,10
53,1103,126.57213,43.81186,1,1,8,9,12
53,4474,126.55961,43.8197,1,1,8,27,8
53,1103,126.57249,43.83166,1,1,5,30,13
129,2688,126.5205,43.81621,1,1,7,30,10
129,2688,126.50226,43.8022,1,1,8,19,9
31,435,126.55293,43.87427,1,1,7,13,7
129,1520,126.5585,43.84877,14,1,9,22,8
53,1103,126.56476,43.80866,1,1,8,18,13
31,949,126.5929,43.83944,1,1,5,18,15
53,1103,126.5978,43.82785,14,1,9,6,10
53,1103,126.56684,43.83246,14,1,7,24,8
31,4849,126.5677,43.84184,14,1,9,8,9
129,2665,126.53678,43.84828,1,1,8,4,9
129,638,126.55632,43.84175,1,1,7,3,9
165,1656,126.5541,43.90058,14,0,6,17,9
31,949,126.59226,43.84141,1,1,8,14,8
129,2688,126.52425,43.82235,14,1,9,15,8
129,161,126.5491,43.84888,14,1,6,15,10
129,2925,126.53903,43.84447,1,1,7,1,8
129,2688,126.51473,43.82116,1,1,6,11,17
129,2688,126.51361,43.81812,1,1,8,23,9
165,3156,126.54993,43.91167,14,1,7,26,9
129,638,126.54515,43.84067,14,1,7,25,9
53,75,126.57185,43.82026,1,1,9,26,8
31,949,126.58682,43.84094,14,1,7,3,7
165,1656,126.53853,43.9228,14,1,5,17,10
31,1558,126.58227,43.86244,1,1,10,7,9
53,1103,126.57025,43.8123,1,1,8,10,15
53,75,126.55793,43.8249,10,1,8,23,8
129,2925,126.51551,43.81791,1,1,6,7,10
31,435,126.55219,43.87231,1,1,8,29,8
129,1520,126.54903,43.84888,14,1,9,13,9
165,3156,126.55365,43.90028,14,1,8,14,9
129,2688,126.53231,43.82381,1,1,9,18,9
31,435,126.56212,43.8662,1,1,9,2,7
129,2688,126.517,43.81233,1,1,8,27,7
53,4474,126.54577,43.81611,1,1,7,13,8
165,1656,126.549,43.90092,1,1,9,19,8
31,435,126.56264,43.87211,1,1,6,11,9
31,4849,126.56809,43.84128,14,1,7,22,7
129,3458,126.53281,43.83097,1,1,5,31,11
31,435,126.55306,43.87203,1,1,5,29,17
31,4849,126.5756,43.84775,1,1,8,4,14
129,2665,126.5364,43.84851,1,1,8,8,8
165,2709,126.57102,43.89907,14,1,7,6,8
31,949,126.59168,43.84061,1,1,7,30,13
53,75,126.57882,43.82219,14,1,8,15,9
53,4474,126.54772,43.81471,14,1,8,19,9
129,2925,126.51562,43.8131,1,1,9,2,7
53,487,126.58414,43.78213,1,1,8,16,9
129,2665,126.55992,43.85349,1,1,8,12,9
165,3156,126.5465,43.9077,1,0,6,19,10
129,2925,126.52073,43.8228,14,1,7,8,8
31,949,126.58783,43.83898,14,1,7,22,7
165,3156,126.55356,43.91056,1,1,5,14,10
129,1520,126.55509,43.85426,1,1,10,6,8
53,1103,126.57943,43.82894,1,1,7,16,9
53,4474,126.55712,43.81748,1,1,7,11,7
53,1103,126.56542,43.83149,14,1,9,26,9
31,949,126.59372,43.84849,1,1,5,18,15
31,4849,126.57274,43.84345,1,1,9,2,8
31,435,126.55286,43.87218,1,1,5,31,18
165,290,126.54341,43.91726,14,1,9,15,9
31,4849,126.58054,43.84058,1,1,9,23,7
129,2688,126.53126,43.82806,14,1,9,14,8
129,1520,126.55751,43.84727,14,1,10,10,9
165,2709,126.5587,43.90368,14,1,7,15,8
53,487,126.56918,43.77009,14,1,9,12,9
165,1656,126.56048,44.00286,14,1,8,27,9
31,435,126.55601,43.8722,1,1,8,15,7
31,435,126.55175,43.87336,1,1,8,20,7
31,435,126.55143,43.86997,1,1,9,22,7
129,638,126.55321,43.84141,1,1,7,30,10
53,4474,126.54269,43.81825,1,1,7,3,8
129,2925,126.51121,43.82185,1,1,8,9,9
31,4849,126.57856,43.83732,1,1,8,16,7
53,1103,126.5707,43.80429,1,1,7,24,12
53,75,126.57674,43.82584,1,1,9,27,8
129,2925,126.51657,43.81459,1,1,6,10,9
53,75,126.56608,43.81286,14,1,8,13,9
165,1656,126.56299,43.90495,14,1,7,19,8
129,2688,126.52398,43.8147,1,1,9,22,8
129,2688,126.53005,43.82645,1,1,7,14,9
53,487,126.5799,43.78424,14,1,6,18,9
165,1656,126.56387,43.92688,14,0,7,4,9
31,949,126.59572,43.84176,1,1,6,10,8
53,1103,126.57176,43.80779,1,1,9,11,15
165,1656,126.56043,44.00289,14,1,8,22,9
129,2925,126.49333,43.8136,1,1,8,9,16
165,1656,126.54854,43.90062,1,1,8,22,8
31,4849,126.5697,43.8472,14,1,8,12,8
129,2688,126.50401,43.80355,1,1,7,11,8
31,435,126.55589,43.86012,1,1,7,28,7
165,1656,126.57301,43.93044,1,1,8,14,9
31,949,126.59077,43.85259,1,1,8,26,8
53,75,126.56902,43.81413,1,1,6,28,13
129,2925,126.51716,43.83156,1,1,8,26,7
53,3939,126.55246,43.82638,1,1,5,29,8
31,4849,126.56903,43.84743,14,1,7,14,8
53,487,126.54437,43.79466,10,1,8,28,8
53,1103,126.56721,43.83256,14,1,9,29,9
53,1103,126.56094,43.80757,14,1,9,21,14
53,4474,126.54881,43.8175,1,1,8,8,10
129,1520,126.54005,43.84785,1,1,9,1,7
53,1103,126.57184,43.83101,14,1,7,16,9
31,4849,126.57641,43.85108,1,1,8,6,8
165,3156,126.5537,43.89981,14,1,7,18,8
165,3156,126.55129,43.91073,14,1,5,18,10
129,2688,126.52006,43.81573,1,1,9,22,8
53,75,126.56832,43.81664,1,1,8,8,18
31,949,126.59098,43.85606,14,1,7,17,8
129,2688,126.53181,43.82264,1,1,9,10,8
31,435,126.5599,43.86867,1,1,10,1,7
31,435,126.574,43.8703,1,1,9,5,16
31,435,126.5528,43.87226,1,0,9,5,12
53,75,126.56595,43.81802,14,1,7,2,8
31,435,126.59051,43.87063,14,1,7,12,7
53,75,126.5453,43.82445,0,1,7,8,8
165,290,126.55324,43.91141,1,1,9,30,8
129,2925,126.51295,43.81437,1,1,6,19,9
53,1103,126.57417,43.83052,1,1,9,28,9
31,1558,126.5875,43.87772,1,1,10,3,9
129,2688,126.53077,43.82489,1,1,8,12,9
31,435,126.5528,43.87228,1,1,5,18,8
129,638,126.55315,43.84249,14,1,7,29,9
165,3156,126.55148,43.90518,1,1,7,23,8
53,75,126.55636,43.83238,1,1,9,7,8
53,4474,126.56078,43.80971,4,1,8,28,8
53,75,126.55321,43.82326,1,1,7,30,8
129,2925,126.51832,43.82207,14,1,8,22,9
129,3458,126.51263,43.81899,14,1,5,31,10
129,638,126.54658,43.83709,1,1,7,7,9
129,2688,126.5264,43.81434,1,1,8,10,13
31,949,126.59241,43.83958,1,1,8,20,8
165,1656,126.56406,43.92698,14,1,8,12,9
129,2688,126.52838,43.82515,1,1,7,21,8
31,4849,126.57282,43.83919,1,1,6,10,9
129,1520,126.54763,43.8448,14,1,10,1,8
53,1103,126.60408,43.82885,1,1,8,6,9
53,1103,126.59127,43.82978,1,1,8,20,9
31,949,126.54775,43.86719,1,1,5,17,14
165,1656,126.60518,43.8645,1,1,10,21,9
53,1103,126.58021,43.82789,1,1,8,8,10
53,4474,126.55889,43.80222,1,1,8,26,9
53,75,126.56809,43.82386,1,1,7,25,8
53,1103,126.57842,43.82988,1,1,8,26,10
129,2688,126.52324,43.8198,14,1,8,28,8
165,3156,126.54647,43.90776,1,1,6,15,15
31,435,126.55954,43.86528,7,1,8,21,7
31,435,126.55179,43.87345,1,1,6,3,14
53,487,126.52448,43.80375,1,1,10,1,8
53,1103,126.56811,43.83147,14,1,8,3,9
53,4474,126.5431,43.81507,1,1,7,1,8
53,4474,126.5461,43.81553,1,1,7,1,8
165,1656,126.55492,43.90893,1,1,7,15,9
31,435,126.56192,43.86756,1,1,9,19,7
129,3458,126.56137,43.85224,14,1,6,27,9
165,2709,126.57837,43.89332,14,0,6,5,9
129,2688,126.50452,43.80202,1,1,9,5,8
129,2688,126.51712,43.81118,1,1,6,19,15
129,2925,126.51642,43.81456,1,1,8,30,7
53,75,126.57533,43.82218,1,1,7,14,15
53,4474,126.55646,43.81988,14,1,9,6,9
129,2688,126.51661,43.80656,1,1,9,14,8
129,323,126.50554,43.80403,1,1,9,28,10
31,4849,126.58126,43.84392,1,1,7,31,12
53,1103,126.57497,43.83068,1,1,6,17,13
31,4849,126.57273,43.83932,1,1,8,26,9
53,1103,126.58105,43.82877,1,1,8,6,10
165,2709,126.56637,43.89939,1,1,6,13,8
129,638,126.55604,43.84258,1,1,6,4,15
165,3156,126.55067,43.90606,1,0,7,20,8
31,435,126.55289,43.87227,1,1,6,27,15
53,1103,126.56886,43.81177,1,1,8,7,13
53,1103,126.566,43.83201,14,1,9,5,10
165,1656,126.55501,43.90982,1,0,6,13,8
53,75,126.56872,43.81316,1,1,5,29,15
53,3030,126.51554,43.80706,1,0,9,14,8
53,1103,126.57739,43.82967,1,1,6,4,16
53,4474,126.55657,43.80068,1,1,7,15,9
53,487,126.54994,43.79134,1,1,8,9,8
129,588,126.4986,43.81677,1,1,5,17,11
53,4474,126.55535,43.80657,1,1,10,1,8
129,2688,126.50938,43.82339,4,1,8,30,13
129,2688,126.52144,43.82064,1,1,8,2,17
53,75,126.55312,43.82318,1,1,7,19,8
53,1103,126.57035,43.81225,1,1,8,12,15
165,1656,126.54894,43.90096,1,0,6,17,9
31,4849,126.56805,43.84124,14,1,7,25,7
53,75,126.5702,43.81888,1,1,9,6,9
129,2688,126.51825,43.81096,1,1,7,22,8
53,75,126.56389,43.81433,1,1,5,17,8
31,949,126.59745,43.84301,0,1,5,30,8
53,487,126.5517,43.78836,14,1,9,19,8
53,75,126.56822,43.8128,1,1,8,5,8
53,487,126.5459,43.79268,14,1,5,30,9
165,2709,126.56903,43.90836,14,1,8,29,8
31,4849,126.56858,43.84407,14,1,6,16,7
53,75,126.56936,43.83054,14,1,7,18,8
129,1520,126.54669,43.85123,14,1,9,15,8
129,2925,126.52064,43.82257,14,1,7,30,9
165,2709,126.57764,43.89704,14,1,5,31,8
53,75,126.56308,43.82591,14,1,7,27,8
53,75,126.54461,43.82476,1,1,7,29,8
53,75,126.55965,43.83343,1,1,9,2,8
53,75,126.56591,43.83012,7,1,6,4,9
53,75,126.57528,43.82096,14,1,6,30,9
129,2925,126.51624,43.81356,1,1,7,30,9
31,949,126.59408,43.86219,14,1,9,22,7
129,87,126.55401,43.83925,1,1,10,10,10
53,75,126.56269,43.82353,10,1,8,1,8
53,1103,126.57011,43.83119,14,1,8,25,9
31,435,126.55886,43.87147,1,1,9,22,7
31,435,126.55072,43.86004,1,0,9,26,8
31,435,126.54869,43.85919,14,1,8,14,8
129,1520,126.53856,43.845,1,1,10,15,8
31,949,126.59029,43.84123,1,1,7,1,7
129,2925,126.51916,43.82941,1,1,7,16,8
129,2688,126.52498,43.82181,14,1,9,15,8
53,1103,126.56712,43.80128,1,1,8,11,15
31,949,126.59308,43.86043,1,1,5,28,13
129,2688,126.52444,43.81998,1,1,9,19,8
129,2688,126.52933,43.82141,1,1,7,25,8
53,75,126.56744,43.8297,1,1,6,9,9
31,3073,126.54764,43.86909,1,1,5,29,13
129,2688,126.53038,43.8221,14,1,6,3,16
53,1103,126.5912,43.82976,1,1,8,11,9
129,2925,126.52186,43.82194,14,1,8,7,9
31,4849,126.57527,43.84616,14,1,9,26,7
129,2688,126.531,43.82214,1,1,8,17,8
129,2688,126.52719,43.82746,1,1,7,4,9
165,1656,126.54093,43.91396,14,0,6,1,10
129,2688,126.51205,43.81751,1,1,9,18,9
53,75,126.54857,43.8293,1,1,7,31,8
31,4849,126.57272,43.84796,1,1,8,20,8
165,2709,126.5594,43.91048,1,1,7,17,8
31,949,126.58821,43.85962,1,1,6,9,8
31,4849,126.57201,43.85323,14,1,7,21,7
53,75,126.56323,43.82249,1,1,7,29,8
53,75,126.56222,43.82658,1,1,8,31,9
53,1103,126.60166,43.82843,1,1,8,17,9
31,435,126.55951,43.86034,14,1,6,8,8
31,949,126.59122,43.8508,1,1,6,9,9
31,4849,126.57309,43.84462,7,1,8,19,8
31,435,126.55221,43.87468,1,1,7,29,7
53,4474,126.54971,43.81537,1,1,7,17,12
129,2688,126.52641,43.8264,1,1,8,29,9
53,1103,126.56724,43.83246,14,1,8,15,9
31,949,126.58931,43.83974,1,1,6,17,13
53,487,126.52423,43.80444,1,1,8,10,8
31,949,126.5958,43.84172,1,1,8,23,7
53,75,126.5501,43.82927,1,1,7,29,8
53,75,126.55961,43.83341,1,1,6,8,7
129,2925,126.49919,43.81535,1,1,8,4,9
129,2665,126.56035,43.85369,1,1,8,18,8
31,4849,126.57207,43.84101,1,1,5,28,8
31,3073,126.5482,43.86793,1,1,6,1,12
165,1656,126.57017,43.92921,1,1,7,30,9
129,1520,126.54675,43.84778,4,1,9,29,8
53,1103,126.57291,43.80796,1,1,8,31,13
31,2398,126.58079,43.87796,1,1,10,2,8
53,1103,126.57919,43.82585,12,1,7,29,10
129,1520,126.54443,43.84392,1,1,9,14,8
129,2925,126.51861,43.83269,1,1,6,3,9
129,2688,126.5048,43.80311,1,1,8,27,8
53,75,126.57047,43.82173,14,1,9,12,10
53,75,126.55639,43.82464,10,1,8,7,9
165,1656,126.54905,43.90082,1,1,10,10,8
129,2688,126.51263,43.80797,1,1,7,25,8
165,1656,126.55181,43.90722,14,1,8,24,9
31,435,126.55897,43.86269,7,1,6,6,8
53,75,126.57025,43.82397,1,1,9,16,8
165,1656,126.55272,43.90549,1,1,8,21,9
31,949,126.59212,43.84236,1,1,8,27,8
129,2688,126.51729,43.8249,14,1,7,2,14
129,87,126.55636,43.84186,1,1,10,2,9
129,2925,126.51686,43.8254,1,1,8,6,9
31,949,126.5899,43.86338,1,1,9,11,8
53,75,126.55087,43.8304,1,1,7,11,7
53,1103,126.57684,43.82759,1,1,7,22,8
53,4474,126.54239,43.82045,1,1,7,3,8
31,949,126.5863,43.84591,14,1,9,17,8
165,3156,126.55019,43.90755,1,1,8,11,9
31,4849,126.57228,43.83962,1,1,5,17,8
129,2688,126.52387,43.81661,1,1,8,12,14
53,4474,126.55931,43.81727,1,1,8,16,8
31,4849,126.57573,43.84366,1,1,7,20,7
31,435,126.55915,43.86019,14,1,7,4,8
129,2688,126.51653,43.81559,1,1,9,20,9
53,1103,126.57573,43.83058,1,1,9,22,9
53,4474,126.5527,43.81286,14,1,8,14,8
31,4849,126.57595,43.84236,1,1,9,12,8
53,1103,126.56104,43.80821,0,1,9,4,16
53,75,126.56502,43.81908,14,1,8,21,9
53,4474,126.54457,43.81497,1,1,8,8,10
31,435,126.55276,43.87228,1,1,8,20,7
53,75,126.56531,43.82254,1,1,8,9,9
31,1558,126.55881,43.86968,1,1,10,4,8
53,4474,126.54434,43.81572,1,1,8,9,9
53,1103,126.59868,43.83357,1,1,9,17,10
53,487,126.52445,43.80095,1,1,9,24,9
129,2925,126.51797,43.82658,1,1,7,11,9
129,2665,126.5466,43.85117,14,1,8,13,8
31,4849,126.57601,43.8477,1,1,9,8,15
129,2302,126.55651,43.85455,14,1,7,13,8
53,75,126.5727,43.82084,1,1,9,25,8
129,2688,126.53241,43.82381,1,1,9,25,8
31,4849,126.56745,43.84991,7,1,9,1,9
53,979,126.55744,43.80074,1,1,5,29,14
53,487,126.56922,43.77211,14,1,7,27,8
129,2688,126.52272,43.81789,1,1,8,12,14
31,949,126.59321,43.86163,1,1,7,14,8
31,4849,126.58327,43.84174,1,1,6,19,9
53,4474,126.55549,43.80652,1,1,9,25,8
31,949,126.58822,43.85598,14,1,9,22,7
53,1103,126.59293,43.83124,1,1,9,25,8
31,4849,126.57372,43.85085,14,1,7,15,8
31,949,126.58853,43.84087,14,1,5,20,8
129,2688,126.51347,43.81682,1,1,8,13,9
129,638,126.5466,43.83698,1,1,6,27,10
165,1656,126.57042,43.93032,1,1,8,17,8
31,949,126.59258,43.83949,1,1,7,26,7
53,4474,126.55839,43.79967,1,1,8,26,9
129,638,126.56447,43.84311,14,1,7,11,8
129,2665,126.56001,43.85356,1,1,8,13,8
31,435,126.55042,43.86116,1,1,6,25,12
53,4474,126.54262,43.81689,1,1,9,28,9
129,87,126.55199,43.84359,7,1,10,8,8
31,949,126.58679,43.8473,1,1,8,19,8
129,87,126.54524,43.83923,14,1,10,10,10
53,75,126.54821,43.82555,14,1,8,24,8
129,1520,126.56456,43.84939,7,1,9,2,7
31,435,126.54989,43.87111,1,1,9,23,7
31,4849,126.58345,43.84613,14,1,9,14,8
53,1103,126.6049,43.82795,1,1,9,14,14
129,2688,126.53165,43.82151,1,1,7,19,8
53,4474,126.55945,43.81656,1,1,9,29,8
53,487,126.53108,43.80398,14,1,9,13,8
53,1103,126.57056,43.83194,1,1,8,9,9
165,1656,126.55446,43.90818,1,1,9,29,9
31,2398,126.56036,43.8861,14,1,10,2,8
31,4849,126.57061,43.84449,1,1,6,17,13
31,3073,126.55017,43.86737,1,1,5,29,9
31,949,126.58897,43.83913,1,1,8,15,7
53,75,126.57921,43.82498,14,1,8,18,8
165,3156,126.55385,43.9128,1,1,8,18,9
129,1520,126.55408,43.84676,4,1,9,15,8
129,2925,126.51981,43.82823,1,1,9,20,14
53,1103,126.57146,43.81269,1,1,9,16,14
31,435,126.55377,43.87446,1,1,9,6,7
53,487,126.55314,43.78785,14,1,7,19,8
129,638,126.56058,43.84216,4,1,7,30,10
31,949,126.58567,43.84576,14,1,8,23,7
53,4474,126.5567,43.81068,14,1,8,9,15
129,2688,126.52853,43.82278,1,1,6,14,9
129,2925,126.5128,43.8326,1,1,9,1,7
53,1103,126.57211,43.80545,1,1,7,21,13
165,290,126.55062,43.90811,14,1,9,9,9
53,1103,126.57688,43.82718,1,1,7,13,10
129,2688,126.52105,43.81729,1,1,8,1,8
53,4474,126.55176,43.82063,14,1,9,21,9
53,75,126.56342,43.82013,7,1,8,18,8
129,2688,126.52528,43.81582,1,1,7,25,8
53,4474,126.54342,43.8195,1,1,8,13,9
53,75,126.56666,43.81594,1,1,6,10,14
31,435,126.56505,43.86113,1,1,7,5,7
129,2925,126.52251,43.82345,14,1,9,5,8
129,3853,126.46993,43.94749,3,1,6,4,7
31,949,126.59571,43.85353,1,1,8,8,8
129,2925,126.51661,43.83289,1,1,9,22,8
31,435,126.55369,43.87105,1,1,6,17,12
165,3156,126.55294,43.91196,1,0,6,2,9
53,487,126.52767,43.79997,14,1,9,24,9
165,1656,126.55447,43.91467,14,1,9,3,9
31,4849,126.58366,43.84467,1,1,7,3,8
165,3156,126.5488,43.91131,1,0,6,5,10
129,2665,126.54044,43.84423,14,1,8,30,7
129,2925,126.51452,43.81098,1,1,9,21,8
53,218,126.60138,43.83407,1,1,10,3,13
129,2688,126.52848,43.82456,1,1,9,12,8
31,949,126.59175,43.84051,1,1,7,9,8
31,4849,126.57915,43.84735,14,1,7,11,7
129,2925,126.51157,43.83345,1,1,8,31,7
129,1520,126.56065,43.85259,1,1,10,4,8
53,979,126.54485,43.81643,1,1,6,1,8
129,2925,126.51296,43.81394,1,1,7,6,8
53,75,126.55186,43.82454,1,1,8,3,8
129,2688,126.52572,43.81484,1,1,9,19,8
165,1656,126.54415,43.9148,1,1,8,27,8
31,4849,126.56728,43.8469,7,1,6,11,9
53,1103,126.60259,43.83015,1,1,8,13,9
165,1656,126.55346,43.90758,1,1,9,22,9
53,75,126.56228,43.81639,14,1,8,27,9
31,435,126.55294,43.87416,1,1,10,1,7
165,290,126.55213,43.91027,1,1,9,14,10
31,4849,126.56665,43.84074,14,1,8,12,11
53,487,126.55447,43.78737,14,1,7,1,9
31,4849,126.5729,43.84626,1,1,9,4,8
53,75,126.5511,43.82107,1,1,7,30,8
31,435,126.56199,43.87123,1,0,5,30,20
31,949,126.59314,43.86158,1,1,6,3,12
129,2925,126.51937,43.82858,1,1,8,3,8
31,949,126.59109,43.8624,1,1,6,29,9
129,3458,126.5521,43.85387,1,1,6,27,10
129,2688,126.52163,43.82452,1,1,9,10,15
165,2709,126.56099,43.90416,4,0,6,6,8
53,4474,126.55376,43.81865,14,1,9,10,7
165,3156,126.55064,43.90455,1,1,8,10,12
165,1656,126.56613,43.92737,14,1,9,22,9
129,2688,126.51687,43.81176,1,1,9,18,9
31,435,126.5528,43.87222,1,1,7,26,7
31,949,126.59435,43.86116,14,1,9,8,8
129,2688,126.52133,43.81302,1,1,7,16,8
165,1656,126.57502,43.93026,1,1,7,15,9
31,4849,126.56676,43.84669,7,1,7,23,7
31,4849,126.57173,43.85215,14,1,8,28,8
53,75,126.57152,43.82228,1,1,8,14,8
165,3156,126.55489,43.89976,1,0,5,25,10
165,1656,126.55273,43.90541,1,0,6,4,9
31,435,126.55273,43.87225,1,1,8,11,8
53,1103,126.57631,43.82885,1,1,9,9,10
129,2688,126.53312,43.82556,1,1,8,31,7
165,1656,126.54219,43.91815,14,1,8,21,14
129,1520,126.56314,43.84867,7,1,9,26,8
31,4849,126.58128,43.84347,1,1,8,5,7
53,75,126.57092,43.82929,1,1,6,12,8
165,3156,126.55371,43.89977,14,0,6,28,8
53,75,126.56402,43.81996,7,1,8,20,9
165,1656,126.58492,43.89481,14,1,7,10,8
129,1520,126.55438,43.84599,14,1,10,5,8
31,435,126.55878,43.87133,1,1,7,1,7
53,1103,126.58111,43.82862,1,1,8,20,9
129,2665,126.56074,43.84964,1,1,8,15,8
31,949,126.58967,43.849,1,1,7,30,13
31,949,126.5904,43.85267,1,1,8,6,7
129,638,126.54675,43.83729,1,1,7,14,9
53,4474,126.54777,43.81485,14,1,7,14,10
53,487,126.53489,43.80487,14,1,6,15,8
53,4474,126.55719,43.80779,1,1,6,15,8
129,1520,126.54582,43.84635,1,1,9,13,8
53,75,126.55616,43.83307,1,1,8,5,8
165,1656,126.56344,43.9215,1,1,9,5,9
31,4849,126.57794,43.83709,14,1,8,11,8
165,1656,126.56583,43.92697,14,1,7,22,9
53,487,126.53699,43.80495,14,1,8,15,8
31,949,126.58643,43.85976,1,1,9,28,8
165,1656,126.55553,43.91003,1,1,8,21,9
129,1520,126.54862,43.84609,1,1,10,6,8
129,2925,126.50215,43.81994,14,1,7,31,14
31,152,126.56706,43.88378,14,1,6,6,12
31,4849,126.58323,43.8376,14,1,9,12,8
129,2925,126.51402,43.81402,1,1,6,27,9
31,2208,126.53857,43.87376,14,1,5,30,13
31,4849,126.57201,43.84095,1,1,6,10,9
53,1103,126.56924,43.81066,1,1,9,10,14
31,4322,126.56404,43.88354,14,1,5,31,16
165,3156,126.55195,43.91242,1,1,8,10,11
53,1103,126.57085,43.80647,1,1,9,2,16
129,1520,126.55494,43.85417,1,1,9,27,8
31,949,126.59456,43.84405,14,1,7,28,7
129,2925,126.51371,43.81445,1,1,7,12,8
53,75,126.567,43.81893,14,1,9,16,8
31,2208,126.54066,43.86529,1,1,6,7,9
165,3156,126.54753,43.91075,1,0,7,1,8
31,949,126.58611,43.84544,14,1,7,27,8
129,2688,126.53086,43.82481,1,1,8,6,8
53,75,126.56129,43.82723,14,1,5,28,9
129,2688,126.53031,43.82215,14,1,9,3,7
53,487,126.53657,43.80658,1,1,8,19,9
129,1520,126.56605,43.84943,7,1,10,16,8
53,1103,126.57444,43.83091,1,1,9,17,10
31,2208,126.54303,43.87536,1,1,6,17,11
165,2709,126.56978,43.90243,14,1,5,30,8
129,638,126.54353,43.83966,14,1,7,24,8
53,75,126.5639,43.81432,1,1,9,4,9
129,638,126.5461,43.8375,1,1,7,25,9
129,2688,126.53132,43.82787,14,1,5,29,13
31,435,126.56203,43.8693,1,1,5,27,8
31,4849,126.58171,43.84209,1,1,8,10,7
53,487,126.54409,43.79125,14,1,9,18,8
53,75,126.54837,43.82302,3,1,9,16,8
31,949,126.59156,43.84195,1,1,6,19,13
31,4849,126.572,43.8524,14,1,10,1,7
53,1103,126.57826,43.82897,1,1,8,8,10
53,4474,126.54476,43.81702,1,1,9,5,9
53,1103,126.60339,43.83509,4,1,5,16,11
53,75,126.56385,43.8271,14,1,8,13,9
129,2925,126.52076,43.82616,1,1,7,4,9
31,949,126.58382,43.84291,1,1,8,22,8
165,1656,126.60082,43.88776,1,1,10,10,8
129,1520,126.54473,43.84251,1,1,9,25,8
53,4474,126.54354,43.8142,1,1,7,14,10
129,2688,126.51954,43.81342,1,1,7,30,10
31,4849,126.57882,43.84097,1,1,6,1,7
31,4849,126.57379,43.8546,1,1,8,20,8
129,2688,126.50401,43.80155,1,1,7,16,9
129,638,126.54618,43.84076,14,1,7,27,10
165,1656,126.54923,43.9091,1,1,8,8,9
31,949,126.59185,43.84539,1,1,5,16,8
53,1103,126.56557,43.80847,1,1,9,24,13
53,75,126.55596,43.833,1,1,6,9,7
53,1103,126.57273,43.83136,1,1,7,22,8
53,75,126.55188,43.83098,1,1,8,24,8
53,1103,126.56973,43.80958,1,1,8,4,15
53,1756,126.58842,43.82338,14,1,6,19,14
53,1103,126.5713,43.83095,14,1,5,29,14
31,4849,126.58326,43.84616,14,1,9,30,8
129,2688,126.51692,43.81565,1,1,7,5,8
53,75,126.55563,43.82481,1,1,7,25,8
129,2925,126.51169,43.83223,1,1,8,25,7
31,1558,126.56721,43.84689,7,1,10,16,7
53,487,126.58343,43.78267,1,1,8,5,8
165,3156,126.55136,43.91254,1,1,5,19,10
31,435,126.56098,43.85847,14,1,6,28,8
31,949,126.59707,43.84523,14,1,5,28,13
129,2688,126.53263,43.82639,1,1,7,16,8
129,2688,126.53165,43.82449,1,1,6,10,9
31,4114,126.54168,43.86356,1,1,6,18,12
129,2925,126.52289,43.83738,1,1,8,21,8
53,1103,126.57955,43.82829,1,1,9,18,9
53,3559,126.57663,43.79332,1,1,5,29,9
31,435,126.55276,43.87225,1,1,6,12,13
31,949,126.59366,43.85063,1,1,9,21,9
53,75,126.56872,43.81629,1,1,7,25,8
53,1103,126.57061,43.8088,1,1,9,6,15
53,1103,126.567,43.80868,1,1,8,19,14
129,1520,126.54277,43.84481,3,1,9,27,8
53,1103,126.57233,43.80675,1,1,6,11,16
53,75,126.55941,43.82038,4,1,5,16,8
53,75,126.56345,43.82023,7,1,9,8,9
31,435,126.55521,43.85996,1,1,8,3,8
31,4849,126.57472,43.84173,14,1,8,28,8
53,3559,126.56582,43.79794,1,1,5,30,18
129,2688,126.53227,43.82534,1,1,9,21,7
165,1656,126.56742,43.92766,14,1,7,17,8
31,949,126.59364,43.84202,14,1,9,8,8
165,3156,126.54978,43.90651,1,1,8,17,9
53,1103,126.57886,43.82952,1,1,6,12,9
31,1558,126.56048,43.86915,1,1,10,7,7
31,949,126.59493,43.85094,1,1,5,29,7
31,435,126.55271,43.87221,1,1,9,3,7
129,638,126.5528,43.84124,1,1,6,30,10
129,2688,126.52184,43.81523,1,1,8,24,8
129,638,126.56445,43.84924,7,1,7,18,9
53,4474,126.54674,43.81409,1,1,9,14,9
53,4474,126.54965,43.81532,1,1,8,9,9
165,1656,126.54842,43.91494,1,1,8,23,9
53,4474,126.55929,43.81533,1,1,7,30,8
53,75,126.5654,43.82221,1,1,6,18,13
53,4474,126.55443,43.81666,14,1,7,26,9
31,4849,126.57902,43.84547,14,1,8,4,18
31,4849,126.57609,43.84103,14,1,9,23,7
53,1103,126.57624,43.82856,1,1,8,30,9
31,4322,126.54542,43.87869,1,1,6,5,16
31,435,126.56189,43.86762,1,1,8,4,8
31,949,126.58673,43.84036,14,1,9,14,7
53,1103,126.5702,43.81144,1,1,6,19,18
129,638,126.56097,43.84021,1,1,6,1,12
129,2688,126.53085,43.82026,1,1,10,1,7
31,4849,126.57342,43.83885,1,1,9,13,7
165,3156,126.54535,43.90471,1,1,6,3,12
129,87,126.54913,43.84292,1,1,10,10,10
129,1520,126.55787,43.84844,14,1,9,9,9
53,1103,126.60196,43.83316,14,1,6,13,9
31,3073,126.54979,43.87021,1,1,5,29,13
53,1103,126.57109,43.83146,1,1,8,31,8
53,487,126.54137,43.79228,14,1,10,1,8
53,2060,126.54358,43.82016,1,1,6,1,8
31,4849,126.57701,43.84799,1,1,7,26,7
165,1656,126.5616,43.9283,14,1,7,8,9
53,4474,126.5437,43.81915,14,1,7,30,8
53,75,126.57116,43.82483,1,1,8,14,8
129,2925,126.51424,43.8155,14,1,8,28,7
31,4849,126.56928,43.84687,14,1,6,3,13
129,1520,126.55472,43.84922,14,1,10,17,8
53,4474,126.54953,43.81931,1,1,9,25,8
53,487,126.58425,43.78226,1,1,9,5,9
53,4474,126.55753,43.81719,1,1,7,31,8
129,161,126.55022,43.85301,14,1,6,16,9
53,4474,126.54602,43.8102,1,1,8,22,8
129,2688,126.50478,43.80419,14,1,6,13,9
53,4474,126.54964,43.81535,1,1,8,10,16
53,1103,126.57902,43.82577,12,1,8,30,9
53,1103,126.60396,43.82887,1,1,6,29,9
165,1656,126.55414,43.95873,14,1,9,17,8
53,4474,126.55641,43.80061,1,1,6,17,18
53,487,126.53608,43.8046,14,1,8,26,9
31,4849,126.57121,43.85059,14,1,7,20,7
31,435,126.55217,43.86066,14,1,8,2,8
129,2688,126.53026,43.82214,14,1,7,2,14
31,4849,126.58459,43.84163,1,1,7,3,8
31,4849,126.57527,43.83891,1,1,5,27,8
53,1103,126.60207,43.83288,14,1,6,17,10
53,75,126.56881,43.81318,1,1,7,27,9
129,2925,126.51135,43.82151,1,1,8,4,9
129,638,126.54803,43.84038,14,1,6,30,10
31,4114,126.53994,43.86855,1,1,6,18,8
31,949,126.58846,43.84775,1,1,8,30,8
129,2688,126.50464,43.80208,1,1,8,25,8
129,2688,126.52395,43.8243,1,1,8,18,8
31,4849,126.57852,43.83691,14,1,8,29,8
31,949,126.59133,43.86155,1,1,6,11,8
129,638,126.54698,43.84131,14,1,7,14,9
53,75,126.5612,43.82723,14,1,6,28,8
31,4849,126.56675,43.84656,7,0,7,26,10
31,4849,126.57436,43.83901,1,1,6,17,13
53,2618,126.56828,43.8022,1,1,6,4,15
53,1103,126.57087,43.81314,1,1,9,7,14
53,1103,126.56884,43.80703,1,1,9,21,14
129,2688,126.52013,43.81582,1,1,7,28,8
53,75,126.55962,43.83337,1,1,8,18,8
165,1656,126.55666,43.90923,1,1,7,28,8
129,2925,126.51756,43.81962,1,1,7,20,8
31,949,126.59148,43.84549,1,1,8,24,8
129,2688,126.5185,43.81876,1,1,8,29,9
53,1103,126.57095,43.83152,1,1,8,15,9
53,75,126.55317,43.83043,1,1,8,28,8
53,75,126.57904,43.81991,14,1,7,1,8
165,1656,126.56612,43.92896,14,1,8,27,13
129,2688,126.53263,43.82473,1,1,6,29,8
129,2688,126.51916,43.81012,1,1,6,1,13
53,487,126.52771,43.79982,14,1,9,23,9
31,3073,126.54881,43.86652,1,1,6,6,9
165,1656,126.55146,43.90513,1,1,5,24,8
53,4474,126.54436,43.81645,1,1,7,10,8
129,2688,126.50596,43.80357,1,1,8,5,14
129,2688,126.5218,43.8153,1,1,8,4,8
53,75,126.55353,43.83171,1,1,7,5,8
129,2925,126.51619,43.8179,1,1,9,6,7
31,949,126.59101,43.86234,1,1,8,8,8
53,1103,126.57732,43.82971,1,1,9,12,10
53,75,126.56723,43.8157,1,1,8,16,17
53,1103,126.5698,43.80381,1,1,9,1,13
129,2925,126.50489,43.81729,1,1,8,8,8
129,1520,126.55992,43.85518,14,1,9,28,9
53,1103,126.57041,43.81081,1,1,9,19,14
129,1520,126.56083,43.85277,1,1,9,12,7
165,290,126.55579,43.91381,1,1,9,15,9
53,75,126.55749,43.8328,1,1,9,8,9
129,2688,126.53237,43.82732,1,1,7,23,8
53,75,126.55084,43.83042,1,1,9,1,9
129,638,126.55462,43.83912,1,1,7,16,8
53,75,126.5685,43.82331,1,1,8,13,9
31,4849,126.57225,43.85224,14,1,8,8,8
31,435,126.5637,43.86719,1,1,7,2,8
53,4474,126.54592,43.81022,1,1,8,11,9
165,3156,126.54628,43.91658,1,0,7,21,10
53,1103,126.60129,43.83363,1,1,6,14,10
165,1656,126.57721,43.89442,14,0,6,6,9
165,1656,126.55153,43.91175,1,1,8,21,14
129,1520,126.54407,43.84154,10,1,9,21,7
53,1103,126.5708,43.80646,1,1,8,12,15
31,4849,126.58222,43.84586,14,1,9,10,8
53,4474,126.55847,43.80873,1,1,8,21,8
129,2665,126.55667,43.84537,14,1,8,8,8
53,487,126.55332,43.78775,14,1,8,13,9
129,2925,126.51821,43.82343,14,1,8,4,9
53,1103,126.57207,43.83119,14,1,9,11,9
31,949,126.59432,43.84164,14,1,6,28,9
129,2665,126.53946,43.84738,1,1,8,24,8
129,2688,126.52052,43.81518,1,1,8,7,9
31,435,126.55278,43.87223,1,1,5,24,12
129,2688,126.53086,43.82025,1,1,8,29,9
129,2688,126.52747,43.82708,1,1,6,12,16
129,2688,126.51791,43.81276,1,1,8,6,8
129,2925,126.5199,43.82826,1,1,8,25,8
129,2688,126.51781,43.80724,1,1,9,4,9
129,2665,126.54481,43.84869,1,1,8,10,8
129,1520,126.53981,43.84787,1,1,10,10,9
31,3073,126.54919,43.86793,1,1,5,29,9
129,2688,126.52744,43.82517,1,1,9,30,9
53,4801,126.54787,43.79606,14,0,6,27,13
129,2688,126.51542,43.8075,1,1,8,10,7
31,435,126.55828,43.86998,1,1,9,24,9
129,2925,126.52336,43.83649,1,1,9,21,8
53,487,126.5342,43.80688,1,1,7,28,8
53,4474,126.546,43.81021,1,1,6,27,9
31,435,126.55279,43.85002,14,1,7,25,8
53,75,126.56667,43.81233,14,1,8,28,9
31,949,126.59147,43.85414,14,1,7,3,7
53,75,126.57443,43.82076,14,1,9,2,8
129,638,126.56441,43.8431,14,1,7,27,10
31,435,126.56354,43.8614,1,1,8,9,7
129,2925,126.52326,43.83663,1,1,6,30,10
53,75,126.56142,43.82483,10,1,7,1,8
31,3073,126.5476,43.869,1,1,5,29,13
53,1103,126.56711,43.80132,1,1,8,18,13
129,1520,126.54793,43.84845,14,1,9,7,7
53,75,126.56808,43.82254,4,1,7,6,9
165,1656,126.55408,43.90009,14,1,8,31,9
129,2688,126.53245,43.82388,1,1,6,27,9
53,487,126.53103,43.80377,14,1,7,29,8
53,1103,126.57049,43.83094,14,1,7,10,9
31,435,126.55228,43.8738,1,1,7,15,7
31,4849,126.57915,43.84458,1,1,5,20,8
53,1103,126.57796,43.82779,1,1,7,21,8
31,949,126.58877,43.83914,1,1,8,30,8
31,949,126.59112,43.84917,1,1,6,9,9
31,949,126.59226,43.84016,1,1,7,27,12
165,1656,126.61626,43.90615,14,1,8,4,8
165,2709,126.56828,43.90186,1,1,8,25,8
129,1520,126.54007,43.84778,1,1,10,1,7
53,487,126.5293,43.80494,14,1,8,6,8
129,2688,126.53224,43.82521,1,1,8,17,8
129,1520,126.55997,43.85316,1,1,9,3,7
53,487,126.5757,43.7835,14,1,9,29,8
165,1656,126.57351,43.92368,1,1,9,21,9
31,949,126.5866,43.84215,1,1,5,29,14
129,2688,126.52468,43.81781,1,1,9,24,8
129,2925,126.49235,43.81297,1,1,7,22,8
129,638,126.54658,43.84227,0,1,6,30,10
129,1520,126.55894,43.85336,1,1,9,11,8
129,2688,126.53173,43.82151,1,1,6,14,15
53,75,126.55825,43.83248,1,1,8,17,8
165,1656,126.55212,43.90612,1,1,5,30,9
129,2925,126.51758,43.8197,1,1,8,22,9
129,2925,126.5382,43.84508,1,1,6,27,9
165,3156,126.54685,43.91135,1,1,7,25,10
129,1520,126.5466,43.85119,14,1,9,16,9
129,1520,126.55738,43.84773,14,1,9,16,9
129,588,126.49697,43.81152,1,1,5,17,14
31,4849,126.56829,43.83904,13,1,7,6,7
53,75,126.57483,43.82477,1,1,10,1,8
165,1656,126.5575,43.90904,1,0,6,2,9
129,2688,126.5202,43.80854,1,1,8,13,8
53,1103,126.56695,43.80712,1,1,7,27,13
129,2665,126.53941,43.84383,14,1,8,26,7
129,2925,126.51734,43.82585,1,1,8,13,8
31,949,126.59102,43.8499,1,1,8,23,7
53,1103,126.57206,43.83118,14,1,8,29,9
31,4849,126.5794,43.84012,4,1,8,10,7
31,4849,126.57549,43.83894,1,1,5,16,9
53,4474,126.55956,43.81969,1,1,7,21,8
165,1656,126.57421,43.93016,1,1,9,4,8
31,949,126.5912,43.86217,1,1,6,30,9
129,2925,126.51333,43.82455,14,1,8,14,9
53,1103,126.56821,43.81031,1,1,9,9,16
53,1103,126.57192,43.83107,14,1,10,2,10
129,1520,126.55838,43.85552,1,1,9,28,9
31,949,126.59095,43.84902,1,1,8,3,7
165,3867,126.62727,43.89167,1,1,7,27,9
129,2925,126.51431,43.81553,14,1,8,17,8
129,2665,126.5637,43.84804,7,1,8,28,7
31,435,126.56067,43.87091,1,1,8,21,7
31,435,126.56319,43.86745,1,1,7,10,7
31,4849,126.56526,43.84112,14,1,9,25,8
53,75,126.56833,43.8128,1,1,9,13,8
31,4849,126.57263,43.84073,14,1,8,27,10
165,1656,126.56039,44.00288,14,0,6,13,8
53,4474,126.54411,43.81834,1,1,9,8,9
165,1656,126.55163,43.91207,1,1,5,22,13
53,75,126.57342,43.81915,1,1,7,1,8
31,949,126.58858,43.86292,1,1,9,15,9
129,2925,126.51661,43.83279,1,1,8,17,8
31,949,126.59403,43.86205,14,1,8,28,8
31,949,126.59495,43.84638,14,1,7,31,13
53,75,126.55632,43.82466,10,1,7,30,8
165,3156,126.54594,43.91126,1,1,8,10,11
31,4849,126.57573,43.84058,14,1,8,14,8
53,4474,126.55014,43.81678,1,1,8,18,8
53,1103,126.57784,43.8296,1,1,8,22,10
31,949,126.591,43.86047,1,1,8,1,10
31,435,126.55846,43.87102,1,1,8,29,8
53,75,126.56641,43.81357,14,1,9,18,8
53,75,126.57091,43.82918,1,1,9,9,10
31,4849,126.56771,43.84578,7,1,7,4,8
53,2289,126.57296,43.80966,1,1,5,29,8
165,290,126.55635,43.91447,1,1,9,24,9
129,2925,126.52479,43.8386,13,1,8,30,7
53,75,126.56569,43.81915,14,1,6,3,7
31,949,126.59123,43.84919,1,1,9,2,7
53,487,126.52362,43.80061,1,1,9,15,8
129,2925,126.52151,43.83688,1,1,8,28,7
165,3156,126.55438,43.91015,14,1,8,16,10
129,638,126.53823,43.84489,1,1,7,14,9
31,949,126.58682,43.84857,1,1,5,24,8
31,1558,126.54162,43.86795,1,1,9,8,11
31,435,126.55271,43.87211,1,0,6,6,13
53,75,126.55317,43.82325,1,1,8,2,8
31,4849,126.57307,43.84623,1,1,8,8,8
53,487,126.55532,43.79022,0,1,6,27,10
53,75,126.57615,43.82157,1,1,6,30,9
53,4474,126.55296,43.8132,14,1,8,29,16
31,1558,126.58823,43.87081,14,1,10,8,8
31,4849,126.57253,43.84015,14,1,7,25,7
53,967,126.69324,43.73089,14,1,8,17,7
53,487,126.58232,43.7817,1,1,7,15,9
53,487,126.54709,43.79275,14,1,7,18,8
129,2688,126.51495,43.81169,1,1,8,8,15
53,1103,126.57171,43.80927,1,1,8,17,13
53,979,126.55209,43.80362,1,1,5,29,8
53,75,126.5532,43.83054,1,1,7,25,8
53,487,126.56075,43.78706,14,1,6,9,14
129,2665,126.54587,43.84598,1,1,8,26,7
53,4474,126.54993,43.82075,14,1,9,21,9
31,435,126.55278,43.87218,1,1,6,29,14
53,75,126.55456,43.8298,1,1,8,29,9
31,4849,126.57965,43.8413,1,1,7,21,7
129,1520,126.55831,43.84894,14,1,9,24,8
53,1087,126.57056,43.83205,1,1,6,18,10
53,3559,126.55375,43.81273,14,1,6,3,13
53,4474,126.55269,43.81802,14,1,7,18,9
31,435,126.56532,43.87366,14,1,6,6,19
129,2688,126.52045,43.81628,1,1,7,31,13
129,638,126.55287,43.83842,1,1,7,17,9
31,4849,126.57208,43.839,1,1,9,24,9
31,4849,126.57629,43.84873,1,1,8,31,13
53,75,126.57239,43.82211,1,1,9,22,9
129,1520,126.54016,43.84772,1,1,9,15,8
53,75,126.5484,43.82703,1,1,9,1,9
53,4474,126.54958,43.81911,1,1,9,3,8
129,2665,126.56476,43.85079,13,1,8,12,9
53,4474,126.54451,43.81491,1,1,9,15,9
53,75,126.55819,43.83241,1,1,9,29,8
165,3156,126.55143,43.91067,14,0,7,1,8
129,2665,126.56156,43.84586,14,1,8,29,9
31,949,126.58658,43.86354,1,1,6,12,9
31,949,126.58713,43.84061,14,1,9,6,8
129,2688,126.53264,43.82431,1,1,8,2,9
53,1103,126.56947,43.80762,1,1,6,29,14
129,2688,126.53064,43.82778,1,1,6,18,14
31,4849,126.57191,43.84255,1,1,9,25,8
129,2665,126.54846,43.8474,1,1,8,8,8
31,949,126.59338,43.83979,1,1,8,26,8
53,75,126.54821,43.82889,1,1,7,21,8
129,161,126.56577,43.84812,7,1,6,12,10
129,2688,126.50939,43.81181,1,1,9,2,11
31,4849,126.57549,43.839,1,1,6,9,9
129,2688,126.52365,43.81706,1,1,7,31,13
53,4474,126.54827,43.81636,1,1,9,15,10
129,2688,126.53261,43.82636,1,1,8,18,8
31,949,126.58852,43.84047,14,1,5,19,8
165,1656,126.54792,43.91137,1,1,10,1,9
31,435,126.56243,43.86129,1,1,8,24,8
129,2688,126.52286,43.81842,1,1,9,7,7
53,4474,126.55256,43.81899,14,1,7,30,8
129,2688,126.5269,43.82108,1,1,6,28,10
165,1656,126.55534,43.90973,1,1,7,31,9
53,4474,126.5526,43.819,14,1,7,24,8
53,1103,126.5726,43.8315,1,1,7,27,9
31,3073,126.55441,43.86829,1,1,6,17,11
53,75,126.57441,43.82834,1,1,7,21,8
129,638,126.54521,43.84468,1,1,7,24,8
129,2688,126.51717,43.81113,1,1,6,28,16
31,435,126.56201,43.86933,1,1,5,18,8
31,949,126.59402,43.86215,14,1,9,18,8
129,1520,126.55594,43.85169,1,1,9,28,9
31,4849,126.57629,43.83913,1,1,9,30,8
129,2688,126.5281,43.82471,1,1,6,16,8
53,75,126.56282,43.8194,14,1,5,31,14
31,435,126.55756,43.87028,1,1,8,2,8
31,435,126.55723,43.86107,14,1,6,28,8
129,2925,126.5242,43.83763,1,1,8,10,8
31,435,126.56515,43.86119,1,1,7,14,8
129,87,126.55615,43.84293,1,1,10,4,8
53,1103,126.57552,43.82811,14,1,5,30,19
53,75,126.55508,43.82506,1,1,8,22,8
129,638,126.55102,43.8437,9,1,7,11,8
165,1656,126.56695,43.92828,14,1,8,11,8
53,1103,126.566,43.80876,1,1,8,15,13
53,487,126.54248,43.79135,14,1,7,29,8
31,949,126.58817,43.84154,14,1,9,5,8
31,4849,126.58121,43.84567,14,1,7,12,11
165,1656,126.55542,43.91015,1,1,9,15,9
129,2925,126.5179,43.83109,1,1,8,10,13
31,435,126.55542,43.86013,1,1,8,1,7
53,1087,126.58027,43.8289,1,1,6,19,10
53,3939,126.56009,43.82511,1,1,5,30,9
53,75,126.56599,43.83059,7,1,7,9,7
31,4849,126.57601,43.84449,1,1,6,1,8
53,487,126.56665,43.7809,14,1,9,21,9
31,949,126.59026,43.85513,14,1,10,2,8
31,4849,126.57526,43.84987,1,1,9,17,8
129,638,126.54222,43.84457,1,1,7,29,9
129,1520,126.56427,43.85451,14,1,9,24,8
53,4474,126.55945,43.8197,1,1,8,24,8
129,2925,126.51435,43.81534,14,1,7,12,8
129,2688,126.52874,43.8241,1,1,9,9,9
53,75,126.55451,43.83029,1,1,7,25,8
53,487,126.56927,43.77205,14,1,8,13,9
53,4474,126.55414,43.80471,1,1,6,24,8
53,4474,126.55869,43.80804,1,1,6,28,8
53,1103,126.58973,43.83035,1,1,8,22,10
53,1103,126.57014,43.80469,1,1,9,23,12
31,4322,126.54248,43.87802,14,1,6,5,16
53,3030,126.56431,43.80358,4,0,9,16,8
129,638,126.5574,43.84135,1,1,8,1,9
53,75,126.56895,43.81419,1,1,7,30,16
31,4849,126.56842,43.84696,14,1,9,26,7
129,323,126.52339,43.83644,1,1,9,28,9
53,1756,126.58859,43.8218,1,1,6,8,16
129,2688,126.51858,43.819,1,1,6,28,16
165,2709,126.57316,43.89991,14,1,9,11,9
165,1656,126.54451,43.90545,1,1,5,31,19
53,75,126.56672,43.82376,14,1,9,17,8
31,4849,126.57293,43.84446,7,1,9,9,8
53,4474,126.54555,43.81178,1,1,8,18,8
53,1103,126.57923,43.82689,1,1,9,5,11
31,435,126.557,43.85861,1,1,7,19,7
129,2925,126.52668,43.83596,14,1,8,27,7
53,487,126.53335,43.8062,1,1,8,10,8
31,949,126.59231,43.85618,14,1,9,29,8
53,75,126.57843,43.82164,1,1,8,24,8
165,3156,126.54492,43.9053,1,0,5,25,10
31,435,126.55278,43.87144,1,1,10,2,8
31,949,126.59616,43.8511,1,1,7,15,8
53,487,126.52164,43.79889,1,1,8,3,8
31,1558,126.58157,43.86331,1,1,10,6,8
53,1103,126.57045,43.83191,1,1,5,29,14
129,638,126.54542,43.83636,1,1,8,2,9
31,435,126.56869,43.87115,1,1,9,3,14
31,949,126.5922,43.84009,1,1,7,26,7
31,435,126.55127,43.87304,1,1,6,11,14
165,1656,126.57827,43.89447,14,1,9,14,9
31,4849,126.57994,43.83924,14,1,8,1,7
53,75,126.55711,43.82275,10,1,8,18,8
129,2925,126.51906,43.82877,1,1,9,19,8
53,75,126.57083,43.82067,1,1,8,28,9
129,87,126.54586,43.84021,14,1,10,13,8
129,2688,126.52501,43.81668,1,1,8,4,8
53,1103,126.57076,43.80603,1,1,8,10,15
129,2688,126.51703,43.81244,1,1,9,17,7
53,487,126.52292,43.79953,1,1,8,13,9
129,588,126.53762,43.83366,1,1,7,29,10
129,2925,126.5182,43.82775,1,1,6,9,9
165,2709,126.55898,43.91401,14,1,7,26,8
53,75,126.57216,43.81923,1,1,6,1,8
53,1103,126.5985,43.82769,14,1,9,21,9
129,2688,126.51679,43.808,1,1,7,12,8
129,1520,126.55409,43.85018,14,1,9,7,7
53,1103,126.57073,43.80651,1,1,8,24,13
165,1656,126.56108,43.92111,14,1,10,6,9
31,4849,126.57567,43.84361,1,1,5,24,16
53,1103,126.56468,43.80163,4,1,5,28,18
129,2688,126.50947,43.8118,1,1,8,19,9
53,1103,126.57221,43.83097,14,1,9,1,9
129,2925,126.5198,43.82789,1,1,8,23,9
31,4849,126.5837,43.84143,1,1,7,6,7
31,4849,126.58125,43.84346,1,1,8,23,9
129,2688,126.51276,43.81886,14,1,7,25,8
53,75,126.56572,43.82613,1,1,7,27,9
129,2688,126.52025,43.80848,1,1,7,16,8
31,949,126.58765,43.86258,1,1,7,21,7
53,1103,126.56701,43.80711,1,1,8,13,15
129,3458,126.53122,43.83191,1,1,5,31,11
129,2688,126.52729,43.82743,1,1,8,2,9
165,2709,126.56288,43.91508,14,1,8,7,9
53,1103,126.57107,43.83186,1,1,7,30,8
53,487,126.54224,43.79247,14,1,5,19,8
129,2925,126.51599,43.83249,1,1,8,11,10
31,435,126.55651,43.8604,1,0,9,26,8
129,2688,126.52838,43.82461,1,1,8,12,9
31,435,126.54935,43.8736,1,1,8,27,9
53,75,126.56386,43.81464,1,1,8,25,9
53,4474,126.54691,43.81353,1,1,6,17,15
165,3156,126.54279,43.91792,14,1,5,14,10
53,75,126.56418,43.81518,1,1,6,1,14
31,949,126.59217,43.84019,1,1,8,25,9
31,4849,126.58026,43.84031,1,1,8,16,7
31,4849,126.57547,43.83957,1,1,5,25,14
31,4849,126.57428,43.84925,1,1,5,16,9
165,1656,126.5751,43.93016,1,1,8,17,8
53,4474,126.55691,43.81779,1,1,8,22,8
31,4849,126.58183,43.83932,14,1,7,26,7
129,2665,126.5607,43.84794,14,1,8,29,9
31,4849,126.57175,43.85116,14,1,7,29,8
129,638,126.55427,43.8394,1,1,7,4,10
31,435,126.55562,43.86245,14,1,8,9,7
31,435,126.55272,43.87122,1,1,5,29,17
129,2925,126.51691,43.8195,14,1,9,7,7
53,1103,126.57054,43.83207,1,1,9,24,8
53,1103,126.57726,43.82818,1,1,7,15,10
53,1103,126.57082,43.8093,1,1,9,12,15
129,2688,126.52027,43.81133,1,1,9,10,8
165,3156,126.54798,43.91021,1,1,7,23,8
129,2688,126.51232,43.80783,1,1,7,20,8
129,1520,126.54953,43.84878,14,1,9,5,7
53,75,126.57432,43.82268,1,1,5,17,14
53,2618,126.56782,43.8323,14,1,6,4,9
53,1103,126.57075,43.81306,1,1,6,18,16
31,4849,126.56716,43.84681,7,1,5,31,15
31,949,126.59043,43.84,1,1,7,24,7
129,2688,126.5163,43.81002,1,1,8,17,8
165,1656,126.55041,43.91472,14,1,8,31,9
165,1656,126.56165,43.92831,14,1,7,9,8
53,75,126.55344,43.82617,1,1,8,7,9
31,949,126.59393,43.84008,1,1,6,6,13
129,2925,126.52113,43.8235,14,1,9,6,7
53,487,126.52873,43.80485,14,1,9,17,7
31,435,126.55294,43.87455,1,1,5,21,15
129,2688,126.51706,43.81126,1,1,8,14,8
53,1103,126.56722,43.83253,14,1,10,2,10
31,435,126.56125,43.86128,1,1,8,27,9
31,435,126.56063,43.86166,1,1,9,30,8
53,1103,126.56982,43.8083,1,1,7,17,14
129,3458,126.55453,43.85225,1,1,6,27,10
53,1103,126.57019,43.83111,14,1,6,27,9
53,3939,126.54567,43.82604,1,1,5,29,8
31,4849,126.58372,43.84159,1,1,6,30,9
31,949,126.58833,43.83871,14,1,6,19,13
31,2208,126.53642,43.87585,14,1,5,30,13
165,1656,126.55644,43.90983,1,1,9,29,9
53,1103,126.58002,43.82843,1,1,7,12,9
165,2709,126.55912,43.89735,1,1,9,8,8
53,1103,126.56704,43.80139,1,1,7,1,12
129,2688,126.51172,43.80805,1,1,8,14,15
53,75,126.56592,43.83052,7,1,8,8,10
53,75,126.57081,43.82913,1,1,9,23,8
53,75,126.55422,43.82536,1,1,8,18,8
31,949,126.5908,43.86332,1,1,8,11,8
129,2688,126.50948,43.81111,1,1,9,16,9
129,2688,126.50951,43.81107,1,1,7,17,9
165,1656,126.53686,43.93328,14,1,9,6,9
31,435,126.55687,43.86002,1,1,7,21,7
53,1103,126.57266,43.80997,1,1,7,16,13
31,435,126.55277,43.87217,1,1,7,14,13
53,75,126.55434,43.83169,1,1,8,23,8
31,4849,126.57624,43.84881,1,1,6,8,15
53,4474,126.54268,43.81549,1,1,9,5,9
31,435,126.5509,43.86002,1,1,7,11,7
129,2925,126.51593,43.81741,1,1,6,12,9
129,2925,126.5145,43.81083,1,1,7,23,8
53,4474,126.54724,43.81627,1,1,9,24,8
129,638,126.55922,43.84316,1,1,7,30,10
53,75,126.57609,43.82287,1,1,7,25,8
129,2665,126.55503,43.85412,1,1,8,19,8
53,487,126.57428,43.78292,14,1,5,29,9
31,435,126.55833,43.87142,1,1,7,29,9
53,487,126.54994,43.79144,1,1,7,8,8
31,4849,126.58193,43.84032,1,1,9,2,8
31,4849,126.57197,43.84108,1,1,6,30,9
31,2208,126.54785,43.85954,14,1,6,13,9
53,1103,126.57082,43.80644,1,1,6,14,15
129,638,126.54289,43.84483,3,1,7,3,9
129,1520,126.54099,43.84293,1,1,9,10,8
53,1103,126.5898,43.83044,1,1,9,25,9
53,75,126.56391,43.82507,12,1,6,27,14
53,1103,126.57625,43.82735,1,1,6,29,9
165,1656,126.54569,43.91687,1,1,9,17,8
31,4849,126.5714,43.84195,1,1,9,14,15
31,4849,126.56728,43.85204,12,1,8,12,8
31,435,126.55827,43.86027,14,1,6,1,7
129,2925,126.5034,43.80853,14,1,8,11,12
53,75,126.56758,43.81603,1,1,7,27,9
53,1103,126.57181,43.80758,1,1,9,26,13
31,4849,126.57875,43.83803,1,1,9,14,8
31,949,126.59422,43.84453,14,1,9,28,8
53,967,126.62518,43.6846,5,1,10,8,8
129,1520,126.56259,43.85072,1,1,9,22,8
31,949,126.59603,43.85119,1,1,9,30,8
53,75,126.57837,43.82577,1,1,7,27,9
31,4849,126.57724,43.84548,14,1,6,14,8
31,1558,126.57645,43.87011,1,1,10,4,7
53,75,126.57242,43.81969,1,1,8,29,9
129,323,126.52335,43.83653,1,1,9,28,9
165,3156,126.55455,43.91474,14,0,5,28,9
53,75,126.5621,43.8223,10,1,7,9,7
53,1103,126.58119,43.82862,1,1,7,17,9
53,75,126.56784,43.82933,1,1,9,7,8
31,4849,126.58485,43.84369,14,1,8,11,8
165,3156,126.55098,43.90227,14,0,5,16,10
165,1656,126.56886,43.92444,4,1,7,21,8
165,3156,126.55635,43.91445,1,1,5,24,9
53,1103,126.56863,43.81172,1,1,9,30,13
165,3156,126.55501,43.89841,1,1,7,22,9
129,2688,126.53274,43.82259,1,1,7,27,9
129,2925,126.51477,43.8138,1,1,9,5,8
53,1103,126.57579,43.83052,1,1,9,29,9
129,638,126.55724,43.84011,1,1,7,8,8
165,1656,126.55223,43.91363,14,1,5,17,10
129,1520,126.54347,43.8412,3,1,10,11,8
53,75,126.57077,43.82484,1,1,9,15,9
53,1103,126.56789,43.83237,14,1,9,10,9
129,2925,126.52478,43.83859,13,1,9,8,7
129,638,126.553,43.83883,1,1,7,6,9
53,1103,126.57835,43.82959,1,1,8,7,10
165,3156,126.54159,43.91802,14,1,6,26,10
53,75,126.55187,43.83088,1,1,8,28,8
53,75,126.57078,43.82994,1,1,8,13,9
53,4474,126.55924,43.81372,14,1,8,13,9
31,4849,126.56857,43.84396,14,1,9,14,8
165,1656,126.55452,43.91013,14,1,6,14,9
31,1558,126.58831,43.84379,1,1,10,5,7
53,75,126.56905,43.8187,1,1,8,7,9
53,1103,126.58978,43.83048,1,1,7,24,8
53,75,126.57889,43.82224,14,1,7,20,8
31,4849,126.56849,43.84695,14,1,5,17,14
31,949,126.5902,43.84774,1,1,6,16,7
53,75,126.57601,43.8224,1,1,9,29,8
53,75,126.56561,43.81569,14,1,6,30,14
165,1656,126.57241,43.92005,14,1,8,11,8
129,638,126.5453,43.83965,14,1,7,6,9
165,1656,126.55367,43.91299,1,0,6,17,14
165,3156,126.54847,43.90072,1,1,7,3,9
129,1520,126.54521,43.84822,1,1,9,25,8
129,2665,126.5607,43.84608,14,1,8,6,8
129,2925,126.51938,43.82882,1,1,6,15,9
31,4849,126.58121,43.8435,1,1,8,3,7
31,435,126.55271,43.87217,1,1,5,31,18
31,4849,126.58166,43.84337,1,1,9,15,7
129,2925,126.49052,43.82402,14,1,8,10,9
31,949,126.58789,43.8489,1,1,8,31,9
53,4474,126.55474,43.80257,14,1,6,27,9
53,1103,126.57071,43.80642,1,1,6,4,18
53,1103,126.57281,43.80916,1,1,8,27,14
53,487,126.52679,43.803,1,1,6,30,12
31,949,126.59249,43.84122,1,1,8,24,8
53,75,126.57775,43.82379,1,1,7,22,8
165,1656,126.5728,43.9238,1,1,9,4,8
31,949,126.59202,43.86157,1,1,7,16,7
53,487,126.56845,43.77872,14,1,7,21,8
129,2688,126.51857,43.81157,1,1,7,1,8
31,435,126.55509,43.87375,1,1,9,16,8
53,75,126.56623,43.82729,14,1,7,26,8
129,2688,126.52836,43.8263,1,1,8,3,8
31,4849,126.57023,43.8525,14,1,9,26,7
129,2688,126.52724,43.82389,1,1,9,11,16
53,1103,126.57719,43.82933,1,1,7,20,9
165,1656,126.5737,43.91736,4,0,6,12,8
165,1656,126.56634,43.93982,14,1,7,6,9
53,75,126.56848,43.8233,1,1,8,21,9
53,4474,126.54251,43.81872,1,1,6,28,11
53,1103,126.5912,43.82978,1,1,8,7,10
129,2688,126.53218,43.82259,1,1,8,30,7
165,3156,126.54597,43.91122,1,1,5,24,9
53,4474,126.55259,43.81814,14,1,7,15,8
129,2925,126.51885,43.83146,1,1,9,8,7
31,4849,126.576,43.84448,1,1,8,14,8
53,487,126.58501,43.78232,1,1,6,8,8
31,4849,126.58118,43.84479,1,1,8,8,8
31,949,126.59127,43.86083,1,1,8,20,8
53,1103,126.56787,43.83233,14,1,9,16,9
53,75,126.5518,43.82916,1,1,8,27,8
53,1103,126.57111,43.81143,1,1,7,16,13
53,1103,126.56521,43.83204,0,1,7,9,9
31,4849,126.57223,43.84325,1,1,9,13,7
31,4849,126.57547,43.84511,1,1,8,22,9
53,75,126.54475,43.82435,1,1,7,16,8
31,4849,126.57359,43.84467,7,1,9,21,9
129,2688,126.51802,43.82284,14,1,9,11,16
53,1103,126.59872,43.83409,1,1,6,12,9
31,4849,126.58189,43.83932,14,1,8,9,7
165,290,126.55678,43.91667,14,1,9,14,9
165,1656,126.62295,43.8897,14,0,6,7,12
31,949,126.59408,43.84228,14,1,6,13,8
129,638,126.56177,43.84739,7,1,6,29,14
31,4849,126.57604,43.8397,1,1,9,5,14
31,4849,126.57591,43.8778,4,1,8,26,9
53,4474,126.54884,43.81754,1,1,8,11,9
129,1520,126.56362,43.84802,7,1,9,27,9
129,2925,126.51617,43.81796,1,1,7,8,8
53,75,126.57001,43.82438,1,1,8,30,8
31,435,126.55983,43.87064,1,1,8,25,9
165,1656,126.57777,43.91599,14,1,7,23,8
31,949,126.58925,43.85996,1,1,8,11,8
165,1656,126.55671,43.92312,14,1,8,28,8
129,638,126.54046,43.84286,1,1,6,27,15
31,435,126.55547,43.86023,1,1,6,28,8
53,4474,126.54854,43.8159,1,1,7,27,8
165,2709,126.562,43.90528,14,0,6,2,15
53,75,126.56329,43.82238,1,1,7,31,8
53,75,126.55973,43.83247,1,1,6,16,10
53,487,126.55446,43.81835,14,1,6,13,17
31,435,126.56324,43.88444,14,0,9,29,7
31,949,126.59167,43.8419,1,1,9,3,7
129,2688,126.52379,43.81382,1,1,9,3,11
53,1103,126.60393,43.82888,1,1,7,26,9
31,2208,126.54298,43.86594,1,1,6,12,8
31,435,126.55157,43.87072,1,1,8,12,8
129,1520,126.55013,43.84535,1,1,9,3,7
53,75,126.56232,43.81598,14,1,10,1,8
31,949,126.59093,43.84111,1,1,8,24,8
129,2688,126.52023,43.8121,1,1,6,15,9
165,1656,126.55321,43.91034,1,0,6,4,14
31,4849,126.56911,43.84222,1,1,5,28,8
31,4849,126.58316,43.84613,14,1,8,10,7
53,4474,126.55471,43.80247,14,1,9,7,8
129,2688,126.53218,43.82747,1,1,6,17,14
129,638,126.54996,43.84122,14,1,6,9,9
53,4474,126.55885,43.80259,1,1,7,31,8
165,1656,126.57847,43.89431,14,0,6,14,8
31,4322,126.54666,43.87848,1,1,6,6,8
53,75,126.55962,43.83347,1,1,8,20,8
31,4849,126.58204,43.84271,1,1,7,12,11
31,152,126.56975,43.8871,14,1,6,5,13
129,2925,126.51595,43.83242,1,1,9,2,7
129,2925,126.52196,43.83781,1,1,9,13,9
129,2925,126.49194,43.81473,1,1,8,6,9
165,2709,126.55892,43.91403,14,1,8,31,8
129,2925,126.51017,43.82303,1,1,8,11,12
129,2688,126.53234,43.8274,1,1,9,30,9
31,949,126.59448,43.84585,14,1,9,11,8
31,435,126.55276,43.87217,1,1,6,1,13
53,4474,126.54284,43.81639,1,1,8,12,9
129,2925,126.52171,43.82199,14,1,9,2,7
129,2688,126.52818,43.82246,14,1,8,18,8
165,1656,126.57479,43.91849,1,1,8,21,9
31,4849,126.5787,43.83817,1,1,8,31,13
53,4474,126.54971,43.81872,1,1,9,6,9
31,4849,126.56805,43.8395,13,1,7,15,8
53,75,126.55751,43.83273,1,1,9,2,8
129,2925,126.51388,43.81443,1,1,7,15,8
31,2208,126.54739,43.87324,1,1,6,5,14
129,1520,126.5427,43.84987,1,1,9,6,7
31,4322,126.56211,43.8865,14,1,6,6,10
53,487,126.57645,43.78012,1,1,7,2,8
53,75,126.5727,43.82088,1,1,5,16,14
53,487,126.59026,43.77494,14,1,8,3,8
165,290,126.56286,43.90728,1,1,9,27,9
53,1103,126.58099,43.82846,1,1,6,8,13
129,2665,126.56047,43.85041,1,1,8,5,9
31,435,126.55281,43.87216,1,1,7,16,7
129,2925,126.51673,43.81952,14,1,8,18,8
53,75,126.56235,43.8263,1,1,9,1,9
53,4474,126.54425,43.81662,1,1,9,27,8
31,949,126.59126,43.86219,1,1,9,1,8
31,435,126.55275,43.87223,1,1,6,28,13
53,75,126.57354,43.82059,1,1,8,26,9
31,949,126.59245,43.84623,4,1,8,8,8
53,75,126.5686,43.82602,1,1,8,5,8
165,1656,126.54844,43.91498,1,1,9,25,9
31,949,126.59114,43.84897,1,1,6,14,8
31,435,126.55083,43.8601,1,1,6,27,9
129,2688,126.53057,43.82051,1,1,9,5,7
129,2665,126.54548,43.8434,1,1,8,31,7
31,435,126.56497,43.86208,14,1,5,24,8
129,2688,126.52018,43.81265,1,1,7,8,8
53,3030,126.5156,43.80694,1,0,9,27,14
53,487,126.57647,43.78013,1,1,5,29,16
129,2688,126.51648,43.80908,1,1,7,19,8
129,87,126.55674,43.84037,1,1,10,15,11
165,1656,126.7555,43.95569,14,0,6,10,8
165,1656,126.5441,43.91488,1,1,9,10,9
129,2925,126.51652,43.81931,14,1,7,1,8
53,4474,126.54767,43.81444,14,1,6,19,13
165,290,126.55221,43.90475,1,1,9,15,10
53,487,126.55332,43.78775,14,1,9,9,9
53,487,126.53569,43.808,1,1,9,23,9
129,2925,126.51658,43.81457,1,1,6,19,10
129,2688,126.52066,43.81519,1,1,7,12,8
53,1103,126.57283,43.80917,1,1,6,18,16
129,638,126.55817,43.84438,14,1,7,10,8
53,75,126.57618,43.82152,1,1,5,30,13
129,2688,126.53239,43.82398,1,1,9,14,8
165,1656,126.55228,43.9134,14,1,7,26,9
129,638,126.56295,43.84473,14,1,7,30,10
129,2925,126.51608,43.83328,1,1,8,18,8
53,1103,126.57296,43.81128,1,1,6,8,9
53,1103,126.57123,43.81313,1,1,8,28,13
53,75,126.56585,43.81238,14,1,6,12,14
31,435,126.55991,43.85868,14,1,5,30,8
53,487,126.58463,43.78179,1,1,9,19,8
53,1103,126.56955,43.81069,1,1,7,3,13
129,2925,126.52025,43.82157,14,1,7,14,9
129,1520,126.56599,43.85669,1,1,9,24,8
129,638,126.5448,43.8374,1,1,6,9,9
53,979,126.55878,43.80226,1,1,5,29,14
165,1656,126.75204,43.95624,14,1,7,7,9
53,1103,126.60485,43.82804,1,1,8,9,9
53,75,126.56427,43.81464,1,1,10,1,8
53,4474,126.55144,43.82048,14,1,9,9,8
31,4849,126.56874,43.84179,14,1,7,4,8
129,1520,126.54894,43.85207,14,1,9,19,8
165,2709,126.56777,43.89924,14,1,7,26,8
53,1756,126.58843,43.82348,14,1,6,4,11
31,4849,126.57482,43.85229,1,1,7,27,8
129,2688,126.52606,43.82007,1,1,7,11,8
31,949,126.59103,43.84886,1,1,9,22,7
129,1520,126.56379,43.84806,7,1,9,11,8
31,4849,126.5849,43.84016,14,1,7,18,7
165,3156,126.55173,43.91191,1,0,5,27,10
53,1103,126.5715,43.81073,1,1,6,11,16
53,75,126.55289,43.82775,1,1,8,7,9
31,4849,126.57871,43.83803,1,1,7,22,7
31,1558,126.57252,43.87908,14,1,10,12,9
53,487,126.59469,43.77873,14,1,7,18,8
165,290,126.55374,43.90711,1,1,9,18,9
165,1656,126.55358,43.91067,1,0,6,5,10
129,2688,126.52034,43.81036,1,1,6,1,13
129,2688,126.53205,43.82125,1,1,8,26,10
31,4849,126.57541,43.85144,1,1,8,3,7
53,4474,126.55556,43.81815,14,1,8,10,16
129,1520,126.54329,43.84317,1,1,10,10,9
53,4474,126.55662,43.81061,14,1,8,22,8
165,1656,126.56231,43.91414,14,1,10,1,8
31,4849,126.58474,43.83954,1,1,8,25,9
129,2688,126.50386,43.80287,1,1,7,15,8
129,638,126.55336,43.84439,14,1,7,6,9
31,4849,126.56854,43.84365,14,1,5,30,8
129,2688,126.53317,43.82557,1,1,6,29,8
31,4849,126.57879,43.83803,1,1,9,28,8
53,75,126.56127,43.82737,14,1,7,18,8
129,2688,126.52812,43.81813,14,1,8,14,15
165,1656,126.5646,43.92092,14,1,9,17,8
165,3156,126.54848,43.91205,1,0,6,10,8
165,290,126.54156,43.91454,14,1,9,21,9
31,3073,126.55566,43.86632,1,1,5,24,12
31,435,126.55928,43.87403,14,1,9,16,14
53,1103,126.60489,43.828,1,1,6,7,9
53,75,126.57437,43.82252,1,1,9,23,9
53,1103,126.59969,43.83131,1,1,6,11,9
53,75,126.56948,43.81648,1,1,9,4,9
129,1520,126.56189,43.84921,1,1,9,26,8
31,949,126.58894,43.84425,1,1,6,15,7
53,4474,126.55041,43.81605,1,1,7,2,8
129,1520,126.54025,43.84849,1,1,9,29,8
129,1520,126.54447,43.84914,1,1,9,14,8
129,2665,126.56426,43.84865,7,1,8,5,9
165,1656,126.62955,43.88595,1,1,5,17,18
31,949,126.59109,43.84117,1,1,5,19,14
165,3156,126.55145,43.89942,14,1,5,30,9
53,4474,126.55805,43.80461,14,1,6,19,10
31,949,126.59105,43.85519,14,1,8,23,7
53,75,126.54698,43.82628,1,1,8,31,8
165,1656,126.597,43.90638,14,1,5,24,8
53,1103,126.58974,43.83033,1,1,9,22,9
53,75,126.56555,43.81632,1,1,7,8,8
165,1656,126.5651,43.92857,14,1,9,12,9
165,1656,126.55626,43.91508,1,1,8,30,8
129,2688,126.53365,43.82723,1,1,9,4,9
165,3156,126.54614,43.91677,1,1,7,18,8
129,2665,126.54668,43.85124,14,1,8,5,9
165,3156,126.5513,43.91283,1,1,8,3,9
53,75,126.57743,43.82245,1,1,7,26,8
31,4849,126.57873,43.83808,1,1,7,27,8
129,638,126.54195,43.84512,1,1,6,30,10
129,2688,126.51639,43.80716,1,1,9,3,7
53,1103,126.59874,43.83385,1,1,8,23,10
129,2688,126.53018,43.81934,1,1,7,22,9
165,3156,126.54915,43.91402,1,0,5,17,10
165,1656,126.5709,43.93023,1,1,10,8,9
129,2688,126.52791,43.82755,1,1,8,8,8
53,75,126.55341,43.83168,1,1,7,10,8
53,1103,126.56694,43.80706,1,1,7,14,17
53,1103,126.57493,43.83074,1,1,8,21,10
53,75,126.57666,43.82576,1,1,8,13,9
31,4849,126.57038,43.84903,14,1,7,9,8
53,487,126.54595,43.79271,14,1,6,18,9
53,1103,126.56704,43.80904,1,1,7,10,12
31,4849,126.58407,43.83764,14,1,6,27,8
53,4474,126.54972,43.82015,1,1,9,13,8
31,4849,126.57408,43.83916,1,1,5,17,8
31,435,126.55682,43.86007,1,1,7,10,10
31,949,126.58621,43.84593,14,1,8,11,8
31,949,126.5923,43.86123,1,1,8,7,8
129,638,126.55047,43.84354,9,1,6,9,9
31,435,126.55056,43.86112,1,1,6,9,8
31,4849,126.58299,43.84077,1,1,7,17,8
129,2665,126.55997,43.85198,1,1,8,17,8
31,4322,126.56406,43.88354,14,1,6,2,8
129,2688,126.52732,43.82522,1,1,9,13,8
31,435,126.54856,43.86989,1,1,9,7,12
165,290,126.54686,43.91149,1,1,9,27,9
165,2709,126.57756,43.8971,14,1,7,16,14
31,949,126.5919,43.84685,1,1,7,7,7
129,2925,126.52074,43.82628,1,1,9,7,7
53,4474,126.55641,43.80061,1,1,9,18,8
53,1103,126.56715,43.80129,1,1,8,19,14
31,949,126.59346,43.85389,14,1,7,7,7
31,3073,126.54766,43.869,1,1,6,5,15
129,1520,126.56481,43.85456,14,1,9,14,8
129,2688,126.52026,43.81077,1,1,8,25,7
53,1103,126.57289,43.80913,1,1,7,19,12
129,638,126.54477,43.8369,1,1,7,17,9
31,949,126.58642,43.86008,1,1,9,5,8
53,75,126.56471,43.81502,1,1,7,24,8
53,4474,126.55475,43.80245,14,1,8,22,8
31,435,126.55697,43.86496,7,1,7,21,7
31,4849,126.56855,43.84356,14,1,5,30,15
53,75,126.56569,43.81905,14,1,9,23,9
31,435,126.54882,43.87388,1,1,9,24,8
31,4849,126.5706,43.85011,14,1,8,30,8
31,949,126.58777,43.84216,1,1,9,24,8
165,1656,126.56794,43.91879,14,1,8,28,8
31,949,126.59514,43.84289,14,1,9,14,7
31,949,126.59607,43.84695,1,1,6,4,8
129,2688,126.53234,43.8249,1,1,9,30,9
31,949,126.59151,43.84193,1,1,8,26,8
31,949,126.59399,43.84011,1,1,8,30,8
129,2688,126.52,43.82056,1,1,5,25,16
53,75,126.56457,43.81492,1,1,7,30,16
129,2688,126.53245,43.82387,1,1,9,9,8
129,1520,126.54494,43.8459,1,1,9,3,7
31,1558,126.56712,43.84922,7,1,10,12,9
129,323,126.51747,43.81823,1,1,9,28,10
31,949,126.59189,43.8397,1,1,8,10,11
53,1103,126.56981,43.80818,1,1,6,8,9
31,4849,126.56923,43.84061,14,1,9,6,8
129,638,126.56106,43.84037,1,1,6,11,13
53,75,126.54795,43.82929,1,1,8,18,8
53,75,126.5639,43.81462,1,1,9,26,8
129,2665,126.54122,43.8485,1,1,8,9,9
31,435,126.54986,43.86089,1,1,9,16,8
165,3156,126.55463,43.91108,14,1,7,15,9
129,638,126.55378,43.84329,14,1,6,10,9
31,435,126.55728,43.86108,14,1,7,28,7
53,75,126.56642,43.82693,14,1,9,2,13
31,4849,126.56887,43.83926,13,1,7,25,7
31,949,126.58647,43.85902,14,1,8,28,8
31,435,126.56413,43.86011,1,1,8,4,8
129,2925,126.51568,43.81303,1,1,6,19,10
53,75,126.56622,43.82891,1,1,7,8,8
31,949,126.58998,43.83941,1,1,8,11,8
53,1103,126.56834,43.81138,1,1,7,6,12
129,638,126.55747,43.84129,1,1,7,14,9
53,1103,126.60488,43.82805,1,1,8,2,10
31,1558,126.58976,43.86288,1,1,10,16,8
31,949,126.59042,43.85552,14,1,6,29,14
31,4849,126.5774,43.84041,1,1,7,4,8
53,75,126.55213,43.8208,14,1,7,29,8
129,2688,126.52011,43.81179,1,1,5,31,13
129,1520,126.55501,43.84821,14,1,9,11,8
31,4849,126.57687,43.85051,1,1,8,13,14
53,487,126.52978,43.80523,14,1,9,4,8
129,1520,126.55505,43.85422,1,1,10,5,8
53,75,126.56721,43.82319,1,1,8,6,8
31,4849,126.57267,43.8408,14,1,9,21,9
129,2688,126.52036,43.81026,1,1,10,1,7
53,75,126.56756,43.81471,14,1,6,27,14
53,487,126.57946,43.78366,14,1,8,31,8
129,2688,126.52663,43.82582,1,1,9,25,8
31,435,126.55182,43.87039,1,1,5,28,15
165,1656,126.56321,43.9103,7,1,5,29,8
129,2665,126.55836,43.84803,14,1,8,17,8
31,4849,126.57361,43.845,12,1,6,18,8
31,4849,126.56898,43.84005,13,1,8,19,8
165,1656,126.56502,43.92859,14,1,8,3,8
31,4849,126.56703,43.84779,7,1,6,9,9
31,4849,126.5729,43.83923,1,1,8,20,8
53,75,126.57323,43.82485,4,1,6,10,8
31,949,126.59304,43.85452,14,1,8,18,7
165,3156,126.55284,43.90054,7,1,7,30,9
53,318,126.55431,43.78733,14,1,5,16,8
31,949,126.55316,43.86845,1,1,5,17,14
31,4849,126.56651,43.8439,14,1,10,1,8
31,949,126.59191,43.84534,1,1,5,17,8
53,1103,126.56982,43.83227,1,1,8,21,10
31,949,126.58574,43.84778,1,1,8,11,8
53,75,126.55819,43.83324,1,1,8,23,8
31,4849,126.56679,43.84666,7,1,7,19,7
129,2688,126.5226,43.82464,1,1,8,24,8
53,75,126.54539,43.82449,0,1,5,30,8
53,487,126.52117,43.79844,1,1,9,9,8
129,2665,126.54265,43.84412,1,1,8,3,8
129,2688,126.51891,43.80721,1,1,8,27,7
53,75,126.55528,43.8226,10,1,8,23,8
129,2688,126.52445,43.81991,1,1,6,17,14
129,638,126.5485,43.84599,1,1,7,26,14
129,2688,126.51672,43.8107,1,1,8,3,8
31,435,126.55746,43.8717,1,1,8,7,8
53,4474,126.55117,43.80442,1,1,8,31,8
31,435,126.55459,43.876,1,1,7,27,8
53,75,126.56503,43.81635,1,1,9,8,9
53,75,126.55329,43.8305,1,1,7,21,8
31,949,126.58938,43.8414,1,1,6,25,12
31,4849,126.56803,43.85031,14,1,8,12,8
129,2925,126.5228,43.83739,1,1,6,8,10
129,1520,126.54502,43.84375,1,1,10,1,7
31,4849,126.574,43.83913,1,1,8,11,8
31,949,126.58837,43.84523,14,1,8,30,8
31,4849,126.57403,43.8518,14,1,8,25,9
129,2925,126.51151,43.81351,14,1,6,11,9
31,435,126.56223,43.85868,14,1,8,26,8
53,75,126.56589,43.82139,14,1,8,31,17
53,75,126.54845,43.82933,1,1,8,13,9
31,949,126.59449,43.85014,1,1,5,31,10
31,435,126.55197,43.87169,1,1,6,1,13
53,4474,126.54656,43.81778,14,1,9,1,9
31,435,126.55275,43.87211,1,0,5,27,14
31,949,126.59303,43.85451,14,1,7,5,8
129,2665,126.53941,43.84399,14,1,8,27,7
31,435,126.5588,43.86088,14,1,7,15,7
129,2688,126.52613,43.8161,1,1,6,8,13
53,1103,126.56107,43.80808,14,1,9,2,16
165,3156,126.55674,43.91344,1,1,7,6,9
31,435,126.55948,43.87064,1,1,8,17,8
53,487,126.56775,43.768,14,1,6,11,9
129,638,126.55883,43.84062,1,1,6,6,10
129,638,126.55643,43.84176,1,1,6,4,15
31,949,126.591,43.84125,1,1,5,20,14
53,75,126.55378,43.82288,14,1,8,30,8
31,4849,126.58293,43.84364,4,1,7,24,7
53,1103,126.57509,43.82771,1,1,7,18,9
129,2665,126.5585,43.84883,14,1,8,19,8
53,487,126.55416,43.7901,0,1,7,1,9
165,1656,126.57401,43.91982,14,1,8,2,8
31,949,126.58679,43.83695,3,1,7,12,7
129,2665,126.5485,43.85214,14,1,8,6,8
129,2688,126.51864,43.81341,1,1,9,1,7
31,435,126.55988,43.87087,1,0,9,29,7
31,949,126.59237,43.86255,1,1,8,26,8
31,949,126.58625,43.84618,14,1,6,10,8
31,4849,126.56676,43.84664,7,1,7,24,7
165,1656,126.55238,43.909,1,1,8,23,9
53,487,126.56571,43.78101,14,1,9,15,9
31,4849,126.57855,43.84144,1,1,7,25,7
165,3156,126.5485,43.90746,1,1,8,13,9
53,1103,126.57071,43.80645,1,1,7,1,12
129,161,126.55747,43.84768,14,1,6,12,10
53,1103,126.56595,43.83203,14,1,7,17,9
53,75,126.56258,43.82561,1,1,8,29,9
129,2925,126.51298,43.81399,1,1,7,25,9
53,3559,126.57045,43.79506,1,1,5,30,18
129,1520,126.5618,43.85706,1,1,10,17,8
31,4849,126.58495,43.84426,14,1,9,11,9
31,4849,126.57002,43.84832,1,1,9,5,14
129,3458,126.50989,43.81227,1,1,5,29,14
129,87,126.55927,43.84143,1,1,10,5,8
53,75,126.56673,43.82569,14,1,5,29,8
53,1103,126.56525,43.83192,0,1,7,20,11
165,290,126.55686,43.91505,1,1,9,27,9
129,2665,126.56249,43.85016,1,1,8,23,9
53,75,126.55008,43.82909,1,1,7,20,8
129,2688,126.52517,43.81602,1,1,8,8,8
129,2925,126.51787,43.8262,1,1,8,18,8
53,487,126.5794,43.78435,14,1,8,1,8
129,1520,126.56512,43.84575,14,1,9,1,7
129,2925,126.52073,43.82617,1,1,6,10,9
31,4849,126.56846,43.84402,14,1,7,10,7
53,1103,126.57548,43.82803,14,1,6,11,9
129,638,126.56082,43.84162,14,1,7,26,9
53,4474,126.54779,43.81474,14,1,9,20,8
53,1103,126.57532,43.82916,3,1,5,29,14
31,4849,126.58446,43.84272,1,1,8,21,9
53,487,126.59391,43.77792,14,1,6,9,14
129,638,126.56141,43.84138,1,1,7,21,9
129,1520,126.54443,43.84292,1,1,9,17,7
129,3853,126.46985,43.94757,3,1,6,5,11
53,4474,126.55952,43.81967,1,1,8,21,9
129,2665,126.55889,43.84925,1,1,8,14,9
129,2925,126.51723,43.82588,1,1,7,25,9
53,487,126.53116,43.80579,1,1,8,17,8
31,4849,126.58121,43.84078,1,1,5,28,8
129,638,126.54073,43.84408,1,1,7,7,9
53,75,126.57809,43.82595,1,1,8,1,8
31,1558,126.56697,43.87828,1,1,9,5,8
165,1656,126.57064,43.92778,1,1,7,16,9
31,949,126.59398,43.85913,1,1,5,18,8
165,1656,126.55633,43.915,1,0,6,17,9
31,4849,126.57812,43.84311,1,1,5,31,9
31,1558,126.58373,43.88012,1,1,10,10,8
165,3156,126.54411,43.91409,1,0,6,19,10
31,2208,126.54019,43.86668,1,1,6,8,11
129,638,126.54226,43.84425,1,1,7,11,8
165,3156,126.54744,43.91341,1,1,8,9,9
165,3156,126.54875,43.91149,1,1,6,26,9
31,435,126.55714,43.87068,1,1,8,6,7
31,435,126.55096,43.86012,1,1,9,4,8
31,4849,126.57384,43.85401,14,1,8,18,7
53,1103,126.56719,43.80732,1,1,6,1,15
165,3156,126.54469,43.91764,14,0,6,27,9
53,75,126.56634,43.82685,14,1,6,10,8
31,2208,126.53673,43.87607,14,1,5,27,11
129,2688,126.52124,43.81333,1,1,8,2,9
129,2688,126.51694,43.81189,1,1,8,11,8
31,2208,126.54399,43.87566,1,1,6,6,12
129,638,126.55636,43.84177,1,1,7,29,9
31,435,126.56023,43.87182,1,1,6,29,15
165,1656,126.54715,43.9109,1,1,8,6,12
31,949,126.58934,43.84098,1,1,8,13,8
129,1520,126.54586,43.84641,1,1,9,24,8
53,1103,126.57305,43.81066,1,1,9,1,13
31,435,126.55156,43.87313,1,1,6,1,13
31,435,126.55222,43.87472,1,1,5,31,18
53,1103,126.57223,43.80614,1,1,5,22,13
129,2665,126.53935,43.84334,14,1,8,21,8
53,2615,126.55538,43.8145,14,1,6,14,9
165,2709,126.56396,43.90218,4,1,9,5,8
53,75,126.57012,43.82489,1,1,8,12,9
31,3073,126.54064,43.86553,1,1,5,31,13
53,75,126.55017,43.8221,1,1,8,8,10
53,1103,126.57295,43.80809,1,1,9,8,15
53,487,126.52559,43.79972,14,1,8,14,8
129,2688,126.52019,43.8126,1,1,6,1,13
165,1656,126.57418,43.93088,1,1,9,5,9
31,435,126.55289,43.87216,1,1,8,15,7
129,2688,126.52013,43.80857,1,1,7,2,8
53,487,126.52424,43.79899,1,1,9,15,12
31,949,126.58904,43.84379,1,1,5,24,15
53,1103,126.60498,43.82804,1,1,7,26,9
165,290,126.55107,43.90943,1,1,9,26,8
31,4849,126.5695,43.84595,14,1,8,13,14
31,4849,126.58289,43.8436,4,1,7,19,7
53,4474,126.54582,43.81098,1,1,8,20,8
31,4849,126.56704,43.85129,14,1,5,28,8
31,949,126.59624,43.84231,14,1,5,31,10
129,2665,126.56041,43.85346,1,1,8,28,7
129,2688,126.52086,43.81526,1,1,7,25,8
165,1656,126.54471,43.91451,1,1,9,2,9
53,1103,126.56721,43.80755,1,1,5,31,17
129,2925,126.51975,43.82315,14,1,7,24,8
31,949,126.59382,43.84932,1,1,8,8,8
165,1656,126.51667,43.94263,14,1,8,2,8
31,949,126.59157,43.84191,1,1,9,10,8
53,1087,126.57094,43.8074,1,1,6,18,15
129,161,126.51962,43.82046,1,1,6,9,9
31,949,126.58641,43.86019,1,1,9,16,8
31,949,126.58999,43.8393,1,1,6,1,13
53,4474,126.55625,43.80144,14,1,8,16,8
129,2665,126.55498,43.8542,1,1,8,30,7
53,75,126.55987,43.82353,1,1,6,18,15
31,2208,126.53904,43.87018,1,1,6,8,11
165,3156,126.54458,43.914,1,1,8,4,8
31,435,126.55072,43.87062,1,1,9,18,8
31,4849,126.58117,43.83897,14,1,6,19,15
53,75,126.56588,43.83066,7,1,8,27,8
31,4849,126.56875,43.83921,13,1,7,21,7
129,2688,126.52658,43.81527,1,1,6,14,15
129,2688,126.51762,43.81532,14,1,7,31,14
129,638,126.55986,43.84473,14,1,6,9,9
31,435,126.55439,43.87399,1,1,8,24,8
129,2665,126.55023,43.85171,14,1,8,16,8
53,4474,126.55348,43.80936,14,1,7,9,7
165,1656,126.56657,43.92753,14,1,7,7,10
53,1103,126.57215,43.8309,14,1,7,6,9
53,75,126.56694,43.82393,14,1,7,18,8
129,2665,126.5444,43.84281,1,1,8,6,8
129,638,126.55761,43.84322,1,1,7,17,9
165,3156,126.5471,43.91084,1,1,8,14,9
129,2925,126.51856,43.83263,1,1,9,1,7
31,4849,126.58036,43.84026,1,1,9,15,7
31,4849,126.57554,43.8529,1,1,8,1,7
129,3442,126.55379,43.8525,14,1,7,3,9
129,2925,126.51724,43.83207,1,1,8,24,7
53,4474,126.55862,43.80816,1,1,6,27,9
53,1103,126.60424,43.83251,14,1,6,27,9
129,2688,126.51444,43.80857,1,1,7,14,8
53,75,126.5666,43.8197,14,1,6,17,14
53,75,126.57522,43.82098,14,1,6,1,8
129,2688,126.51583,43.80828,1,1,9,1,7
53,75,126.56796,43.83056,1,1,8,21,9
129,2925,126.51872,43.83292,1,1,9,13,9
53,1103,126.60409,43.82888,1,1,8,22,9
129,2925,126.51542,43.81281,1,1,8,16,8
129,638,126.54527,43.83676,1,1,7,27,10
31,435,126.56522,43.86262,1,1,9,21,9
129,2665,126.55901,43.84737,14,1,8,6,8
53,1103,126.56926,43.81218,1,1,9,21,14
53,75,126.56048,43.83317,7,1,9,14,9
31,949,126.59383,43.84006,1,1,7,20,7
31,949,126.59095,43.849,1,1,5,31,10
165,290,126.54578,43.9096,1,1,9,14,10
129,2688,126.516,43.80846,1,1,8,1,8
31,435,126.55274,43.87218,1,1,8,21,7
31,949,126.59083,43.85608,14,1,8,21,7
53,1103,126.56973,43.80377,1,1,9,25,13
129,2925,126.49657,43.81803,14,1,7,12,8
31,4849,126.56902,43.84859,14,1,6,9,10
31,435,126.55242,43.87238,1,1,5,21,15
129,638,126.54472,43.83731,1,1,8,1,9
165,3156,126.55441,43.91469,14,1,6,26,9
53,487,126.55651,43.77916,14,1,7,19,8
31,4849,126.5691,43.85225,14,1,8,1,7
53,75,126.57066,43.82329,14,1,5,29,15
53,75,126.57112,43.81447,14,1,7,11,7
31,949,126.58848,43.85763,1,1,8,11,8
53,4474,126.54757,43.82046,14,1,7,27,8
129,2688,126.51432,43.81543,14,1,7,17,9
53,487,126.55157,43.79327,14,1,6,15,8
31,4322,126.55137,43.8857,14,1,6,18,13
31,949,126.59395,43.84005,1,1,7,15,8
31,435,126.55385,43.87454,1,0,5,20,14
129,2925,126.52712,43.83574,14,1,8,27,7
53,4474,126.54273,43.81288,10,1,9,29,8
129,2665,126.55071,43.84615,1,1,8,6,8
129,2688,126.52034,43.82001,1,1,7,31,14
129,2925,126.50755,43.81984,1,1,8,11,10
53,1103,126.59857,43.82776,14,1,9,26,9
53,75,126.54727,43.82272,12,1,7,27,8
53,1103,126.57249,43.82995,3,1,7,19,8
53,1177,126.58737,43.79722,14,1,6,4,9
53,4474,126.54691,43.81069,1,1,8,16,8
129,1520,126.55903,43.84738,14,1,9,4,9
53,1103,126.56428,43.80349,4,1,6,18,14
53,487,126.57632,43.78016,1,1,9,30,8
129,1520,126.54178,43.84603,1,1,10,13,8
53,1103,126.56526,43.83201,0,1,7,7,9
31,435,126.56004,43.86714,14,1,7,12,9
165,1656,126.55831,43.933,14,1,9,17,8
53,75,126.56125,43.8242,1,1,7,21,8
129,2688,126.52905,43.82019,1,1,9,20,9
129,2688,126.52906,43.82085,1,1,9,5,7
53,1103,126.57086,43.80644,1,1,8,28,14
129,2688,126.52116,43.8133,1,1,9,11,8
31,4849,126.57972,43.83799,14,1,10,2,8
165,1656,126.55893,43.91808,14,1,7,29,8
53,75,126.55488,43.82595,1,1,8,23,8
165,1656,126.5784,43.89433,14,0,6,3,9
53,75,126.56631,43.82695,14,1,8,11,9
129,2925,126.51738,43.83075,1,1,9,16,9
165,1656,126.56936,43.92972,1,1,8,7,10
129,1520,126.53579,43.849,14,1,9,26,8
53,1103,126.57121,43.80982,1,1,6,7,16
31,949,126.59403,43.85912,1,1,8,21,7
129,2688,126.52024,43.81073,1,1,9,1,7
129,2688,126.51764,43.81247,1,1,8,10,7
53,1103,126.57497,43.83073,1,1,8,25,9
129,638,126.55373,43.83897,1,1,6,27,10
31,949,126.59363,43.84988,1,1,8,12,8
31,4849,126.57211,43.84519,1,1,6,16,7
53,3559,126.59193,43.81756,14,1,5,29,17
53,1103,126.57568,43.83049,1,1,9,10,9
129,638,126.53829,43.84504,1,1,7,13,8
129,638,126.54123,43.84558,1,1,7,20,8
31,435,126.55567,43.86237,14,1,8,16,8
129,2688,126.53299,43.82522,1,1,9,27,9
53,487,126.54675,43.79368,14,1,8,3,8
165,1656,126.55666,43.92314,14,1,8,10,11
53,487,126.5397,43.8018,14,1,8,23,8
129,1520,126.56409,43.84813,7,1,9,12,7
129,638,126.5626,43.84125,14,1,6,3,14
31,435,126.5539,43.87273,1,1,9,19,10
31,949,126.59109,43.84182,1,1,7,13,8
165,290,126.55967,43.92105,14,1,9,15,9
31,4849,126.57846,43.84185,1,1,8,22,9
53,487,126.53181,43.80799,14,1,7,17,8
129,1520,126.55048,43.84725,1,1,9,16,9
53,487,126.57491,43.78487,14,1,7,23,7
53,75,126.567,43.82211,14,1,8,23,9
31,949,126.58812,43.83978,14,1,7,1,7
53,1103,126.60489,43.82791,1,1,9,7,10
31,435,126.55699,43.86494,7,1,9,22,7
129,2688,126.52386,43.81583,1,1,8,10,7
31,4849,126.57149,43.84761,1,1,5,24,16
129,2688,126.52517,43.82015,1,1,8,29,9
165,3156,126.54093,43.91849,14,1,8,2,9
129,2925,126.51936,43.83238,1,1,7,15,8
53,75,126.5599,43.82394,1,1,8,24,8
31,4849,126.58193,43.83934,14,1,9,14,8
31,4849,126.56864,43.84399,14,1,8,29,8
129,2688,126.51235,43.80772,1,1,6,10,15
31,4114,126.53784,43.87119,1,1,6,17,11
31,949,126.59373,43.85786,14,1,9,28,8
53,75,126.56474,43.82758,14,1,8,8,10
53,487,126.52285,43.80061,1,1,8,22,8
165,1656,126.56685,43.92083,14,1,9,14,9
129,2925,126.51312,43.83232,1,1,6,11,10
165,3156,126.54886,43.91135,1,0,6,13,8
31,4849,126.5817,43.84141,1,1,8,3,7
129,638,126.55172,43.84017,1,1,6,9,9
31,3073,126.55024,43.86541,1,1,5,27,8
53,75,126.57082,43.82929,1,1,7,8,8
53,1103,126.56826,43.81029,1,1,9,16,14
53,75,126.5748,43.82751,1,1,9,29,8
31,949,126.58945,43.84356,1,1,9,28,8
129,2925,126.51558,43.81548,14,1,7,24,8
129,1520,126.56319,43.84758,7,1,10,12,10
129,638,126.55881,43.84389,1,1,6,11,10
129,638,126.54809,43.84159,14,1,7,6,9
31,435,126.55388,43.87449,1,0,9,5,12
53,75,126.56714,43.82602,14,1,8,9,9
31,4849,126.57585,43.84061,14,1,9,9,8
53,75,126.57141,43.82762,1,1,7,2,8
31,435,126.55703,43.8592,1,1,7,22,7
129,2688,126.53096,43.82214,1,1,8,10,13
165,2709,126.56816,43.90193,1,1,8,25,9
129,2925,126.5108,43.82099,1,1,8,12,9
129,1520,126.54305,43.84317,1,1,10,7,8
31,4849,126.57258,43.84204,1,1,8,24,9
31,949,126.59149,43.84702,1,1,9,9,8
31,1558,126.56624,43.87087,1,1,5,30,14
53,1103,126.60424,43.83591,4,1,8,13,9
31,4849,126.56692,43.85112,14,1,8,31,13
129,2688,126.52805,43.82753,1,1,6,13,9
129,2925,126.51404,43.81358,1,1,7,25,9
53,1103,126.57208,43.80799,1,1,8,22,15
165,1656,126.54146,43.91387,14,1,10,5,9
129,2665,126.54576,43.84486,1,1,8,19,8
53,4474,126.54611,43.81207,1,1,7,28,8
129,2688,126.52209,43.82555,1,1,6,11,17
165,1656,126.5725,43.93009,1,1,7,25,9
129,2665,126.56527,43.84896,7,1,8,11,11
129,2688,126.5135,43.81686,1,1,7,6,8
31,4849,126.58091,43.83975,1,1,6,27,8
53,1103,126.57271,43.83149,1,1,5,16,9
31,4849,126.58258,43.83651,14,1,8,15,8
31,435,126.5528,43.87229,1,1,8,29,13
31,2208,126.54006,43.87391,14,1,6,4,12
129,87,126.56237,43.84241,3,1,10,4,8
31,4849,126.5799,43.84438,1,1,10,1,7
129,2688,126.52679,43.81613,1,1,8,26,10
53,1103,126.57036,43.81086,1,1,9,13,14
129,2665,126.55162,43.84626,1,1,8,30,7
31,949,126.57809,43.84103,1,1,6,14,8
53,1103,126.57136,43.8131,1,1,9,25,13
31,435,126.56235,43.86171,1,1,8,8,8
31,4849,126.57363,43.85276,1,1,9,21,9
53,487,126.52973,43.80321,14,1,9,20,8
53,4474,126.54474,43.8141,1,1,8,14,8
31,435,126.55931,43.86684,14,1,5,31,9
129,2925,126.51716,43.83301,1,1,6,18,14
31,435,126.56112,43.86139,1,1,6,28,9
165,1656,126.5647,43.92917,14,1,8,15,9
31,435,126.56226,43.86392,1,1,7,30,8
165,3156,126.55097,43.91252,1,1,8,17,9
129,2665,126.55645,43.85336,1,1,8,12,9
53,1103,126.57626,43.8289,1,1,9,21,9
31,4849,126.57329,43.85347,1,1,8,13,14
53,75,126.57431,43.82279,1,1,6,29,9
165,1656,126.55255,43.93646,14,1,8,17,8
53,487,126.52356,43.80375,1,1,6,17,9
31,435,126.56231,43.87022,1,1,9,9,7
129,2925,126.51706,43.83305,1,1,8,28,7
31,4849,126.57365,43.84453,7,1,7,5,7
31,949,126.58857,43.84784,1,1,5,28,8
53,75,126.57846,43.82157,1,1,8,16,9
53,1103,126.57335,43.81209,1,1,9,29,14
53,1103,126.56681,43.83241,14,1,6,14,10
53,1103,126.57046,43.81093,1,1,6,1,18
129,2925,126.51344,43.81494,1,1,7,26,9
129,2925,126.51681,43.82533,1,1,7,28,8
31,1558,126.53911,43.87015,1,1,9,12,10
53,1177,126.60848,43.78409,14,1,6,7,9
31,4849,126.56887,43.84391,14,0,5,13,10
129,2688,126.51696,43.81189,1,1,8,25,7
31,949,126.58574,43.85812,1,1,7,20,7
53,1103,126.56439,43.80354,4,1,7,16,13
129,2688,126.51678,43.82231,14,1,7,1,8
31,435,126.5528,43.87212,1,1,7,30,8
53,1103,126.57975,43.82755,1,1,8,27,9
31,435,126.55476,43.87181,1,1,9,21,9
53,1103,126.57854,43.8291,1,1,5,30,13
53,1103,126.5774,43.82865,1,1,7,26,10
31,4849,126.57785,43.8432,1,1,9,16,8
31,4849,126.57892,43.84174,1,1,6,12,9
53,1103,126.57186,43.80409,1,1,9,27,13
129,2925,126.49909,43.82166,14,1,8,1,9
165,1656,126.54979,44.05076,14,1,7,31,9
31,4849,126.58127,43.84077,1,1,5,27,8
53,75,126.54283,43.82427,1,1,6,8,12
53,4474,126.55854,43.80171,1,1,6,28,8
53,1103,126.5792,43.82663,1,1,9,4,9
31,435,126.55971,43.86065,14,1,7,3,7
53,487,126.54486,43.79485,10,1,8,27,8
129,2688,126.51296,43.81277,1,1,8,8,20
31,4849,126.57577,43.84068,14,1,5,20,8
31,949,126.58885,43.86171,1,1,5,18,8
53,1103,126.57249,43.82986,3,1,9,9,10
165,2709,126.56266,43.91602,14,0,5,28,8
31,949,126.58789,43.84892,1,1,8,12,8
53,1103,126.5794,43.82904,1,1,6,14,10
129,161,126.55796,43.854,14,1,6,13,10
129,638,126.55431,43.84387,14,1,6,4,15
129,2925,126.5183,43.83166,1,1,7,1,8
129,2688,126.52825,43.81814,14,1,7,5,8
31,949,126.59507,43.85346,1,1,7,8,8
53,75,126.57406,43.82709,1,1,6,18,12
53,1756,126.58618,43.82267,1,1,6,4,11
31,949,126.59631,43.84231,14,1,5,20,8
31,435,126.55289,43.87221,1,1,6,18,7
53,487,126.51866,43.80064,14,1,8,10,8
31,2208,126.54323,43.86634,1,1,5,25,14
31,949,126.58873,43.85618,14,1,9,18,8
53,1103,126.57177,43.80871,1,1,8,21,13
53,1103,126.57167,43.81081,1,1,6,10,15
129,1520,126.55948,43.85522,14,1,9,12,7
129,2688,126.52013,43.81259,1,1,7,19,8
53,75,126.57156,43.82815,1,1,9,2,8
165,1656,126.57276,43.92273,1,1,7,24,8
31,949,126.59573,43.84173,1,1,9,24,8
165,1656,126.57076,43.92778,1,1,7,15,9
165,3156,126.54926,43.90744,1,0,7,21,10
165,1656,126.54363,43.91437,1,1,8,25,9
31,949,126.59033,43.85521,14,1,7,31,13
129,3458,126.53284,43.83084,1,1,5,29,11
129,2925,126.51292,43.81271,1,1,6,11,9
129,2688,126.52463,43.82338,1,1,8,18,8
129,2665,126.55718,43.84952,1,1,8,13,8
165,1656,126.56086,43.92109,14,1,8,30,8
129,1520,126.5414,43.85042,14,1,10,10,9
53,1103,126.5698,43.83226,1,1,7,24,8
129,1520,126.56343,43.84667,14,1,9,10,8
31,949,126.58723,43.83987,14,1,5,31,16
165,1656,126.55265,43.90711,14,1,9,16,9
31,435,126.55284,43.8722,1,1,8,12,10
53,75,126.57073,43.82985,1,1,8,20,8
53,75,126.57833,43.82152,1,1,8,27,8
53,218,126.6057,43.83665,4,1,10,2,14
31,435,126.56175,43.86186,1,1,8,9,7
31,949,126.59033,43.85558,14,1,7,14,8
129,638,126.55115,43.84003,1,1,6,26,9
129,2925,126.51442,43.81544,14,1,6,16,8
129,2688,126.51471,43.80702,1,1,8,7,9
53,1103,126.57929,43.82714,1,1,9,21,9
129,1520,126.56426,43.85696,14,1,9,17,7
31,949,126.59439,43.85178,1,1,9,4,8
129,2925,126.51929,43.82705,1,1,8,28,7
53,75,126.57179,43.8213,1,1,9,2,13
31,1558,126.57785,43.88545,1,1,9,9,7
53,4474,126.54249,43.81721,1,1,8,26,9
31,949,126.58917,43.84382,1,1,7,20,7
165,1656,126.59347,43.90124,14,0,6,6,13
53,2289,126.56915,43.80946,1,1,5,29,8
129,2688,126.53009,43.82727,1,1,9,25,8
165,1656,126.63057,43.88595,1,0,5,17,15
165,2709,126.56561,43.9045,10,1,9,7,8
129,2925,126.52204,43.82121,14,1,6,13,9
31,949,126.5937,43.8628,14,1,8,29,8
129,638,126.54376,43.84164,10,1,7,14,9
53,1103,126.57744,43.82861,1,1,9,10,10
165,2709,126.58362,43.8955,14,1,8,19,8
53,1103,126.60496,43.82796,1,1,7,31,9
53,1103,126.56956,43.80753,1,1,9,19,14
165,2709,126.57101,43.89477,14,1,9,14,8
31,4849,126.57429,43.84923,1,1,9,22,8
31,4849,126.57346,43.84887,14,1,9,20,8
129,2925,126.51443,43.8133,1,1,6,3,10
31,435,126.5493,43.87365,1,1,5,18,8
53,75,126.55327,43.83048,1,1,7,27,8
129,2925,126.51595,43.8176,1,1,6,12,9
53,4474,126.56005,43.81859,14,1,8,22,8
129,2688,126.52834,43.82467,1,1,7,14,9
31,949,126.58604,43.86018,1,1,7,1,7
53,487,126.52767,43.79994,14,1,9,29,8
129,1520,126.53807,43.84538,1,1,9,12,7
129,1520,126.5377,43.84629,1,1,10,3,8
129,638,126.55901,43.84154,1,1,6,30,10
165,3156,126.55499,43.91101,3,1,6,29,9
53,1103,126.59879,43.82878,14,1,10,2,10
53,1103,126.57099,43.80745,1,1,6,27,16
31,435,126.56167,43.85818,14,1,8,13,7
53,4474,126.55537,43.80661,1,1,7,14,10
53,487,126.58313,43.78207,1,1,7,27,8
53,75,126.56815,43.81271,1,1,9,9,10
129,2925,126.52343,43.83649,1,1,9,25,8
129,2925,126.51292,43.83244,1,1,7,6,8
53,1103,126.57077,43.8065,1,1,9,25,13
129,638,126.55003,43.84544,1,1,6,29,14
53,4474,126.55839,43.8005,1,1,8,6,8
53,75,126.56389,43.8255,14,1,8,10,8
129,161,126.56598,43.85377,12,1,6,18,15
129,2688,126.51647,43.80676,1,1,7,30,10
53,4474,126.55399,43.81989,1,1,8,25,8
129,2688,126.52722,43.8201,14,1,7,31,13
165,1656,126.51902,43.9432,14,1,8,9,9
165,1656,126.5519,43.90451,1,0,7,20,8
31,949,126.59245,43.84621,4,1,7,18,8
129,1520,126.55861,43.84948,1,1,9,22,8
129,2688,126.53116,43.82513,1,1,7,26,8
53,4474,126.55175,43.81933,14,1,10,2,8
31,949,126.59575,43.84182,1,1,9,12,8
31,949,126.58757,43.84641,1,1,6,29,14
31,4849,126.56679,43.84655,7,1,6,12,9
129,1520,126.55109,43.85339,1,1,9,12,7
129,2925,126.51648,43.81688,1,1,8,2,9
31,4322,126.56233,43.88563,14,1,5,29,8
129,2688,126.53009,43.82643,1,1,6,29,8
129,2665,126.54562,43.84278,0,1,8,16,8
31,949,126.58749,43.84759,1,1,9,17,8
165,1656,126.56829,43.92762,14,1,7,8,9
53,4474,126.54479,43.82007,14,1,7,18,9
53,75,126.56709,43.81257,14,1,7,30,16
53,1103,126.56709,43.80867,1,1,9,3,13
53,1103,126.56524,43.83201,0,1,8,9,9
53,487,126.58579,43.7819,1,1,9,10,7
31,949,126.58386,43.843,1,1,9,1,9
129,2925,126.51854,43.83251,1,1,9,6,7
129,2688,126.50246,43.80175,1,1,9,7,7
129,2925,126.52256,43.83812,1,1,6,4,11
31,4849,126.57133,43.8419,1,1,8,21,9
53,487,126.57952,43.78369,14,1,8,27,8
129,2925,126.51789,43.82723,1,1,8,12,8
31,435,126.55279,43.87212,1,1,9,28,8
53,1103,126.57105,43.8074,1,1,6,12,15
129,2688,126.52391,43.82484,1,1,9,23,9
129,2688,126.52019,43.80874,1,1,7,25,8
31,435,126.5519,43.85718,14,1,7,16,7
31,4849,126.57364,43.84446,7,1,7,30,8
129,2688,126.51659,43.80904,1,1,8,2,9
53,1103,126.57087,43.8065,1,1,9,9,16
53,1103,126.58987,43.83042,1,1,9,12,10
129,2688,126.5182,43.80955,1,1,7,24,8
53,75,126.55311,43.83043,1,1,7,11,7
165,3156,126.55076,43.91274,1,0,7,4,9
31,949,126.59483,43.84604,14,1,7,10,7
53,75,126.56753,43.81477,14,1,6,12,14
31,4849,126.57568,43.84251,1,1,8,17,7
165,3156,126.55099,43.91212,1,0,6,5,10
31,4849,126.57891,43.84178,1,1,6,18,8
53,75,126.54854,43.82928,1,1,8,2,8
129,2925,126.5151,43.81259,1,1,9,6,8
31,949,126.59792,43.84589,3,1,6,9,13
53,487,126.52349,43.80373,1,1,6,14,9
53,3559,126.55554,43.81175,1,1,6,4,14
53,75,126.56669,43.81676,1,1,8,13,9
129,2688,126.52738,43.8143,1,1,7,20,8
165,2709,126.56126,43.89936,1,1,7,14,8
31,4849,126.57137,43.84191,1,1,9,5,8
129,2925,126.51426,43.83293,1,1,6,12,9
129,2688,126.52929,43.81927,1,1,8,25,7
53,1103,126.56576,43.80933,14,1,8,2,14
165,1656,126.55254,43.90536,1,1,9,22,9
31,949,126.58778,43.85936,1,1,8,25,9
165,1656,126.54978,43.90694,1,1,8,24,9
53,1103,126.57178,43.8092,1,1,6,19,18
53,487,126.54095,43.79213,14,1,9,23,9
165,3156,126.55265,43.90997,1,1,6,19,10
53,4474,126.55865,43.8086,1,1,9,18,8
129,2925,126.51514,43.83323,1,1,8,22,9
31,435,126.5601,43.86714,14,1,9,10,9
165,1656,126.56405,43.9206,14,1,7,16,9
31,4849,126.57023,43.83887,1,1,8,8,8
129,2925,126.51447,43.81533,14,1,7,15,8
165,3156,126.55375,43.9003,14,1,7,30,9
31,949,126.59728,43.84318,0,1,5,29,7
165,1656,126.55345,43.90745,1,1,5,26,11
31,949,126.59358,43.85066,1,1,7,18,8
129,2688,126.53317,43.82544,1,1,7,30,15
53,75,126.56001,43.82512,1,1,8,4,8
53,1103,126.57122,43.83097,14,1,8,19,10
53,1103,126.57126,43.81317,1,1,9,29,14
129,2688,126.53288,43.82526,1,1,6,28,10
165,1656,126.55278,43.93605,14,1,8,11,8
129,2665,126.54893,43.8488,14,1,8,31,7
53,487,126.57584,43.77895,1,1,5,17,8
129,2688,126.53147,43.8284,14,1,10,1,7
31,4849,126.57879,43.83813,1,1,7,19,7
31,949,126.58799,43.8634,1,1,9,29,8
129,638,126.56139,43.83962,14,1,7,15,8
129,2688,126.52297,43.81509,1,1,8,7,9
129,2925,126.51555,43.81316,1,1,9,25,8
165,1656,126.56882,43.92445,4,1,10,2,10
129,161,126.55348,43.85084,14,1,6,13,11
129,2688,126.55847,43.84728,14,1,9,12,8
31,435,126.557,43.85879,1,1,6,13,8
53,4474,126.55243,43.8183,14,1,9,12,10
53,487,126.59472,43.7787,14,1,8,29,9
129,1520,126.54016,43.84776,1,1,9,5,7
31,435,126.55287,43.87218,1,1,9,20,8
31,4849,126.56987,43.85202,14,1,6,30,15
165,1656,126.5631,43.92554,14,1,8,17,8
129,161,126.56262,43.84997,14,1,6,19,16
53,75,126.56593,43.83051,7,1,6,30,14
31,949,126.58842,43.86013,1,1,9,18,8
53,75,126.57158,43.82854,1,1,6,8,7
129,2925,126.52283,43.82313,14,1,9,10,9
165,1656,126.55942,43.90978,1,1,7,30,9
53,1103,126.56675,43.83237,14,1,6,18,10
53,1103,126.58092,43.82835,1,1,8,18,10
129,1520,126.55992,43.8531,1,1,9,10,8
53,75,126.5668,43.81258,14,1,8,24,9
129,1520,126.54666,43.8488,14,1,9,22,8
165,1656,126.57387,43.9231,1,0,7,4,9
165,3156,126.55526,43.89939,1,1,7,7,10
53,1103,126.57532,43.82915,3,1,9,24,8
53,487,126.52412,43.80447,1,1,7,30,8
129,2665,126.53794,43.84782,1,1,8,8,8
165,2709,126.57529,43.89626,14,0,6,8,7
53,487,126.53477,43.80431,14,1,5,28,15
53,75,126.56577,43.82986,7,1,7,28,8
129,638,126.55069,43.83943,3,1,7,1,9
129,2688,126.52471,43.82218,14,1,9,13,8
129,2925,126.51508,43.83336,1,1,6,1,8
165,3156,126.57901,43.8952,14,1,7,26,9
129,2688,126.52163,43.82572,1,1,7,21,8
53,2452,126.54911,43.79121,1,1,6,4,9
53,75,126.55964,43.83347,1,1,9,19,8
53,75,126.5743,43.82284,1,1,9,1,9
31,4849,126.57635,43.84228,1,1,6,18,8
31,435,126.55389,43.87132,1,1,9,16,8
31,949,126.59071,43.8515,1,1,6,17,13
165,3156,126.55317,43.91267,1,0,6,7,9
53,75,126.55619,43.83306,1,1,9,25,8
129,2688,126.51647,43.82465,14,1,7,20,8
53,75,126.54553,43.8261,1,1,8,15,8
53,487,126.59472,43.7787,14,1,7,23,7
129,1520,126.55407,43.84784,14,1,9,6,7
129,2925,126.51378,43.81438,1,1,6,28,11
129,2688,126.52398,43.82438,1,1,8,24,8
31,949,126.58698,43.84025,14,1,7,3,7
129,2688,126.52046,43.81611,1,1,9,17,7
31,949,126.58846,43.85852,1,1,8,15,7
129,161,126.56065,43.8531,1,1,6,18,15
53,979,126.55864,43.8081,1,1,6,3,7
165,1656,126.54659,43.90766,1,1,5,16,11
53,75,126.5691,43.83015,14,1,6,17,10
53,1103,126.57252,43.81005,1,1,6,26,21
165,1656,126.55754,43.90888,1,0,6,1,10
53,1103,126.57009,43.8312,14,1,7,23,9
53,75,126.57177,43.82035,1,1,7,21,10
53,487,126.56079,43.78849,14,1,6,30,9
129,1520,126.56343,43.85366,14,1,10,14,8
31,4849,126.56825,43.84222,1,1,5,20,8
129,2688,126.53259,43.82758,1,1,6,8,14
53,4474,126.55847,43.80875,1,1,6,17,9
129,2688,126.52838,43.82465,1,1,7,28,8
53,1103,126.57137,43.83215,1,1,6,26,15
129,2688,126.51241,43.81844,1,1,7,2,14
129,2688,126.51553,43.82326,14,1,9,22,8
53,75,126.56835,43.82449,1,1,8,10,13
31,435,126.55802,43.86984,1,1,9,24,9
129,1520,126.54193,43.84401,1,1,9,14,8
31,435,126.5501,43.86208,14,1,9,14,7
53,4474,126.54941,43.8194,1,1,9,11,8
53,75,126.57421,43.82716,1,1,9,13,8
31,949,126.59349,43.85981,1,1,5,31,10
53,1103,126.60493,43.82793,1,1,9,24,8
31,4849,126.58377,43.84176,1,1,8,21,9
31,435,126.56251,43.8614,1,1,8,2,8
31,4849,126.58492,43.84176,1,1,8,1,7
165,3156,126.55108,43.90219,14,0,6,28,8
31,949,126.59063,43.84795,1,1,6,11,9
31,435,126.55093,43.87336,1,1,7,18,8
129,2688,126.53226,43.82255,1,1,8,21,8
53,1103,126.59831,43.83109,1,1,6,10,9
31,435,126.56409,43.86217,1,1,5,31,10
165,1656,126.57369,43.9228,1,1,9,11,9
53,4474,126.54974,43.81538,1,1,7,31,8
165,1656,126.54356,43.91439,1,1,9,2,9
129,2925,126.51408,43.81341,1,1,7,30,9
31,4849,126.58386,43.84283,1,1,7,2,8
129,2688,126.52692,43.81605,1,1,7,25,8
53,75,126.55759,43.83283,1,1,6,19,9
31,435,126.54955,43.87295,1,0,9,29,7
129,2925,126.50119,43.81,14,1,8,10,8
129,2688,126.52055,43.81627,1,1,8,30,7
129,638,126.56109,43.84071,1,1,7,4,10
31,4849,126.57446,43.84446,7,1,9,30,8
31,435,126.55112,43.87446,1,1,10,1,7
129,2688,126.53025,43.82485,1,1,9,29,8
129,1520,126.54435,43.85029,1,1,9,2,11
53,75,126.56795,43.82337,1,1,8,6,8
53,75,126.5704,43.82185,14,1,7,30,8
129,2688,126.52016,43.80851,1,1,8,8,8
31,4322,126.54197,43.87838,14,1,6,4,10
31,4849,126.58388,43.84558,1,1,9,1,9
31,1558,126.57348,43.87213,1,1,10,17,8
53,1103,126.59852,43.82744,14,1,7,4,10
53,487,126.56986,43.76878,14,1,7,21,8
31,435,126.55606,43.87221,1,1,8,28,9
165,1656,126.56881,43.92445,4,1,10,11,9
129,2688,126.53182,43.8239,1,1,8,9,9
31,4849,126.57464,43.84721,1,1,7,22,7
129,2665,126.53911,43.84838,1,1,8,29,8
31,435,126.55969,43.87063,1,1,9,27,8
53,1103,126.57787,43.82869,1,1,9,18,9
53,75,126.56548,43.82218,1,1,5,29,15
129,2688,126.51943,43.81719,14,1,9,19,9
53,1103,126.57726,43.82813,1,1,9,9,10
165,3156,126.55268,43.91041,1,0,7,19,9
53,487,126.57592,43.78325,14,1,7,27,8
31,435,126.54965,43.87418,1,1,9,17,8
129,2688,126.51594,43.80826,1,1,8,22,9
129,2688,126.52383,43.81993,14,1,7,31,13
31,435,126.5528,43.87218,1,1,5,25,12
31,4849,126.58408,43.83963,1,1,8,12,8
129,2688,126.52179,43.82581,1,1,8,18,8
31,435,126.55513,43.87292,1,1,9,17,8
165,1656,126.56389,43.91911,14,1,6,26,9
53,1103,126.57755,43.82731,1,1,9,12,10
129,2925,126.5226,43.82349,14,1,9,4,9
53,1103,126.57942,43.82947,1,1,8,31,8
165,1656,126.55247,43.91021,1,1,10,17,9
31,1558,126.54109,43.86819,1,1,9,2,10
31,435,126.55183,43.87022,1,1,6,18,13
31,949,126.59619,43.84495,14,1,6,8,13
53,75,126.55396,43.82453,1,1,7,31,8
53,75,126.56055,43.82023,10,1,7,20,8
31,4849,126.57199,43.83902,1,1,9,7,8
31,949,126.59586,43.8462,14,1,9,17,8
129,638,126.54667,43.837,1,1,8,3,9
31,4849,126.5722,43.84461,1,1,8,17,7
31,949,126.58687,43.84028,14,1,7,17,8
129,2688,126.52988,43.82408,1,1,6,27,10
165,3156,126.54587,43.91128,1,1,8,4,8
31,435,126.55048,43.86885,1,1,9,7,13
129,2688,126.53219,43.82196,1,1,8,11,11
129,2688,126.53125,43.82518,1,1,7,25,8
31,4322,126.54799,43.87653,1,1,5,30,16
31,1558,126.58841,43.84106,14,1,10,6,7
53,75,126.57284,43.82121,1,1,6,4,14
165,1656,126.56642,43.9264,14,1,9,8,13
53,4474,126.54478,43.81767,1,1,8,10,16
31,4849,126.57204,43.84495,1,1,7,16,9
31,4849,126.58041,43.83831,14,1,8,10,7
129,2925,126.51817,43.83233,1,1,7,22,8
129,2925,126.51599,43.81746,1,1,9,18,9
129,2925,126.52331,43.83677,1,1,7,30,9
31,4849,126.57336,43.84114,14,1,7,17,8
129,2688,126.52624,43.81558,1,1,8,30,7
53,4474,126.55862,43.8083,1,1,9,28,8
31,4322,126.5645,43.88297,14,1,5,29,15
31,4849,126.57086,43.85203,14,1,8,20,8
31,435,126.55623,43.87226,1,1,7,27,8
31,4849,126.57616,43.84818,1,1,8,24,9
165,1656,126.75338,43.95575,14,1,8,19,8
53,4474,126.55842,43.81263,14,1,9,5,9
31,435,126.56209,43.86936,1,1,7,9,8
129,2688,126.52505,43.81664,1,1,6,17,18
53,1103,126.57907,43.82658,1,1,7,2,8
53,2289,126.5758,43.79304,1,1,5,28,9
165,3156,126.54657,43.90778,1,1,5,21,10
53,1103,126.60138,43.83375,1,1,7,31,9
31,435,126.54927,43.87361,1,1,8,11,7
129,2925,126.51967,43.82587,1,1,9,14,8
31,435,126.55273,43.87224,1,1,8,8,8
53,4474,126.56027,43.81935,14,1,9,2,14
129,2925,126.51714,43.82638,1,1,6,10,9
31,435,126.56362,43.86072,1,1,6,19,8
31,435,126.56059,43.86173,1,1,9,4,8
129,2688,126.51531,43.8092,1,1,8,21,8
31,4849,126.58295,43.84067,1,1,8,19,8
53,1103,126.59569,43.83214,1,1,8,4,9
31,949,126.59452,43.84505,14,1,5,26,12
53,1103,126.56741,43.8326,14,1,8,1,9
129,2688,126.53244,43.82498,1,1,9,27,9
53,4474,126.54259,43.81725,1,1,9,12,10
31,4849,126.57135,43.85101,14,1,6,28,14
53,4474,126.54582,43.81611,1,1,8,22,8
53,1103,126.56983,43.80384,1,1,8,8,13
129,2688,126.52168,43.81915,10,1,7,25,8
53,1103,126.57571,43.83043,1,1,9,19,9
129,2688,126.52539,43.82408,1,1,8,21,8
31,4849,126.57864,43.84494,14,1,8,10,7
53,75,126.56814,43.81286,1,1,7,8,8
31,2208,126.54345,43.87473,1,1,6,5,13
53,1103,126.57841,43.82959,1,1,7,23,9
53,1103,126.57134,43.80977,1,1,9,9,16
129,638,126.54403,43.8432,1,1,7,27,10
31,4849,126.56861,43.84415,14,1,5,29,8
165,1656,126.57048,43.91804,1,1,7,24,8
53,75,126.56906,43.82008,1,1,9,13,8
53,75,126.57028,43.822,14,1,8,19,9
129,1520,126.56373,43.85649,14,1,10,6,8
129,2688,126.53132,43.81894,1,1,8,20,8
53,75,126.56532,43.82243,1,1,6,29,13
129,2925,126.51613,43.81642,1,1,6,29,8
31,4849,126.56983,43.83895,1,1,9,22,8
53,1103,126.59116,43.82988,1,1,9,6,10
129,2925,126.49031,43.81367,1,1,7,31,14
53,4474,126.55921,43.81791,4,1,8,30,8
31,4322,126.53553,43.88187,1,1,6,18,13
129,2688,126.51359,43.81817,1,1,9,23,9
53,4474,126.55818,43.79996,1,1,7,29,8
165,1656,126.57316,43.93056,1,1,7,7,10
31,949,126.58582,43.8478,1,1,9,2,7
129,638,126.55242,43.84325,7,1,7,26,9
129,1520,126.54653,43.84382,14,1,9,11,8
129,2925,126.51304,43.81404,1,1,7,3,9
53,1103,126.57082,43.80641,1,1,7,24,12
129,2688,126.51299,43.81635,14,1,8,26,10
53,75,126.56721,43.82308,1,1,6,17,7
31,4849,126.5831,43.84618,14,1,7,20,7
53,75,126.55435,43.82641,1,1,6,18,15
129,2688,126.52864,43.82068,1,1,7,26,8
31,4849,126.57578,43.84876,1,1,5,27,15
31,4849,126.56726,43.84923,7,1,7,27,8
53,75,126.55034,43.82311,1,1,7,30,8
129,2688,126.53246,43.82392,1,1,9,15,8
53,1103,126.57789,43.82956,1,1,8,25,9
53,487,126.55135,43.7868,14,1,7,30,8
129,2688,126.52713,43.82186,1,1,8,11,11
31,3073,126.54753,43.86898,1,1,5,30,13
53,4474,126.55645,43.8018,4,1,9,2,8
129,2688,126.53554,43.82926,1,1,8,13,8
31,435,126.55907,43.87047,1,1,8,24,8
31,435,126.55553,43.86241,14,1,10,2,8
129,2925,126.51741,43.81825,1,1,9,9,9
53,4474,126.55867,43.80128,1,1,9,8,9
31,1558,126.5418,43.86835,1,1,9,13,9
129,2688,126.53171,43.8253,1,1,9,10,8
53,1087,126.57517,43.82911,3,1,6,19,12
129,2688,126.52,43.81981,1,1,8,10,18
53,75,126.56505,43.81633,1,1,8,26,9
31,4849,126.57341,43.83972,1,1,6,28,8
129,1520,126.54667,43.84771,4,1,10,2,8
53,1103,126.60262,43.83308,14,1,6,4,10
53,1103,126.561,43.80838,0,1,9,13,14
129,2688,126.50393,43.80355,1,1,7,13,8
53,1103,126.57506,43.82776,1,1,7,9,9
53,4474,126.55204,43.8041,1,1,7,29,8
31,4849,126.57369,43.85349,1,1,9,18,8
31,4849,126.57818,43.8431,1,1,9,20,8
31,949,126.5916,43.84182,1,1,7,19,7
165,1656,126.56324,43.92288,4,1,7,21,8
129,2688,126.52164,43.82578,1,1,7,28,8
53,1103,126.57675,43.8275,1,1,8,20,9
165,1656,126.54832,43.90866,1,1,6,28,8
129,2925,126.52468,43.83728,1,1,6,15,9
31,4849,126.56923,43.84708,14,1,9,1,9
53,487,126.59377,43.77896,14,1,8,14,8
129,2925,126.51616,43.81946,14,1,9,5,8
129,2688,126.5184,43.82556,1,1,6,28,16
129,1520,126.55833,43.8473,14,1,9,27,9
53,487,126.53691,43.80506,14,1,6,19,14
129,2925,126.51712,43.83094,1,1,7,31,13
31,949,126.59565,43.85355,1,1,8,30,8
165,1656,126.54687,43.90832,1,1,9,13,9
31,4849,126.57298,43.85007,14,1,8,16,7
129,2688,126.53237,43.82537,1,1,6,12,16
129,2925,126.51449,43.81209,1,1,7,6,8
129,2925,126.51426,43.81546,14,1,8,31,7
129,1520,126.55027,43.85305,14,1,9,11,8
53,487,126.5539,43.78756,14,1,6,10,8
31,435,126.55281,43.87216,1,1,8,22,7
53,75,126.55751,43.833,1,1,8,13,9
53,1103,126.60345,43.82949,1,1,6,15,10
53,75,126.57063,43.82989,1,1,6,11,8
31,4849,126.56689,43.84408,14,1,9,14,8
53,75,126.56856,43.82757,1,1,7,19,8
129,2688,126.52901,43.82789,1,1,7,31,13
53,487,126.58503,43.78226,1,1,8,19,9
31,4609,126.56203,43.86668,1,1,6,17,12
53,75,126.57722,43.8188,14,1,7,24,8
53,75,126.54725,43.82338,14,1,9,9,8
165,2709,126.5659,43.90747,14,1,9,13,8
31,4849,126.56894,43.84158,14,1,8,15,8
129,2925,126.5148,43.81386,1,1,9,20,9
165,2709,126.57522,43.89613,14,0,5,25,9
129,2925,126.51722,43.83193,1,1,8,13,8
165,290,126.54645,43.91195,1,1,9,30,8
165,1656,126.54822,43.90052,1,1,10,10,8
129,2925,126.50603,43.81708,1,1,8,12,9
165,3156,126.54609,43.91038,1,1,8,1,9
53,75,126.56788,43.82311,1,1,9,12,9
129,161,126.56002,43.84981,14,1,6,19,16
129,2925,126.50103,43.80992,14,1,8,6,9
31,949,126.59064,43.85259,1,1,9,25,7
53,75,126.56674,43.81264,14,1,5,31,18
165,3156,126.55094,43.90249,14,1,8,3,9
31,949,126.59296,43.85285,14,1,8,25,9
165,3156,126.5563,43.91504,1,1,7,24,9
31,435,126.55657,43.86046,1,1,7,29,11
129,1520,126.55867,43.84574,7,1,9,15,8
165,3156,126.55521,43.91555,14,0,6,1,10
129,2665,126.55495,43.85428,1,1,8,28,7
53,75,126.57232,43.81978,1,1,9,25,8
31,949,126.58758,43.83969,14,1,9,3,8
31,949,126.5957,43.85359,1,1,9,26,7
31,949,126.58745,43.84,14,1,7,5,8
129,2925,126.51765,43.82687,1,1,6,1,9
31,4849,126.57573,43.84363,1,1,8,1,7
129,1520,126.54271,43.84418,1,1,9,6,7
129,2688,126.51363,43.81743,1,1,6,25,10
31,4849,126.57168,43.84501,1,1,6,12,15
129,2688,126.53252,43.8247,1,1,8,30,7
165,3156,126.55301,43.90126,14,0,5,30,10
31,3073,126.54992,43.86604,1,1,5,30,14
31,4849,126.57208,43.83908,1,1,9,29,8
31,949,126.59078,43.85142,1,1,8,26,10
31,4849,126.5848,43.83772,14,1,9,20,8
129,1520,126.54441,43.84408,1,1,9,20,9
53,487,126.52205,43.80252,1,1,9,25,8
53,75,126.56841,43.82427,1,1,7,24,8
129,2688,126.5209,43.82077,1,1,9,15,15
129,2688,126.51894,43.8176,14,1,6,1,18
31,4849,126.56743,43.84346,14,1,5,19,9
165,1656,126.54824,43.90698,1,1,8,27,8
31,4849,126.58119,43.84441,1,1,5,24,9
31,949,126.59347,43.85985,1,1,8,18,7
31,435,126.56157,43.85794,14,1,8,14,8
31,4849,126.56731,43.84676,7,1,5,29,14
31,435,126.5593,43.86681,14,1,5,25,9
31,949,126.58852,43.84205,14,1,9,2,7
31,4849,126.56833,43.85149,14,1,9,6,8
165,290,126.54874,43.90768,1,1,9,30,8
31,435,126.55936,43.86999,1,1,6,13,8
31,4849,126.57526,43.84976,1,1,5,18,15
53,4474,126.54758,43.81316,1,1,7,9,7
165,1656,126.56666,43.92798,14,1,6,26,9
53,1103,126.56536,43.83193,0,1,7,25,9
129,2925,126.51335,43.83244,1,1,6,29,8
53,967,126.67642,43.72909,14,0,6,19,4
129,638,126.54795,43.84013,14,1,6,12,9
31,4849,126.57434,43.8396,1,1,8,30,8
165,1656,126.55001,43.91483,14,1,6,19,14
129,1520,126.55248,43.85187,14,1,9,25,8
53,1103,126.57045,43.80772,1,1,7,5,13
53,75,126.56667,43.83002,1,1,7,8,8
129,638,126.55243,43.83903,14,1,7,14,9
31,435,126.55276,43.87219,1,1,8,5,8
53,75,126.56192,43.81536,14,1,7,16,8
53,75,126.55015,43.82204,1,1,6,19,15
129,2925,126.51506,43.81452,1,1,6,11,9
31,4849,126.58129,43.83901,14,1,9,25,8
53,487,126.59303,43.77818,14,1,5,29,8
31,2208,126.54197,43.86985,1,1,5,24,11
165,1656,126.57517,43.9176,1,1,8,30,14
129,2665,126.53809,43.84925,1,1,8,14,9
129,2925,126.52218,43.83671,1,1,8,20,9
53,75,126.55709,43.82298,10,1,7,8,8
129,2665,126.54398,43.84735,4,1,8,14,9
53,1103,126.56827,43.81034,1,1,8,25,14
129,2925,126.51674,43.82589,1,1,9,9,9
129,2925,126.51322,43.81463,1,1,8,15,8
129,638,126.55169,43.84025,1,1,7,14,9
129,2925,126.51471,43.81046,14,1,8,20,8
53,1103,126.57124,43.80985,1,1,7,27,13
165,2709,126.58645,43.89422,1,0,6,9,7
129,2925,126.52076,43.82694,1,1,6,8,9
129,2925,126.51601,43.83323,1,1,9,5,7
53,1103,126.6034,43.82957,1,1,8,2,10
31,435,126.55274,43.87225,1,1,9,16,8
129,2688,126.53278,43.82639,1,1,8,8,8
53,75,126.57195,43.82055,1,1,7,29,8
53,4474,126.54817,43.81213,14,1,8,22,8
31,435,126.55047,43.86117,1,1,8,18,7
53,4474,126.54969,43.81535,1,1,10,2,8
31,4849,126.5811,43.8388,14,1,6,17,13
31,435,126.55928,43.85839,14,1,6,1,7
31,949,126.5911,43.84981,1,1,9,8,8
129,638,126.54093,43.84664,1,1,7,7,9
53,1103,126.57097,43.83142,1,1,9,25,9
129,2688,126.52758,43.82557,1,1,9,24,8
165,3156,126.54558,43.91109,1,1,8,19,9
31,4849,126.57457,43.83886,1,1,6,17,16
53,487,126.55485,43.81633,14,1,6,4,15
31,4849,126.57595,43.84622,1,1,8,15,13
53,1103,126.57765,43.82904,1,1,7,27,9
129,638,126.54629,43.8374,1,1,6,1,9
53,4474,126.54753,43.81309,1,1,7,5,8
129,1520,126.55524,43.846,14,1,9,24,8
129,2688,126.5212,43.8133,1,1,8,15,8
129,1520,126.53711,43.84571,1,1,9,2,7
31,4849,126.56732,43.84689,7,1,9,8,15
53,75,126.55161,43.8258,1,1,7,12,8
31,4849,126.57704,43.83976,14,1,5,21,9
31,435,126.5689,43.87091,1,1,8,27,8
31,4849,126.57683,43.85058,1,1,8,23,9
53,75,126.55423,43.82456,1,1,8,4,8
129,638,126.55449,43.83962,1,1,7,18,9
53,75,126.56835,43.82466,1,1,5,29,8
129,2688,126.53081,43.8248,1,1,6,27,10
129,2688,126.51262,43.81892,14,1,9,4,10
53,75,126.54263,43.82336,1,1,7,19,8
53,4474,126.54815,43.81608,1,1,7,9,7
129,2665,126.56313,43.85561,14,1,8,11,8
53,4474,126.54529,43.81835,1,1,7,2,15
53,4474,126.54258,43.8192,1,1,7,4,9
53,1103,126.56972,43.80302,14,1,9,9,16
53,75,126.56933,43.82491,14,1,6,9,9
165,1656,126.54836,43.91495,1,1,9,3,9
129,2688,126.52863,43.82658,1,1,9,11,16
31,4849,126.56877,43.84368,14,1,6,11,9
53,1103,126.57161,43.81255,1,1,7,17,14
31,435,126.55061,43.86015,1,1,6,14,7
165,1656,126.55504,43.89921,1,1,7,19,8
53,4474,126.55173,43.81647,14,1,9,14,9
31,4609,126.56182,43.86106,1,1,6,18,12
31,435,126.55814,43.87002,1,1,9,10,8
129,1520,126.54204,43.84019,4,1,9,20,9
129,87,126.56451,43.84489,14,1,10,14,8
31,949,126.59217,43.86285,1,1,7,28,7
165,1656,126.54974,43.90828,1,0,6,18,9
31,949,126.58855,43.85486,14,1,5,24,15
31,4849,126.57899,43.837,14,1,9,24,9
53,1103,126.57296,43.81006,1,1,8,12,15
129,2925,126.51575,43.83269,1,1,7,8,8
129,2688,126.53217,43.82195,1,1,9,4,9
31,4849,126.56793,43.84125,14,1,6,19,15
31,949,126.59455,43.85493,14,1,9,11,8
31,949,126.59109,43.84184,1,1,8,11,8
31,435,126.57201,43.87024,1,1,6,6,19
129,2925,126.51417,43.83322,1,1,6,14,9
53,75,126.56996,43.82795,1,1,10,1,8
53,4474,126.55467,43.81268,1,1,9,27,8
165,1656,126.56831,43.92696,14,1,6,11,8
53,75,126.55317,43.8305,1,1,8,24,8
53,1103,126.56747,43.83162,14,1,8,22,10
129,2688,126.52903,43.82641,1,1,9,17,7
53,4474,126.55419,43.81767,14,1,7,30,8
31,4849,126.57732,43.83789,14,1,7,16,9
53,1103,126.60501,43.82893,1,1,9,20,8
31,2208,126.54308,43.87549,1,1,6,18,14
53,75,126.57065,43.82607,1,1,8,8,10
129,2925,126.52005,43.82287,14,1,9,21,8
129,2665,126.55449,43.8505,1,1,8,13,9
129,2688,126.52829,43.8263,1,1,7,2,14
31,2208,126.53789,43.87116,1,1,5,29,14
129,2925,126.5169,43.82658,14,1,8,30,7
53,1103,126.56522,43.83193,0,1,7,30,8
165,1656,126.51666,43.94251,14,0,7,4,9
31,4849,126.57907,43.8446,1,1,9,30,8
53,4474,126.56074,43.81508,14,1,7,2,17
31,949,126.58843,43.85763,1,1,5,29,14
31,4849,126.58519,43.84077,14,1,10,1,8
53,1103,126.57814,43.82899,1,1,8,21,10
53,4474,126.54267,43.81902,1,1,10,2,8
129,2688,126.52802,43.82703,1,1,9,1,7
165,3156,126.54631,43.91627,1,1,7,15,9
53,1103,126.57076,43.8065,1,1,7,12,12
53,75,126.56609,43.81726,1,1,5,13,18
129,638,126.55298,43.83892,1,1,7,26,9
129,2665,126.56242,43.8568,1,1,8,23,9
31,949,126.59057,43.84002,1,1,8,15,7
53,1103,126.57494,43.83064,1,1,7,10,9
31,4849,126.57353,43.83985,1,1,8,10,13
31,4322,126.54717,43.88528,1,1,6,6,15
129,2925,126.51698,43.8265,14,1,7,24,8
53,4474,126.5485,43.81599,1,1,9,19,9
53,1756,126.5884,43.82332,14,1,6,17,10
31,949,126.59558,43.85307,1,1,9,30,8
129,2688,126.53246,43.82484,1,1,9,19,8
53,487,126.58501,43.78222,1,1,8,20,8
53,4474,126.55186,43.81732,14,1,8,23,8
53,487,126.52932,43.80495,14,1,8,15,8
129,1520,126.56606,43.85715,1,1,10,4,8
129,2925,126.52174,43.82292,14,1,8,12,8
129,2925,126.51702,43.83145,1,1,9,21,8
53,487,126.56475,43.8016,4,1,6,17,14
129,87,126.54036,43.8412,14,1,10,6,8
53,4474,126.5448,43.8171,1,1,7,15,9
53,1103,126.57622,43.82747,1,1,8,16,10
129,3853,126.47453,43.94443,1,1,6,10,14
53,487,126.54554,43.79249,14,1,9,4,8
31,4849,126.58319,43.83884,14,1,6,11,9
31,949,126.59102,43.8505,1,1,9,12,8
53,75,126.56307,43.8259,14,1,7,5,8
129,2688,126.51724,43.82495,14,1,9,5,8
129,1520,126.54214,43.84826,1,1,9,9,9
165,1656,126.54937,43.90745,1,1,9,16,9
31,949,126.59239,43.86259,1,1,7,9,8
129,1520,126.54708,43.84794,14,1,9,1,7
129,161,126.56383,43.85453,14,1,6,13,10
165,3156,126.55395,43.90005,14,1,6,26,9
165,1656,126.55006,43.90447,1,1,6,19,13
53,487,126.59594,43.77909,14,1,8,13,9
53,1103,126.59974,43.83446,1,1,8,5,9
53,75,126.56725,43.81351,14,1,7,19,8
31,435,126.55095,43.87339,1,1,6,12,13
31,4849,126.57646,43.84227,1,1,8,21,9
53,75,126.55978,43.82501,1,1,8,22,8
165,2709,126.56846,43.903,14,1,7,13,8
31,4849,126.58486,43.84179,1,1,9,7,8
129,2688,126.51681,43.81074,1,1,6,28,16
53,4474,126.55642,43.81306,1,1,8,10,16
31,4849,126.56745,43.83992,12,1,7,27,15
129,2925,126.51574,43.81512,1,1,9,1,7
31,435,126.56202,43.8712,1,1,6,17,7
53,75,126.57725,43.8208,14,1,7,19,8
53,4474,126.54417,43.8183,1,1,9,23,9
53,75,126.57476,43.8194,1,1,8,11,9
31,4849,126.56952,43.84601,14,1,7,24,7
165,3156,126.54102,43.91855,14,0,5,23,9
53,1103,126.60059,43.83292,14,1,8,12,9
165,1656,126.559,43.92093,14,0,6,2,14
53,75,126.548,43.82814,1,1,8,29,9
165,1656,126.55872,43.91045,1,1,10,1,9
129,2665,126.54051,43.84273,1,1,8,8,8
31,949,126.59435,43.84407,14,1,5,29,7
129,1520,126.5481,43.84658,1,1,9,21,7
31,949,126.58505,43.84412,14,1,9,20,8
129,638,126.55809,43.83983,1,1,7,7,9
53,487,126.56068,43.78708,14,1,6,7,14
53,75,126.55141,43.8224,14,1,8,15,8
53,2615,126.55749,43.80074,1,1,6,13,9
129,2688,126.52066,43.8195,1,1,8,9,15
31,4849,126.5753,43.83942,1,1,6,9,9
53,1756,126.58471,43.82339,1,1,5,31,9
31,435,126.55287,43.87218,1,1,8,29,14
31,1558,126.54078,43.86708,1,0,9,6,12
31,4322,126.54505,43.87779,1,1,6,18,8
129,2688,126.509,43.81128,1,1,8,8,15
53,1103,126.59564,43.83224,1,1,8,8,10
165,1656,126.55859,43.92114,14,1,8,4,8
53,1103,126.57626,43.82852,1,1,8,10,9
53,75,126.56383,43.81569,1,1,8,21,9
53,487,126.54234,43.79145,14,1,8,13,9
53,75,126.56549,43.82256,1,1,7,9,7
31,4849,126.56626,43.84133,14,1,9,5,8
53,75,126.57472,43.81898,14,1,8,28,9
129,638,126.54467,43.83747,1,1,6,1,9
53,4474,126.55848,43.79959,1,1,9,20,8
53,75,126.57499,43.82393,1,1,9,28,8
129,2688,126.52691,43.81592,1,1,8,12,14
53,1103,126.56205,43.80842,14,1,9,15,14
31,949,126.59194,43.84537,1,1,6,9,9
31,4849,126.56807,43.84603,7,1,9,27,8
53,75,126.5722,43.82098,1,1,8,18,8
31,435,126.5514,43.87129,1,1,6,27,15
31,949,126.59234,43.84457,1,1,9,1,9
53,75,126.57115,43.82636,1,1,9,9,10
31,949,126.58728,43.84737,1,1,7,2,8
53,1103,126.57085,43.83092,14,1,8,18,10
53,75,126.57595,43.8239,1,1,7,29,8
165,3156,126.55092,43.90469,1,1,7,7,10
129,2688,126.53241,43.82388,1,1,9,11,8
129,638,126.56092,43.84023,1,1,6,11,13
31,435,126.56285,43.86709,1,1,5,20,17
31,949,126.59033,43.85264,1,1,8,13,7
53,75,126.55249,43.82385,1,1,8,17,8
129,638,126.5568,43.84233,1,1,7,6,9
53,75,126.56722,43.81527,1,1,9,22,9
165,1656,126.54944,43.9104,14,1,9,19,8
31,4849,126.57267,43.84188,1,1,6,19,15
31,949,126.58781,43.84892,1,1,7,19,7
31,4849,126.58512,43.83958,1,1,9,27,8
31,4849,126.57972,43.84465,1,1,7,1,7
31,4849,126.57373,43.8471,14,1,8,7,11
129,2945,126.51791,43.82654,1,1,10,1,8
31,435,126.55277,43.87218,1,1,6,18,13
53,75,126.57023,43.83075,1,1,7,6,8
129,2925,126.51704,43.83149,1,1,9,20,9
53,75,126.56454,43.82831,0,1,6,13,8
53,75,126.5538,43.83044,1,1,7,14,9
53,1103,126.57307,43.8124,1,1,8,26,15
31,4849,126.58548,43.84443,14,1,6,12,9
165,1656,126.55162,43.90834,14,1,8,29,9
31,435,126.55159,43.87046,1,0,6,6,13
31,435,126.5596,43.86714,14,1,7,28,7
165,1656,126.57359,43.92289,1,1,9,8,13
165,3156,126.55088,43.90234,14,0,5,19,9
31,949,126.5908,43.849,1,1,7,13,8
31,4114,126.54053,43.86848,1,1,6,18,12
31,435,126.56494,43.86479,14,0,9,29,7
129,2688,126.5327,43.82421,1,1,7,26,8
129,2925,126.52218,43.83668,1,1,7,6,8
31,4849,126.57987,43.84438,1,1,9,7,8
53,4474,126.54538,43.817,1,1,8,9,9
129,161,126.56392,43.85499,14,1,6,17,12
129,2688,126.51944,43.81721,14,1,7,11,8
129,2665,126.56124,43.85221,14,1,8,27,7
129,2688,126.50406,43.80132,1,1,9,6,14
31,4849,126.56754,43.84408,14,1,6,28,14
53,487,126.53438,43.80503,1,1,8,2,8
129,638,126.54489,43.8372,1,1,7,16,8
53,1103,126.58003,43.82839,1,1,8,23,10
129,2925,126.51935,43.82822,1,1,9,6,8
53,1103,126.57121,43.81223,1,1,9,30,13
165,1656,126.56154,43.9283,14,0,6,8,8
165,3156,126.55496,43.91438,14,1,8,16,10
165,1656,126.58036,43.91402,14,1,9,18,9
31,4849,126.56896,43.84008,13,1,9,21,9
31,435,126.5556,43.86247,14,1,6,12,8
31,1558,126.57438,43.86305,1,1,10,14,7
53,75,126.54839,43.82792,1,1,7,28,8
31,949,126.58647,43.85893,14,1,9,27,8
165,3156,126.55482,43.89968,1,1,8,15,9
31,949,126.5933,43.8547,14,1,5,30,8
53,487,126.52329,43.79864,1,1,8,11,9
53,1103,126.59566,43.83215,1,1,9,11,9
129,2688,126.53179,43.82162,1,1,7,21,8
31,949,126.59304,43.84272,14,1,6,1,8
165,1656,126.56306,43.92181,1,1,7,3,8
129,2925,126.51478,43.83327,1,1,7,28,8
129,2665,126.54226,43.8479,1,1,8,23,9
31,4849,126.572,43.83895,1,1,9,18,8
53,1103,126.56692,43.8072,1,1,7,4,14
165,1656,126.57236,43.92007,14,1,9,20,8
31,1558,126.58367,43.84665,0,1,10,5,8
53,1103,126.57251,43.82998,3,1,7,14,9
31,949,126.59218,43.84347,1,1,5,29,14
53,4474,126.55329,43.81903,14,1,7,22,8
165,3156,126.54587,43.91409,1,1,6,26,9
31,949,126.58981,43.86167,1,1,8,31,9
31,949,126.59247,43.85618,14,1,7,18,8
53,4474,126.55243,43.81703,1,1,8,15,8
53,75,126.55742,43.83304,1,1,9,6,8
165,1656,126.5748,43.91927,14,1,7,28,8
129,161,126.5624,43.85003,1,1,6,19,16
53,1103,126.56711,43.83255,14,1,8,20,9
129,2925,126.51926,43.82373,14,1,8,24,7
165,1656,126.5673,43.94199,14,1,8,29,9
129,2665,126.54556,43.84794,1,1,8,21,8
31,4849,126.56867,43.84247,1,1,5,20,8
129,2688,126.51563,43.80669,1,1,8,29,8
129,1520,126.56481,43.85596,14,1,9,1,7
129,2925,126.49939,43.81876,14,1,7,23,8
31,2208,126.5391,43.87029,1,1,5,29,14
31,4849,126.58213,43.83665,14,1,10,2,9
53,1103,126.57812,43.82816,1,1,8,14,9
31,4849,126.56876,43.84458,10,1,9,20,8
165,290,126.55498,43.91439,14,1,9,21,9
165,3867,126.63938,43.89214,11,1,7,27,8
31,435,126.54985,43.86903,1,1,9,4,13
129,1520,126.54268,43.84996,1,1,9,26,8
53,1177,126.59152,43.78932,14,1,6,8,7
129,2665,126.56201,43.84593,14,1,8,26,7
53,1103,126.57169,43.81087,1,1,7,5,14
31,949,126.5868,43.84038,14,1,8,25,9
31,4849,126.57862,43.83765,1,1,5,29,14
165,1656,126.519,43.94316,14,0,6,8,9
31,4849,126.57189,43.84228,1,1,5,30,15
129,87,126.55422,43.84125,1,1,10,13,8
53,75,126.57017,43.82427,1,1,9,13,8
165,1656,126.56424,43.92794,14,1,8,4,8
129,2688,126.53527,43.82931,1,1,9,20,9
53,75,126.5645,43.82878,0,1,9,12,9
129,2688,126.53149,43.82848,14,1,6,28,10
31,4609,126.58102,43.84749,1,1,6,19,9
129,3853,126.46984,43.94754,3,1,6,7,12
129,3458,126.52873,43.82904,14,1,5,30,17
53,75,126.57412,43.82751,1,1,7,8,8
31,435,126.55193,43.85701,14,1,8,29,8
53,4474,126.54255,43.81726,1,1,8,28,8
53,75,126.56246,43.81457,14,1,8,24,17
31,4849,126.57403,43.85306,1,1,9,1,9
53,1103,126.57297,43.80804,1,1,9,7,14
129,2925,126.51214,43.83282,1,1,6,3,9
31,1558,126.56883,43.85911,14,1,10,5,7
129,638,126.55791,43.84062,1,1,7,30,10
53,75,126.56834,43.81237,1,1,8,11,9
31,949,126.58822,43.85877,1,0,8,30,8
53,1103,126.57257,43.81282,1,1,6,4,18
31,4849,126.57299,43.8445,7,1,5,17,13
31,949,126.5958,43.8418,1,1,9,13,7
31,4849,126.57449,43.8385,14,1,7,26,7
129,2688,126.53291,43.82754,1,1,6,17,10
53,1103,126.57068,43.80416,1,1,9,13,14
31,1558,126.58395,43.84345,1,1,10,6,7
53,487,126.55385,43.78759,14,1,8,13,9
53,1103,126.57231,43.81315,1,1,7,2,11
31,4849,126.58328,43.84101,1,1,7,10,7
129,2925,126.51325,43.83203,14,1,7,2,9
129,638,126.54668,43.83693,1,1,7,29,9
53,75,126.56752,43.82844,1,1,6,1,8
53,487,126.5274,43.80449,14,1,8,15,8
31,435,126.55017,43.87439,1,1,7,8,8
165,290,126.62545,43.89271,3,1,9,15,10
31,435,126.54984,43.8609,1,1,8,27,9
129,1520,126.54896,43.84889,14,1,10,2,8
129,2688,126.51812,43.81627,1,1,7,28,8
31,435,126.55652,43.85955,1,1,8,13,7
31,4849,126.57875,43.84349,1,1,7,27,8
129,2688,126.52778,43.82108,1,1,9,12,8
165,3156,126.54837,43.90069,1,0,7,19,9
53,1103,126.57365,43.8312,1,1,8,2,10
165,1656,126.56564,43.92195,14,1,7,6,9
53,75,126.5564,43.82474,10,1,8,3,8
31,4849,126.57708,43.84999,1,1,7,14,10
31,2208,126.54308,43.87545,1,1,6,17,11
31,949,126.59728,43.84743,0,1,7,19,7
129,2925,126.51309,43.81402,1,1,6,29,8
129,2925,126.51628,43.81638,1,1,6,17,11
31,3073,126.54751,43.86908,1,1,5,29,9
53,75,126.57229,43.82682,1,1,5,29,15
129,2925,126.50829,43.82116,1,1,8,11,10
129,2925,126.51917,43.82715,1,1,8,12,8
31,4609,126.56189,43.86751,1,1,6,17,8
53,75,126.57748,43.82558,1,1,8,30,8
165,1656,126.55135,43.91051,14,1,8,8,9
31,4849,126.56727,43.84692,7,1,8,23,9
129,2925,126.51861,43.8212,1,1,8,9,9
31,949,126.59181,43.86207,1,1,8,23,7
129,2688,126.53458,43.82738,1,1,8,24,7
165,1656,126.57182,43.91765,1,1,6,28,8
31,4849,126.56792,43.84575,7,1,6,4,16
129,2925,126.51921,43.82746,1,1,5,29,9
31,949,126.58992,43.83933,1,1,9,27,8
165,1656,126.57366,43.92279,1,1,9,15,9
53,75,126.5532,43.82281,1,1,5,17,8
53,75,126.57053,43.82474,1,1,9,3,8
31,4849,126.5672,43.84699,7,1,8,7,11
129,638,126.55102,43.84,1,1,7,30,10
165,1656,126.54427,43.91408,1,1,9,7,9
129,2665,126.56303,43.8574,14,1,8,5,9
53,487,126.53324,43.80616,1,1,6,8,8
31,435,126.55273,43.87214,1,0,9,5,12
31,4849,126.57352,43.83883,1,1,9,30,8
31,435,126.55281,43.87227,1,1,6,18,13
53,75,126.56067,43.82038,10,1,8,24,8
31,4849,126.57359,43.83976,1,1,7,31,12
129,2925,126.51924,43.8271,1,1,6,26,9
53,1103,126.56977,43.83215,1,1,8,6,9
129,2688,126.52779,43.82181,1,1,7,8,8
165,1656,126.559,43.92107,14,1,5,28,9
53,75,126.56277,43.8305,13,1,8,16,8
53,1103,126.57449,43.831,1,1,9,15,10
31,4849,126.57823,43.84311,1,1,8,9,8
53,75,126.5766,43.82587,1,1,7,1,8
31,4849,126.57288,43.83905,1,1,8,22,9
129,2688,126.53302,43.82555,1,1,8,12,14
31,949,126.59387,43.84015,1,1,6,3,16
53,75,126.55173,43.82604,1,1,8,3,8
129,2688,126.51655,43.809,1,1,6,1,13
129,638,126.5462,43.83741,1,1,6,4,11
31,949,126.58797,43.8629,1,1,7,29,8
53,4474,126.54298,43.82145,1,1,7,23,8
165,1656,126.54871,43.91671,14,1,5,18,11
31,4849,126.56717,43.84924,7,1,9,14,8
31,4849,126.57119,43.84464,1,1,9,2,8
129,2688,126.51252,43.81846,1,1,8,21,9
53,75,126.57161,43.82128,1,1,7,17,8
53,75,126.56851,43.81763,1,1,7,8,8
31,4609,126.55189,43.8571,14,1,6,18,12
53,487,126.53608,43.80678,1,1,6,19,14
31,4849,126.57795,43.83963,14,1,9,2,8
53,1103,126.56948,43.80595,1,1,7,8,12
165,2709,126.58625,43.89529,1,1,8,29,8
53,75,126.5681,43.81258,1,1,8,17,8
165,3156,126.54941,43.90797,1,1,6,19,10
165,2709,126.56205,43.89932,1,1,9,9,8
53,75,126.55607,43.82422,10,1,7,16,8
31,949,126.59199,43.84527,1,1,6,29,14
53,1103,126.57272,43.80853,1,1,9,23,12
165,1656,126.57043,43.90076,1,1,5,28,15
53,1103,126.57197,43.83158,1,1,9,20,8
31,4849,126.57308,43.84466,7,1,7,8,8
53,75,126.56788,43.82312,1,1,8,7,9
31,4849,126.58362,43.84573,0,1,9,22,8
31,949,126.59056,43.8408,1,1,8,19,8
129,2925,126.52325,43.83666,1,1,6,13,10
31,4849,126.57532,43.84021,14,1,8,6,8
165,3156,126.55892,43.91405,14,1,7,6,9
53,487,126.54818,43.79284,14,1,7,25,8
53,4474,126.54646,43.81618,1,1,7,17,8
165,1656,126.56394,43.92325,14,1,8,8,9
165,3156,126.55376,43.91217,1,1,8,12,9
31,435,126.55183,43.87022,1,1,6,11,14
129,1520,126.56177,43.85615,1,1,9,24,8
31,3073,126.54928,43.86953,1,1,5,30,13
129,2925,126.51692,43.8141,1,1,6,13,9
31,949,126.58982,43.86323,1,1,9,7,14
53,75,126.5664,43.81469,1,1,7,20,8
129,2665,126.54873,43.84858,14,1,8,14,9
31,4849,126.57131,43.84119,1,1,9,24,9
165,1656,126.5525,43.90874,1,0,6,4,14
53,4474,126.55387,43.81653,14,1,9,25,8
53,75,126.55272,43.82789,1,1,7,16,8
53,1103,126.57019,43.81316,1,1,9,9,16
53,4474,126.54808,43.82062,1,1,8,20,8
53,4474,126.55699,43.80811,1,1,8,2,8
31,949,126.58943,43.86213,1,1,6,12,8
129,2925,126.51935,43.82348,14,1,8,6,8
31,1558,126.59573,43.84189,1,1,10,17,8
31,4849,126.5732,43.86434,1,1,6,7,8
165,1656,126.56844,43.927,14,1,8,9,9
53,1103,126.56768,43.80673,1,1,6,15,14
129,1520,126.53938,43.84808,1,1,9,17,7
31,4849,126.57553,43.84187,1,1,8,28,8
129,2688,126.5177,43.81541,14,1,9,2,11
53,487,126.55232,43.78783,14,1,8,19,9
53,1103,126.56646,43.83054,1,1,8,28,9
31,4849,126.57052,43.85299,14,1,7,4,8
53,1103,126.57086,43.80647,1,1,6,11,16
31,435,126.55338,43.87385,1,1,7,5,7
53,487,126.52999,43.80568,14,1,10,1,8
129,2688,126.51869,43.81901,1,1,6,13,9
53,75,126.54875,43.82712,1,1,7,7,9
53,75,126.57388,43.82027,1,1,8,18,8
31,435,126.55044,43.86115,1,1,7,15,7
53,1103,126.57074,43.80876,1,1,9,28,13
129,87,126.54517,43.83734,1,1,10,13,8
31,949,126.59155,43.83868,1,1,9,23,7
31,435,126.56106,43.86846,1,1,9,22,7
165,1656,126.56928,43.92978,1,1,7,28,8
31,949,126.58787,43.84889,1,1,9,18,8
53,75,126.56308,43.82583,14,1,6,18,9
31,435,126.56041,43.86544,7,1,7,30,8
53,1103,126.57909,43.82904,1,1,7,9,9
129,1520,126.55563,43.85287,1,1,9,19,8
129,2925,126.51476,43.83327,1,1,6,29,8
31,1558,126.55173,43.86755,1,1,10,17,15
129,2688,126.53243,43.82485,1,1,6,28,10
53,1103,126.60388,43.82909,1,1,8,25,9
53,75,126.56542,43.82217,1,1,9,5,9
53,487,126.56851,43.77869,14,1,8,18,8
53,75,126.56706,43.81246,14,1,6,1,19
53,4474,126.54489,43.82013,14,1,8,15,8
31,4849,126.5729,43.84443,7,1,8,30,8
31,435,126.55664,43.8662,1,1,8,31,9
31,949,126.59139,43.853,1,1,9,16,8
165,1656,126.60907,43.86315,14,1,10,21,9
129,2688,126.52295,43.81504,1,1,7,4,9
31,949,126.59219,43.84003,1,1,7,25,7
165,1656,126.62548,43.89288,3,1,8,16,10
53,75,126.56812,43.82981,14,1,9,1,9
129,3458,126.54895,43.85031,14,1,5,18,11
31,4849,126.57247,43.84155,1,1,8,17,7
31,435,126.57583,43.86942,1,1,6,17,16
129,638,126.55759,43.83997,1,1,6,7,10
31,435,126.55851,43.87042,1,1,8,21,7
165,3156,126.55405,43.89996,14,0,6,9,8
53,4474,126.55032,43.82026,14,1,9,29,8
31,435,126.55281,43.87217,1,1,7,27,8
129,2688,126.52536,43.81586,1,1,9,9,8
31,1558,126.59004,43.83938,1,1,10,6,7
129,2688,126.53181,43.82523,1,1,8,7,9
129,2688,126.52034,43.81007,1,1,9,23,8
165,3156,126.55377,43.91309,1,0,5,29,10
31,949,126.59748,43.8489,14,1,8,23,7
129,2925,126.52672,43.8359,14,1,9,8,7
129,2665,126.55921,43.84714,14,1,8,23,9
53,1103,126.5754,43.82946,3,1,6,30,11
165,1656,126.55635,43.91276,14,1,6,19,13
53,1103,126.57117,43.81085,1,1,6,29,14
53,4474,126.55648,43.81261,1,1,9,15,14
165,1656,126.56045,44.00284,14,1,9,13,9
31,949,126.58682,43.85836,1,1,9,2,7
53,75,126.5686,43.81273,1,1,9,21,9
53,487,126.53105,43.80433,14,1,9,15,12
129,638,126.54189,43.84422,1,1,7,10,8
31,949,126.59332,43.83972,1,1,7,4,7
53,1103,126.5693,43.81056,1,1,7,19,12
53,1103,126.56596,43.83212,14,1,9,3,10
53,487,126.52295,43.80038,1,1,6,29,8
165,3156,126.55669,43.91411,1,0,6,19,10
129,2688,126.51928,43.81548,1,1,7,3,8
129,2925,126.51686,43.82538,1,1,9,19,8
129,2688,126.53443,43.82838,1,1,7,23,8
31,4849,126.58132,43.84023,1,1,5,17,14
31,2208,126.54605,43.87397,1,1,6,18,14
31,435,126.57711,43.86862,14,1,6,17,16
31,435,126.55289,43.87127,1,1,6,28,13
53,4474,126.54582,43.81095,1,1,9,25,8
31,949,126.58685,43.84313,1,1,8,11,8
53,75,126.55114,43.83067,1,1,7,7,9
53,4474,126.54356,43.81803,1,1,7,27,8
53,2615,126.54599,43.81095,1,1,6,13,9
53,4474,126.54962,43.81542,1,1,9,30,8
129,2688,126.51823,43.80787,1,1,6,1,13
31,435,126.55684,43.87187,14,1,8,21,7
129,638,126.55434,43.84134,1,1,7,23,8
53,4474,126.54658,43.81515,1,1,9,25,8
129,2665,126.5661,43.85713,1,1,8,6,8
165,1656,126.5538,43.91316,14,1,9,7,9
31,435,126.54954,43.87415,1,1,6,13,13
31,4849,126.57706,43.84994,1,1,9,6,8
53,1103,126.57896,43.82958,1,1,9,2,9
53,4474,126.56139,43.8171,14,1,9,24,9
31,3073,126.53786,43.87112,1,1,6,6,9
31,435,126.56033,43.87183,1,1,8,17,7
53,1103,126.57084,43.80643,1,1,9,20,13
165,1656,126.5939,43.8929,14,0,6,2,14
31,4849,126.57191,43.83888,1,1,8,13,8
53,4474,126.55639,43.81989,14,1,8,23,8
53,1103,126.56819,43.81033,1,1,6,9,17
129,2688,126.5149,43.80897,1,1,9,1,7
53,75,126.57224,43.82109,1,1,7,26,8
53,75,126.56881,43.81801,1,1,7,17,8
165,3156,126.54827,43.90052,1,1,5,25,10
129,2688,126.53259,43.82463,1,1,9,9,8
31,435,126.55479,43.873,1,1,6,1,13
31,4849,126.56732,43.84601,7,1,7,27,8
31,949,126.59339,43.83978,1,1,6,6,13
31,949,126.58674,43.86296,1,1,9,2,7
53,4474,126.55876,43.80057,1,1,9,28,8
53,1103,126.56574,43.80928,14,1,5,16,11
31,949,126.58642,43.8601,1,1,6,10,8
53,1103,126.57136,43.83092,14,1,7,1,8
129,1520,126.54605,43.84609,1,1,9,10,8
53,1103,126.58812,43.82905,1,1,6,30,11
129,2688,126.51738,43.81199,1,1,9,23,8
31,949,126.5933,43.83988,1,1,6,18,15
53,487,126.54498,43.79498,10,1,8,3,8
129,2925,126.51651,43.81839,1,1,9,21,8
31,2208,126.53738,43.87454,14,1,5,27,12
165,1656,126.57249,43.9306,1,1,8,14,9
129,3458,126.53432,43.8325,1,1,6,4,17
129,1520,126.55841,43.84959,1,1,9,21,7
53,1103,126.57006,43.80986,1,1,9,19,14
165,1656,126.5616,43.92825,14,0,7,20,8
31,435,126.54878,43.87193,1,1,7,22,8
129,2688,126.51644,43.80901,1,1,9,13,8
31,949,126.58936,43.84144,1,1,6,26,14
129,2925,126.51679,43.82512,1,1,7,13,8
165,1656,126.60356,43.87135,1,1,10,2,9
53,1103,126.56675,43.80838,1,1,8,22,15
129,2925,126.49876,43.81606,1,1,8,1,9
53,75,126.56628,43.82965,1,1,7,28,8
165,1656,126.56492,43.92757,14,1,7,2,9
129,2688,126.50935,43.81176,1,1,8,16,15
165,1656,126.55369,43.93101,1,1,8,28,8
53,1103,126.56996,43.80838,1,1,8,8,13
53,4474,126.55872,43.80819,1,1,6,18,9
129,161,126.54667,43.85187,14,1,6,17,18
53,1756,126.5884,43.82339,14,1,6,17,10
31,435,126.55776,43.86596,14,1,7,31,13
129,2925,126.51693,43.81887,1,1,6,18,9
129,2688,126.52555,43.81513,1,1,6,17,18
31,4849,126.57214,43.84262,1,1,8,24,9
129,2925,126.51593,43.81409,1,1,9,16,9
165,1656,126.58499,43.89476,14,1,8,26,8
31,4849,126.57431,43.84416,7,1,5,16,9
31,152,126.56823,43.88711,14,1,6,4,12
129,2688,126.50472,43.80392,1,1,7,22,14
53,487,126.52414,43.80441,1,1,7,29,8
53,75,126.5753,43.82166,1,1,7,31,8
31,949,126.59354,43.86081,14,1,9,15,9
53,1103,126.58103,43.82863,1,1,8,1,9
129,2688,126.52496,43.82319,1,1,6,1,13
53,1103,126.5717,43.80918,1,1,8,11,15
31,435,126.54978,43.87031,1,1,9,6,8
129,638,126.54532,43.83979,14,1,6,6,14
129,2925,126.50992,43.82124,1,1,8,13,9
165,3867,126.62778,43.88324,1,1,7,27,8
31,4849,126.56991,43.85006,14,1,6,7,14
53,4474,126.55465,43.80682,1,1,9,2,8
165,1656,126.55469,43.91008,14,1,5,17,10
165,1656,126.573,43.92296,1,1,9,6,9
53,1103,126.56687,43.83236,14,1,9,24,8
53,1177,126.59437,43.80196,14,1,6,4,9
31,435,126.55965,43.87076,1,1,9,16,8
31,4849,126.58363,43.84665,0,1,9,9,8
165,3156,126.55325,43.91037,1,0,6,7,9
53,75,126.55426,43.82536,1,1,8,30,8
31,949,126.59527,43.84297,14,1,5,31,10
53,75,126.5733,43.8208,1,1,7,21,8
31,4849,126.5735,43.83979,1,1,8,11,9
53,4474,126.54739,43.8154,1,1,7,5,8
165,1656,126.54885,43.90659,1,1,8,30,8
53,1103,126.59839,43.83412,1,1,9,12,10
53,1103,126.57789,43.82868,1,1,9,5,11
53,487,126.53479,43.8052,1,1,8,17,8
129,2925,126.51577,43.81488,1,1,8,31,7
129,2665,126.5383,43.84758,1,1,8,6,8
53,75,126.56417,43.8245,12,1,5,30,9
165,3156,126.55515,43.91555,14,1,6,26,9
53,1756,126.59142,43.82373,14,1,6,7,10
129,2665,126.54284,43.85023,1,1,8,21,8
53,1103,126.57259,43.8299,3,1,8,6,9
31,435,126.53241,43.86915,14,1,9,9,8
129,638,126.55393,43.843,14,1,7,16,9
165,1656,126.54978,43.90869,14,1,6,18,14
31,435,126.55601,43.87224,1,1,9,10,8
53,487,126.53605,43.80677,1,1,8,10,14
31,4849,126.57256,43.84203,1,1,6,17,7
53,487,126.53575,43.80366,14,1,9,12,9
129,2688,126.53234,43.82485,1,1,6,12,16
53,75,126.56815,43.81243,1,1,8,28,9
31,435,126.56077,43.85914,4,1,7,4,8
31,4849,126.57553,43.84447,1,1,8,4,14
53,75,126.56525,43.83095,7,1,9,29,8
129,2925,126.52109,43.82398,14,1,7,6,8
53,487,126.52459,43.79966,1,1,9,7,8
129,2925,126.52188,43.82295,14,1,9,6,7
165,2709,126.57143,43.91206,14,1,8,16,8
129,2925,126.51623,43.81957,14,1,6,11,9
53,75,126.57748,43.81875,14,1,7,15,9
53,75,126.5712,43.81973,14,1,7,12,8
31,4849,126.57855,43.84146,1,1,9,22,8
31,4322,126.56194,43.88608,14,1,6,2,8
165,3156,126.55412,43.91186,1,1,5,21,10
165,1656,126.57354,43.92357,1,1,8,14,9
129,638,126.56519,43.84441,7,1,7,21,8
31,1558,126.56827,43.85346,14,1,10,5,8
31,435,126.55554,43.86236,14,1,8,23,8
31,949,126.58784,43.84884,1,1,8,20,8
53,75,126.54396,43.82404,14,1,9,25,8
53,3559,126.54615,43.81456,1,1,6,4,14
129,323,126.51352,43.81139,1,1,9,28,10
165,290,126.5549,43.91099,3,1,9,27,9
31,1558,126.53908,43.87024,1,1,10,11,8
165,3156,126.54914,43.91373,1,0,7,4,9
129,2688,126.5204,43.81907,1,1,8,14,15
53,4474,126.54828,43.81482,14,1,8,29,9
31,4849,126.58477,43.84414,14,1,6,29,9
129,2665,126.55687,43.85365,1,1,8,12,10
129,2925,126.52297,43.82285,14,1,6,14,9
53,487,126.53678,43.80691,1,1,8,7,9
129,1520,126.54162,43.8421,14,1,9,30,9
165,2709,126.56817,43.89504,14,0,6,1,9
53,4474,126.55906,43.81486,1,1,9,21,9
129,1520,126.56571,43.84935,7,1,10,1,7
31,435,126.55015,43.87169,1,1,8,13,7
31,435,126.55482,43.86016,14,1,8,25,9
129,1520,126.56239,43.85429,1,1,9,23,8
53,1103,126.57413,43.83059,1,1,5,28,13
31,435,126.55092,43.8614,1,1,9,30,8
53,75,126.57609,43.82155,1,1,6,15,8
31,4849,126.58222,43.84114,1,1,9,2,8
53,75,126.57045,43.82655,1,1,8,11,9
31,949,126.59108,43.84111,1,1,8,31,9
31,4849,126.58152,43.84586,14,1,9,9,8
31,4849,126.581,43.84109,1,1,9,27,8
165,1656,126.56616,43.92047,14,1,9,3,9
129,2925,126.51654,43.81455,1,1,9,14,8
31,4849,126.57479,43.84781,1,1,8,17,7
53,4474,126.55172,43.81749,14,1,9,28,9
31,4849,126.57301,43.84459,7,1,6,12,9
53,1103,126.56986,43.80379,1,1,7,31,13
31,949,126.59223,43.84011,1,1,6,26,14
31,949,126.58676,43.84463,14,1,8,27,8
53,4474,126.55197,43.80453,1,1,6,16,9
165,3156,126.54809,43.91204,1,0,6,7,9
31,435,126.56269,43.87218,1,1,5,16,9
129,2665,126.54462,43.84601,1,1,8,10,13
165,1656,126.54651,43.91333,1,1,9,13,9
53,75,126.57782,43.82376,1,1,7,13,8
129,2688,126.52874,43.82403,1,1,5,29,14
31,435,126.56196,43.8676,1,1,9,6,8
31,949,126.59071,43.85149,1,1,6,27,8
31,3073,126.55603,43.86719,1,1,6,18,13
165,1656,126.56898,43.91756,14,1,7,14,9
129,2688,126.52197,43.82655,1,1,7,30,15
129,3458,126.56062,43.85225,14,1,5,17,10
129,2688,126.53298,43.82745,1,1,7,18,8
53,1103,126.57085,43.80655,1,1,9,1,13
53,75,126.57193,43.82066,1,1,6,27,14
165,3156,126.55401,43.89995,14,1,7,15,9
53,75,126.57732,43.81875,14,1,9,16,8
53,487,126.53465,43.80833,1,1,7,2,8
129,2688,126.53469,43.82748,1,1,8,1,8
31,1558,126.56856,43.85681,1,1,10,8,9
53,75,126.57509,43.81887,14,1,7,16,8
53,979,126.55873,43.80812,1,1,6,9,8
53,4474,126.56192,43.81825,14,1,9,13,8
129,1520,126.55846,43.85557,1,1,9,25,8
53,487,126.5232,43.80436,1,1,7,9,7
31,4849,126.58404,43.83763,14,1,7,7,7
31,4322,126.54693,43.87717,1,1,6,6,8
129,638,126.54816,43.8403,14,1,7,18,9
31,2208,126.54053,43.8684,1,1,6,12,8
53,4474,126.55065,43.8132,2,1,9,17,8
53,4474,126.55192,43.80467,1,1,7,11,8
165,3156,126.54739,43.91333,1,1,7,22,9
53,4474,126.55657,43.81571,1,1,9,28,8
129,2665,126.56344,43.84877,7,1,8,21,8
53,4474,126.55323,43.81815,14,1,8,25,8
31,949,126.5922,43.84527,1,1,8,20,8
129,2688,126.51676,43.82139,14,1,7,30,15
53,1103,126.5758,43.82873,1,1,10,1,9
129,2688,126.52276,43.81796,1,1,8,14,9
129,2688,126.50484,43.80391,1,1,8,4,9
53,2618,126.56584,43.83045,7,1,6,8,12
129,161,126.55494,43.85414,1,1,6,15,10
129,2688,126.52289,43.81847,1,1,7,28,8
53,1103,126.56939,43.81054,1,1,7,15,14
129,2925,126.52329,43.83672,1,1,6,17,10
53,75,126.56776,43.82305,1,1,10,2,8
53,75,126.57443,43.81953,1,1,8,30,8
31,4849,126.58116,43.84473,1,1,9,7,8
129,2688,126.53264,43.82256,1,1,7,20,8
31,949,126.59633,43.84232,14,1,9,3,8
53,1103,126.57109,43.83198,1,1,6,30,10
31,949,126.59246,43.84975,14,1,7,19,7
31,1558,126.58348,43.84659,0,1,10,17,8
31,949,126.58659,43.86151,1,1,9,11,8
129,2665,126.55481,43.84547,14,1,8,26,7
53,487,126.53484,43.80431,14,1,5,17,8
129,2925,126.51927,43.82773,1,1,6,11,9
31,4849,126.58041,43.8447,1,1,7,24,7
129,2688,126.52359,43.81538,1,1,9,20,9
129,638,126.56007,43.84203,1,1,6,13,10
129,2688,126.52069,43.82031,1,1,7,19,8
129,1520,126.54902,43.84791,1,1,9,10,8
53,75,126.5463,43.82287,1,1,8,6,8
53,75,126.57143,43.8277,1,1,8,3,8
165,3156,126.54946,43.90627,1,1,6,19,10
31,949,126.59073,43.85024,1,1,6,18,15
31,1558,126.58823,43.86028,1,1,10,8,8
129,638,126.54342,43.8424,1,1,7,15,8
53,4474,126.5507,43.81311,2,1,9,23,9
129,1520,126.56069,43.85259,1,1,10,15,8
129,2688,126.52552,43.81512,1,1,8,12,14
31,4849,126.58105,43.8388,14,1,6,8,9
165,1656,126.56368,43.92102,1,1,7,8,9
165,3867,126.61653,43.89515,1,1,7,27,9
53,4474,126.55659,43.80064,1,1,9,4,9
31,4849,126.56963,43.84723,14,1,9,12,8
31,435,126.54963,43.87297,1,1,6,1,13
53,4474,126.5581,43.81294,1,1,8,30,8
31,949,126.58854,43.84948,1,1,6,11,9
129,2665,126.55,43.85031,14,1,8,23,8
129,2925,126.515,43.81155,1,1,8,7,9
31,4849,126.57295,43.84453,7,1,6,30,9
165,1656,126.54442,43.91398,1,1,9,28,9
31,435,126.55117,43.87294,1,1,9,11,8
31,949,126.59028,43.84707,1,1,9,11,8
53,4474,126.54434,43.81643,1,1,9,1,14
31,4849,126.56856,43.85034,7,1,8,18,7
31,949,126.58639,43.86011,1,1,5,29,14
53,4474,126.55832,43.81701,1,1,8,22,8
53,2615,126.55841,43.80475,4,1,6,13,9
53,75,126.57067,43.82494,1,1,8,6,8
31,4849,126.5743,43.84401,7,1,8,26,16
165,1656,126.54719,43.90942,1,1,8,31,9
53,1103,126.59849,43.82738,14,1,6,1,9
31,435,126.54832,43.87234,1,1,9,8,9
53,75,126.57846,43.8216,1,1,7,11,7
31,4849,126.57115,43.84057,4,1,8,8,8
53,1103,126.56975,43.83229,1,1,7,26,10
129,2665,126.55321,43.85264,14,1,8,25,7
165,2709,126.56251,43.91342,14,0,6,13,7
31,435,126.55282,43.87226,1,1,8,6,7
129,1520,126.56406,43.84829,7,1,9,26,8
53,75,126.57336,43.82083,1,1,6,27,9
31,949,126.59096,43.8415,1,1,6,29,9
165,2709,126.56621,43.91042,14,1,7,22,8
165,3156,126.55218,43.90628,1,1,8,10,12
53,4474,126.54602,43.81017,1,1,8,13,9
165,3867,126.6146,43.89267,14,1,7,27,8
31,4849,126.57431,43.84492,14,1,6,17,13
129,2925,126.52339,43.83666,1,1,6,7,10
31,4849,126.57794,43.83702,14,1,5,31,9
31,4322,126.56231,43.88576,14,1,6,6,10
129,2925,126.51397,43.814,1,1,7,27,9
53,487,126.57984,43.78318,14,1,7,27,8
129,2302,126.56653,43.85833,7,1,7,13,8
129,638,126.55401,43.83924,1,1,6,5,10
129,2925,126.51528,43.81681,1,1,6,8,10
165,1656,126.5508,43.90444,1,1,8,31,9
129,1520,126.54012,43.84774,1,1,9,24,8
31,4849,126.57409,43.83922,1,1,9,29,8
129,2688,126.51825,43.82294,14,1,8,11,8
129,1520,126.55382,43.84627,14,1,9,19,8
53,1103,126.57351,43.82999,3,1,9,2,8
31,3073,126.54973,43.86723,1,1,6,24,9
31,435,126.55285,43.87214,1,1,8,10,7
165,3156,126.5537,43.89971,14,1,5,21,10
129,2688,126.505,43.80362,1,1,7,14,9
53,1103,126.6073,43.82687,1,1,7,23,9
129,2925,126.51923,43.83237,1,1,7,27,10
165,1656,126.56137,43.90596,1,1,7,19,8
129,2688,126.50396,43.80289,1,1,8,30,8
53,4474,126.54627,43.81601,1,1,7,22,8
53,1103,126.59583,43.83293,1,1,7,16,9
53,1103,126.56738,43.83268,14,1,8,5,9
165,1656,126.55675,43.91666,14,1,9,13,8
31,4849,126.57447,43.83896,1,1,5,16,9
129,638,126.54921,43.84411,14,1,7,26,14
53,1103,126.59656,43.83319,1,1,6,19,10
53,487,126.5934,43.77805,14,1,7,24,8
53,1103,126.566,43.83214,14,1,7,27,9
31,435,126.55271,43.8722,1,1,9,28,8
31,435,126.56432,43.86359,1,1,9,3,7
31,4849,126.56869,43.85245,14,1,10,1,7
53,1103,126.56689,43.83237,14,1,7,1,8
53,487,126.59595,43.77904,14,1,9,27,8
53,4474,126.55186,43.80469,1,1,8,3,9
53,75,126.56737,43.81286,14,1,7,7,9
31,435,126.55694,43.85852,1,1,8,27,9
129,2688,126.51613,43.80711,1,1,6,13,14
31,949,126.59337,43.83973,1,1,8,5,7
31,1558,126.58173,43.88345,1,1,10,12,9
129,2925,126.52064,43.82252,14,1,8,4,9
129,638,126.54816,43.84278,14,1,7,26,9
31,3073,126.54711,43.86961,1,1,6,19,9
53,75,126.54876,43.82957,1,1,9,20,8
53,75,126.54471,43.82439,1,1,6,29,9
31,435,126.55983,43.86009,14,1,9,21,9
53,75,126.55377,43.8255,1,1,7,21,8
129,2688,126.53192,43.8213,1,1,9,1,7
31,435,126.55286,43.87221,1,1,6,16,7
53,75,126.56834,43.823,1,1,7,17,8
31,949,126.58893,43.83922,1,1,7,14,8
53,1103,126.57901,43.82575,12,1,7,21,8
165,3156,126.54919,43.90671,1,0,6,2,9
53,75,126.56302,43.82581,14,1,6,8,14
165,1656,126.57292,43.92298,1,1,7,21,8
129,2925,126.49325,43.81365,1,1,8,10,14
31,949,126.58753,43.84494,14,1,8,19,8
31,4849,126.5697,43.83919,1,1,6,13,9
129,1520,126.55031,43.84539,1,1,10,17,8
165,1656,126.57713,43.9176,1,1,8,9,9
53,1103,126.56764,43.8095,1,1,7,24,12
129,1520,126.55501,43.85418,1,1,9,11,11
53,1103,126.57194,43.80408,1,1,9,5,16
53,1103,126.57217,43.8309,14,1,7,24,8
53,75,126.57584,43.82561,1,1,7,31,8
31,949,126.59049,43.85302,1,1,8,9,7
31,949,126.5919,43.84688,1,1,9,25,7
53,75,126.57712,43.82168,1,1,8,11,9
129,638,126.55243,43.83903,14,1,7,31,15
31,435,126.55969,43.87229,1,1,6,19,15
31,435,126.55281,43.87223,1,1,7,11,8
129,2688,126.52924,43.82307,1,1,9,14,8
53,75,126.56975,43.81826,1,1,6,30,14
53,1103,126.56694,43.80714,1,1,8,14,13
53,4474,126.55179,43.81166,14,1,9,12,10
129,2688,126.52803,43.82272,14,1,7,22,8
53,75,126.55406,43.82972,1,1,7,22,8
53,75,126.56681,43.82387,14,1,9,11,9
129,1520,126.54908,43.84889,14,1,10,17,8
165,3156,126.55093,43.91303,1,1,7,30,9
31,4849,126.56761,43.84184,14,1,9,28,8
53,487,126.58158,43.78385,14,1,5,29,9
53,75,126.5639,43.81479,1,1,9,12,10
165,2709,126.56579,43.91234,14,1,9,30,8
129,638,126.55768,43.84447,14,1,6,12,9
53,1103,126.56689,43.83268,14,1,8,18,10
31,4849,126.57171,43.84749,1,1,7,5,7
165,1656,126.56909,43.92984,1,1,9,22,9
53,487,126.5299,43.80557,14,1,9,23,9
129,2925,126.52257,43.82342,14,1,7,6,8
31,435,126.54769,43.86901,1,1,9,11,8
129,2665,126.56565,43.84931,7,1,8,18,8
53,487,126.53335,43.80507,1,1,6,19,10
31,949,126.58785,43.86293,1,1,9,18,8
31,4849,126.56732,43.84581,7,1,5,24,9
165,1656,126.56482,43.92226,14,1,10,12,9
31,949,126.58003,43.84568,14,1,5,19,8
53,75,126.5473,43.82325,14,1,8,13,9
53,75,126.56857,43.82463,1,1,6,5,14
31,949,126.58668,43.84568,14,1,7,16,7
129,2665,126.54891,43.84885,14,1,8,30,7
165,3156,126.54796,43.9113,1,1,8,14,9
53,75,126.57472,43.82412,1,1,6,14,8
31,949,126.59072,43.86339,1,1,9,8,8
31,4114,126.53788,43.87129,1,1,6,18,12
129,2688,126.51363,43.80815,1,1,7,7,14
129,3458,126.53321,43.83191,1,1,6,3,15
53,4474,126.55339,43.82022,7,1,9,11,8
129,2688,126.52004,43.81989,1,1,8,7,9
53,75,126.56152,43.82333,1,1,7,10,8
53,4474,126.54309,43.81506,1,1,8,20,8
165,290,126.55149,43.90507,1,1,9,20,10
53,4474,126.54593,43.81081,1,1,6,18,12
31,1558,126.54179,43.86847,1,0,9,6,12
31,4849,126.58417,43.83919,1,1,5,30,8
129,2688,126.53273,43.82434,1,1,9,2,7
53,4474,126.54724,43.8209,14,1,9,15,14
165,1656,126.5568,43.91425,1,1,9,6,9
53,1103,126.58989,43.83042,1,1,6,30,11
53,1103,126.59842,43.83092,1,1,9,21,9
165,2709,126.55519,43.90557,13,1,8,15,17
129,2688,126.50936,43.8118,1,1,8,23,9
31,4849,126.58322,43.84367,4,1,8,25,9
31,4849,126.58397,43.84626,0,1,8,19,8
31,4849,126.57146,43.8445,1,1,9,6,8
31,4849,126.57288,43.84739,14,1,5,31,9
129,2688,126.51633,43.81006,1,1,6,3,9
53,4474,126.55818,43.81989,14,1,9,9,8
31,949,126.58773,43.84031,14,1,6,10,8
31,949,126.5944,43.86112,14,1,8,10,7
129,1520,126.55241,43.85227,14,1,9,9,9
53,75,126.55342,43.83164,1,1,8,18,8
53,1103,126.5794,43.82908,1,1,8,13,9
129,2925,126.51155,43.81352,14,1,8,3,8
31,4849,126.56952,43.84952,14,1,9,26,7
31,4849,126.5765,43.84516,1,1,9,14,8
129,2688,126.53014,43.82127,1,1,9,14,8
129,2925,126.51452,43.812,1,1,6,28,11
31,949,126.59167,43.84058,1,1,7,27,8
165,3156,126.54731,43.91235,1,1,8,1,9
129,2688,126.51791,43.80678,1,1,7,8,8
31,4849,126.58383,43.84632,0,1,7,11,7
53,75,126.55001,43.82927,1,1,7,15,8
53,1103,126.5653,43.83207,0,1,6,27,9
129,2925,126.52366,43.8365,1,1,7,5,9
129,2688,126.53187,43.82199,1,1,8,16,8
53,75,126.56395,43.8143,1,1,9,20,8
165,1656,126.55138,43.90508,1,1,5,30,9
31,4849,126.56729,43.84688,7,1,8,14,8
129,1520,126.55561,43.84729,14,1,9,9,9
129,2925,126.52153,43.83637,1,1,7,30,9
53,487,126.53325,43.80619,1,1,9,8,9
53,4474,126.54947,43.81829,1,1,9,14,9
165,1656,126.5538,43.90797,1,0,6,12,8
129,2688,126.519,43.8196,1,1,8,21,9
53,4474,126.55275,43.81709,1,1,8,29,9
31,4849,126.57355,43.84458,7,1,5,17,9
165,1656,126.57337,43.91805,1,1,8,3,8
53,4474,126.55198,43.80468,1,1,8,14,8
31,949,126.59433,43.85061,1,1,8,6,7
31,4849,126.58107,43.84548,14,1,8,22,8
31,4849,126.57137,43.84199,1,1,8,12,8
129,2688,126.53334,43.82805,1,1,9,19,8
129,2665,126.55855,43.849,14,1,8,12,9
53,75,126.56257,43.82701,1,1,8,8,10
129,2688,126.5317,43.82161,1,1,7,25,8
129,1520,126.55498,43.85427,1,1,10,3,8
31,4849,126.58401,43.8377,14,1,5,16,9
31,4849,126.57292,43.84454,7,1,6,9,9
129,2688,126.51986,43.81949,1,1,8,12,10
129,2688,126.51855,43.81824,14,1,8,10,18
129,2925,126.50815,43.82087,1,1,8,13,9
165,2709,126.57695,43.89582,14,0,6,4,14
129,2688,126.52873,43.82409,1,1,8,26,10
129,2925,126.51223,43.81346,1,1,8,21,8
31,3073,126.53791,43.87112,1,1,6,6,9
165,1656,126.56312,43.91353,14,1,5,29,8
53,75,126.57251,43.81952,1,1,7,28,8
165,1656,126.57309,43.92294,1,1,8,21,9
129,2925,126.51476,43.81031,14,1,7,22,8
31,4849,126.58491,43.84171,1,1,6,30,9
53,487,126.54865,43.79204,14,1,5,29,9
53,75,126.55964,43.83246,1,1,8,14,8
53,75,126.55319,43.83042,1,1,8,30,8
129,2925,126.51799,43.82117,1,1,8,24,7
53,75,126.54672,43.82468,0,1,8,31,8
165,1656,126.54552,43.91096,1,1,8,30,8
53,75,126.57028,43.82201,14,1,8,4,16
165,3156,126.54818,43.90084,1,1,7,26,9
165,1656,126.55634,43.91441,1,1,5,19,19
31,4849,126.57888,43.84442,1,1,8,19,8
31,949,126.59566,43.8535,1,1,8,15,7
53,75,126.55163,43.82294,14,1,8,22,8
31,4322,126.54691,43.87716,1,1,6,18,13
129,638,126.53842,43.84498,1,1,7,20,8
31,435,126.56096,43.85766,1,1,5,30,8
53,4474,126.54263,43.81995,1,1,8,24,8
31,4849,126.57895,43.84173,1,1,6,16,7
53,487,126.53686,43.80509,14,1,6,17,10
129,2688,126.51438,43.81547,14,1,7,7,9
165,2709,126.56936,43.89627,14,1,6,19,8
165,3156,126.54662,43.90968,1,1,7,13,9
129,2925,126.49194,43.81464,1,1,8,14,9
129,161,126.55053,43.84581,1,1,6,12,10
31,1558,126.5684,43.84365,14,1,10,8,9
165,1656,126.56864,43.92094,14,1,8,30,8
31,435,126.55556,43.86234,14,0,9,25,12
129,2688,126.56284,43.81411,14,1,6,10,9
53,1103,126.57664,43.82635,1,1,9,28,9
31,949,126.59419,43.86248,14,1,5,28,13
165,1656,126.56702,43.9269,14,1,7,5,9
129,2665,126.53913,43.84844,1,1,8,25,7
165,1656,126.55573,43.91383,1,1,9,19,8
53,1103,126.5737,43.83116,1,1,5,16,9
53,487,126.53578,43.80372,14,1,6,11,13
31,4849,126.5758,43.83939,1,1,9,15,7
165,1656,126.57012,43.91986,14,1,7,5,9
53,1103,126.56685,43.83266,14,1,9,1,9
31,435,126.55287,43.87212,1,1,7,12,7
31,4849,126.57301,43.84231,1,1,5,20,8
165,3156,126.55499,43.89965,1,1,5,18,10
53,4474,126.5589,43.80263,1,1,6,29,9
129,2688,126.51733,43.80798,1,1,8,1,8
31,4849,126.58317,43.84294,1,1,6,19,9
53,75,126.57662,43.82507,1,1,9,18,8
165,1656,126.55432,43.91496,14,0,6,4,9
53,1103,126.57764,43.82977,1,1,9,14,9
31,435,126.54952,43.8603,3,1,7,16,7
53,75,126.56582,43.82999,7,1,8,11,9
53,75,126.54837,43.82402,1,1,8,21,8
31,949,126.58613,43.84799,1,1,6,16,7
53,487,126.55414,43.79005,0,1,8,26,9
129,2925,126.52526,43.82731,14,1,8,7,9
31,4849,126.57385,43.85083,14,1,7,26,8
165,1656,126.57566,43.91694,1,1,7,15,9
31,4849,126.5736,43.84466,7,1,7,27,8
53,1103,126.58981,43.83032,1,1,8,1,9
53,75,126.55626,43.82282,10,1,9,1,9
129,2688,126.50656,43.8042,14,1,8,3,8
53,75,126.54538,43.82443,0,1,6,28,8
129,161,126.55491,43.85422,1,1,6,13,17
165,3156,126.55406,43.90003,14,0,6,8,9
129,588,126.4992,43.81533,1,1,5,17,11
53,75,126.56698,43.81898,14,1,8,19,9
53,4474,126.5462,43.81569,1,1,7,26,9
129,638,126.55538,43.84202,1,1,6,10,9
31,4849,126.57777,43.8404,1,1,8,8,8
129,2688,126.52462,43.81637,1,1,10,1,7
165,1656,126.56849,43.92697,14,1,7,26,9
31,949,126.59603,43.8454,14,1,9,27,8
31,4849,126.57961,43.8379,14,1,9,4,8
31,435,126.55289,43.87088,1,1,8,2,9
53,4474,126.55314,43.81937,14,1,9,7,8
53,4474,126.56007,43.81453,14,1,8,23,8
31,4849,126.58065,43.84121,1,1,5,29,14
53,1103,126.57189,43.81051,1,1,8,18,13
129,2688,126.52982,43.82792,14,1,9,24,8
53,4474,126.5448,43.82004,14,1,9,19,9
165,1656,126.56646,43.9201,14,1,8,31,8
31,4849,126.57583,43.84415,1,1,7,16,9
165,1656,126.57242,43.91196,14,1,10,21,8
129,2925,126.52435,43.83656,1,1,8,2,9
31,4849,126.57056,43.84453,1,1,8,8,8
53,487,126.56357,43.78396,14,1,9,21,9
129,638,126.55418,43.83919,1,1,7,28,8
165,1656,126.57029,43.92899,1,1,8,24,9
53,1103,126.57575,43.83053,1,1,8,28,9
53,487,126.53564,43.80804,1,1,7,22,8
165,3867,126.61481,43.89473,1,1,7,27,8
165,1656,126.55448,43.91201,1,1,10,1,9
53,4474,126.54273,43.81994,1,1,7,28,8
31,435,126.55272,43.87217,1,0,9,26,8
53,75,126.56244,43.81524,14,1,9,1,16
31,435,126.55188,43.85717,14,1,6,15,7
53,75,126.55316,43.83059,1,1,8,10,13
129,2925,126.51322,43.81477,1,1,7,21,8
129,2688,126.53023,43.82484,1,1,9,14,8
53,487,126.58426,43.78125,1,1,9,24,9
129,2688,126.51693,43.81189,1,1,9,11,8
53,487,126.59192,43.77705,14,1,9,15,9
129,638,126.55108,43.83927,14,1,6,8,9
129,1520,126.54892,43.84488,14,1,10,7,8
31,435,126.5588,43.86084,14,1,7,22,7
129,1520,126.55186,43.84709,1,1,9,13,9
53,4474,126.5608,43.80966,4,1,7,22,8
129,2925,126.51574,43.81485,1,1,6,8,9
129,2688,126.51058,43.81419,14,1,8,13,9
53,1103,126.56992,43.8083,1,1,8,24,13
129,2688,126.52539,43.82405,1,1,7,24,8
129,2925,126.48994,43.8156,1,1,7,23,8
129,2925,126.52191,43.82245,14,1,6,8,9
129,2688,126.51985,43.81499,1,1,9,11,8
53,1103,126.59798,43.83281,14,1,8,16,10
53,1103,126.59863,43.83355,1,1,6,8,15
165,1656,126.54826,43.90059,1,0,6,4,9
31,4849,126.58329,43.83793,14,1,7,19,7
129,2688,126.53326,43.83006,7,1,7,20,8
31,4849,126.56714,43.84761,7,1,7,4,8
129,638,126.53251,43.85332,14,1,7,25,16
165,1656,126.57419,43.9302,1,1,7,8,9
129,638,126.54805,43.83833,14,1,7,18,8
165,3156,126.54565,43.91186,1,1,6,26,9
31,949,126.59174,43.84057,1,1,7,24,7
129,2665,126.55834,43.85568,1,1,8,29,8
31,949,126.58764,43.8427,1,1,7,21,7
165,290,126.54912,43.90661,1,1,9,27,9
31,4849,126.57905,43.83843,14,1,7,1,7
53,4474,126.55923,43.81282,14,1,9,25,8
129,2688,126.52074,43.81663,1,1,6,12,9
129,2925,126.51835,43.83023,14,1,7,27,10
129,2925,126.51921,43.82841,1,1,6,27,9
165,1656,126.54929,43.91362,1,1,8,24,9
53,75,126.57626,43.82338,1,1,6,29,9
31,4322,126.54915,43.8775,1,1,6,18,8
129,3458,126.55893,43.84677,14,1,5,17,10
129,2688,126.53016,43.81912,1,1,8,28,8
53,967,126.67612,43.72944,14,1,9,5,8
31,435,126.56208,43.86899,1,1,5,29,8
31,4849,126.57239,43.84783,1,1,7,11,7
129,2688,126.5272,43.81477,1,1,9,28,9
31,435,126.56223,43.87288,14,1,7,18,8
53,75,126.57149,43.82806,1,1,6,10,8
53,1103,126.57041,43.81269,1,1,8,8,13
53,1103,126.56844,43.81065,1,1,6,17,15
53,75,126.56315,43.82062,7,1,7,18,8
31,1558,126.55023,43.86756,1,1,10,16,14
31,949,126.59568,43.85344,1,1,5,30,8
129,638,126.54901,43.84304,1,1,6,9,9
165,2709,126.59008,43.89314,14,0,6,4,14
53,75,126.57037,43.82377,1,1,7,29,8
129,638,126.54752,43.84347,14,1,7,18,9
53,1103,126.57845,43.8295,1,1,9,21,9
31,435,126.55287,43.87226,1,1,9,10,8
53,979,126.55778,43.8085,1,1,6,8,7
31,1558,126.53907,43.87015,1,0,9,6,12
31,949,126.58661,43.84736,1,0,5,21,16
53,75,126.56628,43.83056,1,1,7,14,10
129,2688,126.53082,43.8248,1,1,9,8,7
129,2925,126.52336,43.83661,1,1,7,9,9
165,290,126.55456,43.91278,1,1,9,21,9
53,4474,126.55489,43.80242,14,1,9,20,8
31,4849,126.56835,43.84797,14,1,9,1,9
53,487,126.53309,43.80457,1,1,7,8,8
31,435,126.55276,43.87222,1,1,8,10,7
53,1103,126.57178,43.81093,1,1,8,10,15
31,435,126.55281,43.8722,1,1,5,30,15
53,487,126.52518,43.80352,1,1,6,18,14
165,1656,126.55359,43.90756,1,1,9,8,9
31,4609,126.55182,43.85708,14,1,6,17,8
31,435,126.57173,43.87172,1,0,5,24,18
165,3156,126.5493,43.90993,14,1,7,27,9
53,75,126.56644,43.80848,1,1,8,8,18
129,2925,126.49701,43.83068,1,1,8,2,9
129,2688,126.51989,43.82479,1,1,9,1,8
165,1656,126.56412,43.9279,14,1,8,24,9
53,1103,126.56331,43.80839,14,1,9,17,10
53,4474,126.55919,43.81524,1,1,8,28,8
129,638,126.56008,43.84468,3,1,7,18,9
129,2688,126.53068,43.82765,1,1,6,17,14
31,4849,126.58086,43.83979,1,1,6,19,9
31,4849,126.57516,43.84536,14,1,7,5,7
53,75,126.57612,43.82167,1,1,7,19,8
129,2925,126.51514,43.81095,1,1,7,23,8
53,75,126.55732,43.82473,10,1,8,16,8
31,949,126.58911,43.84997,1,1,8,10,11
129,2688,126.52025,43.81029,1,1,8,5,8
129,2688,126.52069,43.81292,1,1,9,27,9
129,2688,126.52353,43.81531,1,1,8,15,8
129,2925,126.5179,43.82657,1,1,9,21,8
165,1656,126.57264,43.924,1,0,7,4,9
53,979,126.5448,43.81092,1,1,6,4,15
53,75,126.56833,43.82471,1,1,8,20,8
129,2688,126.51622,43.81019,1,1,7,4,9
53,1103,126.57335,43.81285,1,1,9,15,14
31,4849,126.57147,43.84881,1,1,8,9,8
31,949,126.58835,43.85708,1,1,8,10,7
31,435,126.54937,43.87362,1,1,7,6,7
165,1656,126.55167,43.91439,14,1,9,1,8
53,75,126.5665,43.81988,14,1,8,1,8
129,2688,126.519,43.81957,1,1,6,4,17
165,2709,126.56129,43.89894,1,1,9,26,8
129,1520,126.55017,43.84966,14,1,9,3,7
129,2925,126.52718,43.83581,14,1,9,5,8
31,949,126.59403,43.8625,14,1,8,25,9
165,1656,126.55328,43.91117,1,1,9,7,9
129,2688,126.52285,43.8139,1,1,8,13,8
165,1656,126.5415,43.91824,14,1,9,3,9
129,2688,126.52026,43.81562,1,1,8,12,14
31,435,126.55285,43.87228,1,1,7,3,7
31,4849,126.58316,43.84295,1,1,6,3,16
129,2688,126.51585,43.80969,1,1,9,11,8
53,75,126.5638,43.82715,14,1,9,6,8
53,75,126.57297,43.82393,1,1,9,27,8
53,75,126.56899,43.81806,1,1,8,17,8
129,2665,126.54667,43.84729,4,1,8,6,8
129,2688,126.51869,43.8136,1,1,6,13,14
53,75,126.54409,43.82414,14,1,9,27,8
53,487,126.53601,43.80322,14,1,7,12,8
129,2688,126.51356,43.8169,1,1,8,24,8
53,75,126.57711,43.82172,1,1,5,30,13
53,487,126.52249,43.80143,1,1,10,2,8
31,1558,126.54176,43.86843,1,1,9,4,15
129,2925,126.51558,43.81542,14,1,5,29,9
129,2688,126.52991,43.82212,14,1,7,22,8
53,75,126.57028,43.82194,14,1,9,26,8
31,4849,126.57641,43.84845,1,1,10,1,7
31,4849,126.57865,43.83697,14,1,6,30,9
31,3073,126.55565,43.86721,1,1,6,17,11
129,2688,126.52503,43.81631,1,1,8,14,8
31,435,126.55171,43.87003,1,1,8,2,8
31,435,126.55931,43.86999,1,1,5,29,14
53,4474,126.5567,43.81064,14,1,9,2,8
53,4474,126.55369,43.81867,14,1,10,1,8
53,4474,126.56122,43.81508,14,1,8,20,8
31,435,126.54758,43.86891,1,1,9,12,7
31,4849,126.56705,43.84744,7,1,6,4,16
53,4474,126.54351,43.81877,1,1,8,31,8
129,638,126.55062,43.84087,14,1,8,1,9
53,979,126.54422,43.81834,1,1,5,27,13
31,435,126.5653,43.86269,1,1,7,3,7
53,75,126.57495,43.82779,1,1,9,22,9
165,290,126.54659,43.90745,1,1,9,20,10
129,2688,126.52711,43.82735,1,1,7,1,8
53,487,126.57646,43.78029,1,1,7,14,9
165,1656,126.56613,43.92034,14,1,9,5,9
129,2688,126.50327,43.8015,1,1,9,20,9
31,949,126.59302,43.85904,14,1,5,29,7
31,4849,126.574,43.85334,1,1,8,4,14
31,949,126.59531,43.84442,14,1,6,1,7
53,75,126.56256,43.82353,10,1,8,9,9
129,1520,126.56233,43.85425,1,1,9,17,7
165,1656,126.56264,44.0024,14,1,10,1,8
165,3156,126.55374,43.89987,14,1,7,3,9
31,2208,126.53974,43.86741,1,1,6,12,8
129,588,126.51922,43.8103,1,1,5,29,19
31,1558,126.54204,43.86988,1,1,9,8,11
129,2688,126.52104,43.81738,1,1,7,28,8
31,949,126.59252,43.8395,1,1,7,3,7
165,1656,126.56514,43.92866,14,1,7,30,9
31,4849,126.57377,43.84528,14,1,5,30,8
31,435,126.55279,43.87216,1,1,6,15,7
31,949,126.58982,43.84033,1,1,7,16,7
129,2688,126.51837,43.81393,1,1,9,13,8
129,2688,126.51354,43.80745,1,1,9,17,10
165,1656,126.5699,43.92051,14,1,8,28,8
53,1756,126.58846,43.82333,14,1,6,4,11
129,87,126.55184,43.83978,1,1,10,14,8
31,4849,126.57063,43.85159,14,1,7,30,8
129,2665,126.54344,43.84145,3,1,8,9,9
129,2925,126.51302,43.83316,1,1,7,23,8
129,2945,126.51829,43.82175,1,1,10,1,8
31,949,126.59356,43.84309,14,1,7,6,10
129,2688,126.51651,43.80903,1,1,7,30,10
53,75,126.57224,43.82096,1,1,8,2,8
129,638,126.55257,43.83949,14,1,7,27,10
165,3156,126.55203,43.9018,14,1,8,14,9
31,949,126.59198,43.83973,1,1,7,7,7
165,1656,126.55016,43.90367,1,1,6,18,14
129,638,126.55761,43.83995,1,1,6,8,10
129,2688,126.51518,43.81943,14,1,6,27,15
53,1103,126.57719,43.82942,1,1,7,22,8
165,1656,126.55241,43.91032,1,1,8,28,8
31,4849,126.58002,43.84357,1,1,9,4,8
53,75,126.55003,43.82703,1,1,8,2,8
129,2688,126.53036,43.8263,1,1,8,9,9
129,2925,126.51623,43.81813,1,1,7,4,9
31,435,126.56252,43.86116,1,1,9,9,7
53,4474,126.54682,43.81193,14,1,9,12,10
129,2925,126.51907,43.82872,1,1,7,15,8
31,4849,126.57131,43.8438,1,1,9,26,7
53,4474,126.5533,43.80903,14,1,9,6,9
31,4849,126.57198,43.83872,1,1,8,29,9
31,949,126.58776,43.84448,14,1,9,14,8
129,638,126.55542,43.84105,1,1,7,29,9
53,4474,126.55825,43.81995,14,1,9,9,8
165,1656,126.54463,43.9055,1,1,9,25,9
31,4849,126.58385,43.84639,0,1,8,1,7
31,4849,126.57393,43.83913,1,1,8,29,13
53,4474,126.54374,43.82029,1,1,8,29,9
53,487,126.56456,43.82834,0,1,8,20,8
31,949,126.59411,43.86065,14,1,8,3,7
31,4849,126.57266,43.84179,1,1,6,11,9
53,4474,126.54763,43.81531,1,1,9,13,8
53,4474,126.55383,43.81548,14,1,8,12,9
165,3156,126.54771,43.91103,1,1,5,17,10
129,161,126.56614,43.85718,1,1,6,18,15
31,4849,126.5839,43.83823,14,1,5,16,9
31,1558,126.58955,43.86611,1,1,10,12,9
53,1103,126.58003,43.82836,1,1,6,14,10
129,2688,126.52135,43.81306,1,1,9,10,8
53,1103,126.56534,43.83202,0,1,6,12,9
165,1656,126.56166,43.92821,14,1,8,4,8
53,75,126.57726,43.81886,14,1,8,15,9
129,2665,126.54883,43.84595,1,1,8,27,7
165,290,126.54667,43.90959,1,1,9,9,9
31,949,126.58854,43.84436,1,1,9,18,8
165,1656,126.57537,43.92103,1,0,6,13,8
129,1520,126.5447,43.84964,1,1,9,10,8
31,949,126.59618,43.84405,14,1,6,27,8
53,75,126.57432,43.82033,14,1,7,28,8
31,435,126.56044,43.87154,1,1,7,20,7
129,2665,126.56231,43.84919,1,1,8,31,7
53,1103,126.57622,43.82884,1,1,7,7,9
53,1103,126.57616,43.82738,1,1,7,29,10
53,487,126.56925,43.77207,14,1,5,28,9
53,75,126.55609,43.83224,1,1,8,26,8
53,4474,126.54815,43.8122,14,1,6,24,13
129,1520,126.5505,43.84524,14,1,9,11,8
165,1656,126.56722,43.94154,14,1,9,20,9
129,323,126.50332,43.80273,1,1,9,27,9
53,75,126.55522,43.82265,10,1,7,18,8
31,949,126.59577,43.85354,1,1,6,18,7
53,1103,126.57286,43.80803,1,1,9,14,14
31,435,126.5588,43.87153,1,1,5,24,8
31,435,126.55748,43.87087,1,1,5,31,16
31,435,126.56572,43.8613,1,1,9,22,7
53,1103,126.57072,43.80643,1,1,9,30,13
31,949,126.59244,43.86256,1,1,8,27,8
165,3156,126.54569,43.90949,1,0,7,1,8
31,435,126.55752,43.87023,1,1,7,24,7
31,949,126.58926,43.85162,1,1,7,12,7
129,2688,126.53252,43.82479,1,1,8,16,8
53,75,126.55755,43.83301,1,1,7,10,8
53,75,126.54472,43.82432,1,1,6,4,9
53,1103,126.57282,43.80797,1,1,8,11,15
53,1103,126.57847,43.82909,1,1,7,29,10
129,2688,126.504,43.80362,1,1,8,19,9
53,75,126.56509,43.8194,14,1,9,22,9
53,1103,126.58686,43.82867,1,1,6,4,10
129,2925,126.51527,43.81093,1,1,9,4,9
53,487,126.5934,43.77797,14,1,9,25,8
129,2925,126.51206,43.8323,1,1,8,29,9
53,75,126.55486,43.82599,1,1,8,8,10
53,1103,126.56983,43.80377,1,1,6,15,14
129,1520,126.54659,43.85123,14,1,9,18,9
53,75,126.5461,43.82322,1,1,6,7,8
53,75,126.55391,43.82551,1,1,7,6,8
53,1103,126.57165,43.80669,1,1,9,29,14
165,3156,126.54411,43.91708,14,0,6,2,9
129,2688,126.52438,43.81994,1,1,9,3,11
31,4849,126.579,43.84229,1,1,7,13,7
31,3073,126.55423,43.86731,1,1,5,31,13
129,2688,126.51901,43.81277,1,1,9,15,8
31,4849,126.57527,43.84977,1,1,9,14,8
31,949,126.59178,43.84054,1,1,7,15,8
53,1103,126.57891,43.82965,1,1,7,2,8
53,4474,126.55873,43.79938,1,1,9,9,8
129,638,126.54448,43.847,1,1,7,23,8
31,949,126.58998,43.86321,1,1,6,12,9
129,2688,126.52648,43.81438,1,1,7,17,14
129,2688,126.51701,43.82241,14,1,9,14,9
165,290,126.54617,43.90852,1,1,9,27,9
53,75,126.56841,43.81668,1,1,6,3,7
53,1103,126.57493,43.82773,1,1,7,6,9
53,4474,126.54658,43.8144,1,1,8,24,8
31,949,126.59123,43.83931,1,1,9,2,8
31,1558,126.57452,43.87866,14,1,10,7,7
31,4849,126.57581,43.84152,1,1,7,1,7
129,2688,126.53041,43.82684,1,1,7,8,8
31,4849,126.56989,43.85012,14,1,6,9,9
165,3156,126.55461,43.91464,14,1,7,7,10
31,4849,126.58494,43.84118,14,1,6,11,9
129,2688,126.52026,43.80849,1,1,7,4,9
31,435,126.55769,43.87098,1,1,5,20,7
129,1520,126.55332,43.85141,14,1,9,14,8
31,4849,126.5671,43.84182,14,1,9,1,9
53,75,126.57678,43.82589,1,1,9,8,9
31,949,126.5924,43.84441,1,1,7,22,7
31,435,126.55743,43.87409,14,1,9,3,16
129,638,126.56053,43.84213,4,1,6,1,12
129,87,126.55775,43.84054,1,1,10,8,8
53,4474,126.55787,43.8155,1,1,8,27,8
129,2688,126.51171,43.80805,1,1,8,23,9
129,2925,126.52533,43.83478,14,1,6,9,9
53,1103,126.57949,43.82934,1,1,8,10,9
31,435,126.56219,43.86903,1,1,9,10,17
31,4849,126.58181,43.84278,1,1,8,15,8
53,4474,126.54487,43.8109,1,1,7,29,11
129,1520,126.56245,43.85716,14,1,9,11,8
31,4849,126.56723,43.84737,7,1,9,24,9
31,949,126.59227,43.85304,14,1,9,25,7
53,1087,126.58006,43.82838,1,1,6,19,10
129,1520,126.53664,43.84818,1,1,9,2,7
129,2925,126.52098,43.82394,14,1,9,16,9
129,638,126.55558,43.84443,14,1,6,8,9
129,2688,126.51859,43.81742,14,1,7,22,14
129,2925,126.51593,43.81664,1,1,6,28,11
53,1103,126.57417,43.83066,1,1,8,2,10
165,3156,126.54875,43.91348,1,0,5,17,10
31,949,126.59188,43.8453,1,1,6,18,15
31,949,126.5917,43.86055,1,1,8,31,9
129,2688,126.53266,43.82426,1,1,8,14,8
31,949,126.5971,43.84634,14,1,8,6,7
53,4474,126.54711,43.81699,14,1,8,17,8
53,1103,126.57364,43.83113,1,1,8,30,9
129,1520,126.53948,43.84393,14,1,9,25,8
165,3156,126.54581,43.90867,1,1,7,15,9
53,1103,126.57083,43.80659,1,1,7,8,12
53,1103,126.57086,43.81116,1,1,6,8,9
165,3156,126.55744,43.9153,1,1,7,3,9
129,2688,126.51812,43.80954,1,1,6,27,15
53,75,126.55815,43.83239,1,1,5,17,8
129,588,126.51018,43.82304,1,1,5,17,10
129,638,126.54767,43.83821,14,1,7,15,8
53,75,126.55968,43.8325,1,1,8,5,8
129,2688,126.52905,43.82654,1,1,8,25,7
31,2208,126.53674,43.87603,14,1,5,30,13
53,1103,126.56531,43.83204,0,1,8,2,10
53,1103,126.57247,43.8299,3,1,9,2,13
53,487,126.52251,43.80155,1,1,8,29,9
129,2688,126.51246,43.81836,1,1,8,28,15
129,2925,126.51006,43.82134,1,1,8,14,9
31,4849,126.57946,43.84543,14,1,6,13,9
129,2925,126.50107,43.80994,14,1,8,5,11
53,487,126.55039,43.78825,14,1,5,30,15
165,1656,126.57022,43.92894,1,1,9,8,13
53,4474,126.54875,43.81757,1,1,9,28,9
129,2925,126.52711,43.83587,14,1,6,1,9
129,2688,126.50937,43.81174,1,1,6,14,9
53,75,126.54742,43.82846,1,1,9,28,8
129,2688,126.52499,43.81814,1,1,7,18,8
31,949,126.59341,43.85375,14,1,9,17,8
129,638,126.54787,43.83863,14,1,7,18,9
31,949,126.59173,43.8406,1,1,9,16,8
53,1103,126.56825,43.80933,1,1,8,1,13
31,949,126.58704,43.85839,1,1,5,30,14
53,75,126.57325,43.82081,1,1,7,9,7
129,2925,126.51863,43.82128,1,1,8,2,9
53,75,126.57834,43.82168,1,1,7,9,7
129,638,126.54474,43.83747,1,1,7,18,9
31,4849,126.56706,43.84732,7,1,8,25,15
31,949,126.58721,43.84072,14,1,8,18,7
129,638,126.55421,43.84123,1,1,7,16,9
165,1656,126.56107,43.90731,14,1,7,28,9
31,3073,126.54884,43.8687,1,1,6,1,12
53,1103,126.5737,43.8312,1,1,9,9,10
31,949,126.58867,43.83795,14,1,9,15,9
53,1103,126.57173,43.80657,1,1,9,28,13
53,75,126.56706,43.82207,14,1,8,2,8
53,1103,126.56857,43.83142,14,1,9,15,10
53,3559,126.56016,43.7991,1,1,5,29,9
129,2688,126.51449,43.82105,1,1,8,23,9
31,435,126.55987,43.87091,1,1,9,8,8
53,487,126.54162,43.79288,14,1,6,9,9
129,638,126.5564,43.84187,1,1,7,1,9
129,2925,126.51335,43.81507,1,1,7,28,8
165,3156,126.55306,43.90084,7,0,5,26,10
129,638,126.56513,43.84451,7,1,7,16,9
53,1103,126.56947,43.80597,1,1,8,16,15
31,4849,126.57251,43.83943,1,1,8,29,9
53,75,126.57057,43.82314,14,1,10,2,8
165,3156,126.54628,43.91157,1,1,7,31,9
53,75,126.54484,43.82445,1,1,6,11,8
31,435,126.56029,43.85801,14,1,7,16,7
53,4474,126.54602,43.81552,1,1,9,12,10
165,3156,126.5456,43.91247,1,1,8,12,9
165,1656,126.55136,43.91289,1,1,5,18,11
129,2688,126.52025,43.81267,1,1,6,19,15
31,949,126.59092,43.84114,1,1,8,28,8
31,949,126.58875,43.83904,1,1,9,17,8
165,290,126.54441,43.91396,1,1,9,9,9
31,949,126.58816,43.84884,1,1,6,11,15
53,1103,126.57569,43.83058,1,1,8,1,9
129,2688,126.52287,43.81856,1,1,7,6,8
129,2925,126.51642,43.83201,1,1,6,6,9
53,75,126.54642,43.82234,14,1,8,28,8
129,2665,126.56406,43.85335,14,1,8,19,8
31,949,126.5698,43.85196,14,1,10,2,8
53,4474,126.55197,43.8037,1,1,9,24,8
53,4474,126.56003,43.81458,14,1,8,26,8
31,435,126.55933,43.86604,14,1,7,3,7
165,3156,126.55377,43.89977,14,1,8,12,9
31,949,126.59551,43.87872,1,1,6,30,9
53,4474,126.54561,43.81073,1,1,8,12,9
53,4474,126.54605,43.81017,1,1,10,2,8
129,2925,126.51029,43.82481,4,1,8,8,8
165,1656,126.55994,43.91805,14,0,6,2,9
129,2665,126.54407,43.84445,14,1,8,25,7
31,949,126.58999,43.84924,1,1,6,14,8
53,2618,126.57444,43.83091,1,1,5,31,10
31,4849,126.57066,43.85239,14,1,9,5,8
31,435,126.55942,43.8707,1,1,8,3,8
31,4849,126.54329,43.86644,1,1,8,31,9
129,3458,126.53055,43.83118,1,1,5,29,11
53,75,126.55315,43.82314,1,1,8,27,8
129,1520,126.54806,43.84683,1,1,9,27,9
129,2688,126.51888,43.81935,1,1,9,5,8
129,2688,126.52053,43.81625,1,1,9,1,8
129,1520,126.56008,43.85352,1,1,9,16,9
165,3156,126.5552,43.9156,14,1,5,18,10
53,75,126.54759,43.82849,1,1,8,26,8
53,1103,126.59238,43.83109,1,1,7,18,9
53,75,126.54533,43.82256,14,1,6,4,9
31,4849,126.58053,43.84473,1,1,5,24,9
53,1756,126.58931,43.82242,1,1,6,17,10
53,4474,126.55162,43.81158,14,1,7,17,8
53,75,126.55396,43.82565,1,1,8,24,8
31,949,126.59385,43.84016,1,1,9,1,9
129,638,126.54541,43.83638,1,1,7,11,8
53,4474,126.55483,43.80245,14,1,8,29,9
31,435,126.57527,43.87044,1,1,6,18,17
53,1103,126.57625,43.82859,1,1,8,3,9
31,949,126.59351,43.84172,14,1,5,16,8
31,4849,126.57211,43.84279,1,1,9,28,8
129,638,126.55632,43.84185,1,1,7,1,12
53,487,126.59195,43.77702,14,1,9,3,8
53,1103,126.60518,43.82782,1,1,7,27,9
129,2925,126.51853,43.83287,1,1,6,13,10
165,3156,126.5544,43.91017,14,1,7,26,9
53,4474,126.55635,43.81988,14,1,9,18,8
129,2688,126.51593,43.81977,14,1,8,13,9
165,3156,126.54681,43.9114,1,0,6,27,9
53,4474,126.55698,43.81354,1,1,9,24,14
31,435,126.55935,43.87044,1,1,9,5,8
129,638,126.54583,43.84269,0,1,7,13,12
129,2688,126.51661,43.82411,14,1,9,20,9
53,487,126.57876,43.78471,14,1,5,29,16
53,75,126.5704,43.82375,1,1,7,19,8
31,1558,126.54768,43.86902,1,1,10,5,13
31,435,126.55433,43.86067,14,1,7,6,7
129,2688,126.53224,43.82191,1,1,9,2,7
129,1520,126.56017,43.84738,14,1,10,11,8
31,949,126.58739,43.84665,1,1,7,29,8
31,949,126.59319,43.85006,1,1,8,28,8
31,1558,126.5746,43.88629,14,1,9,7,13
129,2925,126.51811,43.82778,1,1,7,30,9
31,4609,126.56355,43.86085,1,1,6,17,12
129,2688,126.52213,43.82541,1,1,8,13,9
31,4849,126.57697,43.84993,1,1,8,1,7
129,2925,126.51437,43.81243,1,1,8,24,7
53,75,126.5744,43.82071,14,1,9,20,8
53,1103,126.58988,43.83044,1,1,7,14,9
53,487,126.58681,43.78073,1,1,8,30,8
31,4849,126.57191,43.84116,1,1,6,29,9
53,1103,126.56978,43.8095,1,1,7,22,12
53,1103,126.57164,43.81254,1,1,5,16,11
31,1558,126.56811,43.87804,1,1,10,14,8
31,949,126.58979,43.83995,1,1,7,26,7
31,435,126.56192,43.86768,1,1,9,20,8
31,1558,126.56765,43.87285,7,1,10,10,8
53,4474,126.557,43.81365,1,1,9,28,8
53,4474,126.55862,43.80822,1,1,8,28,8
53,1103,126.56799,43.80776,1,1,8,14,13
31,949,126.59266,43.85579,14,1,8,2,8
31,4849,126.58336,43.84042,1,1,8,11,8
129,161,126.54169,43.84937,1,1,6,15,10
53,487,126.57975,43.78403,14,1,7,20,8
53,1103,126.59922,43.82679,14,1,8,11,9
165,1656,126.57448,43.92084,1,0,7,20,8
31,2208,126.54657,43.87511,1,1,6,4,17
129,2925,126.51518,43.81254,1,1,6,3,10
53,1103,126.57657,43.82683,1,1,9,7,10
31,435,126.54993,43.86081,1,1,9,12,7
53,1103,126.57076,43.80646,1,1,6,4,18
53,4474,126.54529,43.81177,1,1,9,14,9
53,4474,126.54262,43.8172,1,1,7,3,8
129,2925,126.51602,43.83241,1,1,9,9,9
31,949,126.59497,43.85101,1,1,7,17,8
53,1756,126.59189,43.82338,14,1,5,30,9
53,487,126.53493,43.80624,1,1,9,10,7
53,4474,126.55194,43.80464,1,1,6,17,12
53,4474,126.55695,43.81611,1,1,8,30,8
129,2925,126.4928,43.81714,1,1,8,4,9
31,4849,126.57281,43.84444,7,1,8,8,8
31,435,126.55348,43.86843,1,1,9,7,9
31,949,126.59374,43.84858,1,1,7,5,8
53,1103,126.57032,43.80779,1,1,9,24,13
53,75,126.55952,43.82516,1,1,8,6,8
31,949,126.59422,43.85927,1,1,7,29,8
53,487,126.53557,43.80828,1,1,8,18,8
165,1656,126.56635,43.92631,14,1,9,3,9
31,949,126.58956,43.84894,1,1,7,1,7
53,75,126.54513,43.8221,14,1,8,15,8
31,2208,126.5407,43.87509,14,1,5,27,12
129,2925,126.51756,43.82081,1,1,6,12,9
53,75,126.55371,43.82668,1,1,8,28,8
53,487,126.52183,43.79982,1,1,8,25,8
129,2925,126.51516,43.81266,1,1,6,1,8
31,949,126.58775,43.8422,1,1,8,15,8
165,2709,126.56396,43.90854,1,1,8,10,8
129,2688,126.5183,43.80786,1,1,8,25,7
31,4849,126.58386,43.84287,1,1,7,7,7
53,1103,126.5881,43.82863,1,1,9,8,13
165,2709,126.57561,43.89556,14,0,6,2,8
31,949,126.58913,43.86002,1,1,7,11,7
129,2688,126.50987,43.81144,1,1,9,6,14
53,487,126.54838,43.79362,14,1,8,9,10
165,1656,126.56858,43.92061,1,1,8,7,10
31,4849,126.56866,43.84675,14,1,7,12,11
31,1558,126.55808,43.86627,14,1,10,10,9
31,949,126.58773,43.84883,1,1,9,19,7
165,1656,126.5548,43.92944,14,1,7,19,8
129,2688,126.52286,43.81673,1,1,7,21,8
129,2688,126.52287,43.81856,1,1,9,21,7
31,4849,126.58229,43.84071,1,1,6,4,16
31,4849,126.58066,43.84126,1,1,6,6,14
53,1103,126.57085,43.80658,1,1,9,10,14
53,75,126.56681,43.81262,14,1,7,13,8
53,487,126.54329,43.7921,14,1,7,8,8
129,2925,126.51619,43.8316,1,1,6,12,9
129,1520,126.5609,43.84778,14,1,9,24,8
53,4474,126.55773,43.81774,1,1,9,4,9
31,1558,126.57995,43.86904,1,1,10,16,7
31,4849,126.58327,43.83886,14,1,6,17,7
31,4849,126.57229,43.84516,1,1,9,21,9
129,161,126.55704,43.84969,1,1,6,14,17
165,2709,126.56204,43.9074,1,1,8,28,8
53,75,126.57085,43.82825,1,1,8,13,9
129,2688,126.53138,43.82815,14,1,9,3,7
129,2665,126.56616,43.85718,1,1,8,8,8
53,75,126.55374,43.82544,1,1,7,17,8
53,1103,126.58105,43.82878,1,1,6,29,9
165,1656,126.55366,43.93111,1,1,7,24,8
31,435,126.56204,43.86939,1,1,8,7,8
31,2208,126.54079,43.87645,1,1,6,7,9
31,435,126.55028,43.87251,1,1,7,6,7
53,4474,126.55832,43.79968,1,1,7,8,8
31,4849,126.57455,43.83886,1,1,6,3,13
129,1520,126.54542,43.84334,1,1,9,22,8
53,1103,126.57008,43.8099,1,1,6,10,15
53,1103,126.57009,43.8312,14,1,9,28,9
31,435,126.56223,43.87288,14,1,7,4,7
129,2925,126.52343,43.83656,1,1,9,17,7
165,1656,126.56506,43.92861,14,1,8,13,8
31,949,126.58777,43.84884,1,1,9,17,8
31,435,126.59059,43.87056,14,1,9,19,9
129,2925,126.51627,43.81305,1,1,7,27,10
53,1103,126.57248,43.81306,1,1,6,3,11
53,1103,126.57434,43.83106,1,1,7,31,9
31,4849,126.57282,43.84629,1,1,8,5,8
53,1103,126.5711,43.81136,1,1,7,17,14
31,435,126.55284,43.87229,1,1,7,6,7
53,4474,126.55471,43.80258,14,1,9,22,9
31,4849,126.57258,43.8408,14,1,6,11,9
129,638,126.55857,43.84115,1,1,7,10,8
31,949,126.59306,43.85459,14,1,8,31,9
53,4474,126.54442,43.81633,1,1,9,9,9
53,75,126.56574,43.82961,7,1,9,16,8
53,1103,126.56527,43.83195,0,1,9,8,10
31,435,126.55025,43.87253,1,1,7,5,7
53,1103,126.57085,43.80655,1,1,6,9,13
53,4474,126.54971,43.81785,1,1,8,23,8
53,75,126.56896,43.82864,1,1,8,24,8
53,487,126.57942,43.78367,14,1,7,22,8
129,638,126.55856,43.84222,1,1,7,1,9
53,4474,126.55845,43.79968,1,1,9,12,10
31,435,126.55098,43.8601,1,0,9,26,8
53,4474,126.55,43.81481,1,1,10,1,8
165,1656,126.56042,44.00271,14,1,9,3,9
53,4474,126.54883,43.81742,1,1,7,22,8
31,949,126.58825,43.85046,7,1,6,30,9
53,487,126.55096,43.78882,14,1,7,22,8
31,949,126.59245,43.8635,1,0,8,30,8
129,638,126.54518,43.83673,1,1,8,2,9
31,949,126.59037,43.85295,1,1,7,27,8
53,4474,126.55,43.81313,2,1,7,13,8
129,2688,126.52641,43.81437,1,1,7,22,8
53,1103,126.57123,43.80978,1,1,7,1,12
53,1103,126.56591,43.83217,14,1,7,15,10
129,2925,126.493,43.8174,1,1,8,11,10
31,4849,126.57436,43.8396,1,1,8,16,7
129,2688,126.53537,43.8317,1,1,7,8,8
31,4849,126.56676,43.84767,7,1,7,3,8
53,4474,126.55645,43.80058,1,1,7,10,10
53,4474,126.55768,43.80064,1,1,9,20,8
53,4474,126.5567,43.81056,14,1,8,15,8
53,1103,126.58005,43.82847,1,1,7,19,8
53,4474,126.55895,43.80255,1,1,6,30,15
165,3156,126.5485,43.90068,1,1,5,21,10
53,1103,126.57231,43.81246,1,1,8,21,13
165,290,126.55059,43.9045,1,1,9,18,9
129,2925,126.49142,43.81472,1,1,8,10,8
53,75,126.54873,43.82954,1,1,9,16,8
31,435,126.56159,43.8633,1,1,9,28,8
31,949,126.58826,43.85597,14,1,8,29,8
165,1656,126.54573,43.90951,1,1,9,4,8
31,4849,126.57521,43.84232,1,1,9,25,8
129,2688,126.53141,43.82835,14,1,8,11,11
129,161,126.51555,43.81945,14,1,6,9,9
129,2665,126.56349,43.84853,7,1,8,22,9
129,638,126.54094,43.84291,1,1,7,24,9
31,435,126.56373,43.86716,1,1,7,3,7
129,638,126.55893,43.84055,1,1,8,4,9
31,949,126.59845,43.84502,14,1,9,3,7
165,3156,126.54989,43.90865,14,1,7,24,9
31,949,126.59141,43.84667,1,1,6,29,14
165,1656,126.56372,43.91904,14,1,9,17,8
31,949,126.59263,43.85412,14,1,6,29,9
129,2688,126.53499,43.82806,1,1,8,20,8
165,1656,126.56509,43.92591,14,1,8,14,9
129,1520,126.55508,43.85424,1,1,9,19,8
31,435,126.56289,43.86182,1,1,6,28,8
53,4474,126.55639,43.81359,1,1,10,1,8
129,2925,126.50195,43.82,14,1,8,6,9
129,2688,126.53298,43.82534,1,1,7,18,8
31,949,126.59536,43.84436,14,1,6,11,9
129,2688,126.51695,43.80937,1,1,8,8,8
31,4849,126.56984,43.85009,14,1,8,27,10
129,638,126.54701,43.83955,14,1,7,4,10
53,1103,126.57057,43.80949,1,1,7,29,14
31,435,126.55135,43.87126,1,1,7,11,7
129,1520,126.56475,43.85581,14,1,10,17,8
129,2688,126.53327,43.82694,1,1,6,12,9
31,949,126.58731,43.83882,14,1,7,1,7
31,4849,126.58393,43.84272,1,1,6,29,9
129,2688,126.52089,43.8208,1,1,8,30,8
129,2688,126.5287,43.82641,1,1,9,17,7
53,75,126.56059,43.82034,10,1,7,15,8
31,4849,126.57304,43.84636,1,1,9,20,8
53,979,126.55416,43.80483,1,1,5,29,8
31,435,126.55288,43.8722,1,1,10,1,7
165,3156,126.55426,43.91492,14,0,5,16,9
53,75,126.56858,43.8276,1,1,8,5,8
31,949,126.59259,43.83942,1,1,9,17,8
31,4849,126.5822,43.8414,1,1,9,9,8
53,1103,126.57778,43.8286,1,1,9,15,10
31,949,126.59236,43.84207,1,1,6,14,8
53,75,126.57736,43.81879,14,1,9,25,8
53,1103,126.57279,43.83146,1,1,8,21,10
53,75,126.56974,43.8038,1,1,8,10,18
165,3156,126.54675,43.90796,1,1,7,26,9
53,75,126.57091,43.82916,1,1,8,10,8
31,949,126.58765,43.85881,1,1,9,24,8
31,435,126.57044,43.87104,1,1,10,2,8
31,1558,126.58543,43.88369,1,1,10,18,8
53,487,126.5495,43.78835,14,1,7,18,8
129,2925,126.51663,43.82579,1,1,5,31,10
129,2925,126.51616,43.81297,1,1,6,3,11
129,2925,126.50102,43.81006,14,1,8,13,9
129,2925,126.51443,43.81532,14,1,7,13,8
31,949,126.59498,43.85098,1,1,9,12,8
129,2688,126.5248,43.8222,14,1,9,21,7
53,1103,126.57269,43.83142,1,1,9,30,9
53,1103,126.57082,43.80647,1,1,8,12,15
129,2925,126.51928,43.82707,1,1,8,14,9
165,3156,126.55172,43.9124,1,1,7,28,9
53,4474,126.54566,43.81854,14,1,9,15,15
31,435,126.5648,43.86168,1,1,7,2,8
129,2665,126.54484,43.84685,4,1,8,11,11
165,290,126.55649,43.91459,1,1,9,20,9
53,75,126.5656,43.82676,14,1,6,30,14
31,949,126.59256,43.83957,1,1,6,29,9
129,2688,126.52098,43.81696,1,1,8,31,7
129,323,126.51691,43.82531,1,1,9,27,9
53,75,126.5763,43.82085,14,1,7,9,7
165,3156,126.54883,43.91135,1,0,6,8,9
165,1656,126.61828,43.89988,4,1,8,11,15
31,435,126.55283,43.87219,1,1,6,1,13
165,1656,126.57342,43.92249,1,1,10,7,8
165,1656,126.54581,43.90968,1,1,7,22,8
31,4849,126.58504,43.84415,14,1,10,1,8
129,2665,126.54209,43.84606,1,1,8,20,8
31,4849,126.5727,43.85156,1,1,7,5,7
31,435,126.5607,43.86144,1,1,5,16,9
53,75,126.56593,43.8301,7,1,8,2,8
31,949,126.59247,43.8395,1,1,9,16,8
129,2665,126.5481,43.84664,1,1,8,13,8
31,4849,126.57459,43.83895,1,1,6,17,7
165,1656,126.54741,43.91336,1,1,9,25,9
31,4849,126.5745,43.83885,1,1,5,27,15
53,4474,126.55119,43.80453,1,1,7,2,8
53,1103,126.56093,43.80755,14,1,7,22,12
53,1103,126.57032,43.83091,14,1,9,22,9
165,1656,126.51451,43.93567,14,1,7,6,9
129,2925,126.51513,43.81686,1,1,9,17,7
53,1103,126.57421,43.83052,1,1,7,20,9
31,435,126.55285,43.87215,1,1,8,23,8
53,4474,126.54596,43.81109,1,1,8,10,8
53,4474,126.56182,43.81581,14,1,9,20,8
129,2665,126.56558,43.85241,4,1,8,10,13
53,4474,126.56086,43.80968,4,1,8,10,8
31,4849,126.58021,43.84132,1,1,9,5,8
53,75,126.57274,43.8208,1,1,6,16,10
31,4849,126.57551,43.84187,1,1,6,14,8
165,3156,126.55676,43.91349,1,0,6,10,8
129,638,126.55042,43.84511,14,1,7,7,9
31,4849,126.5817,43.8414,1,1,7,6,7
31,949,126.59144,43.86319,1,1,9,15,9
31,949,126.5919,43.84846,1,0,10,1,7
31,4849,126.57454,43.83785,0,1,9,3,8
53,1103,126.56602,43.83216,14,1,6,18,10
53,75,126.57216,43.82095,1,1,8,23,9
129,2688,126.5278,43.81476,1,1,6,10,9
31,435,126.562,43.86905,1,1,6,9,8
53,487,126.58548,43.78086,14,1,8,13,9
129,1520,126.55497,43.85416,1,1,10,3,8
53,1103,126.57224,43.83089,14,1,9,22,9
129,638,126.55854,43.84114,1,1,7,1,9
31,435,126.55552,43.86024,1,1,7,7,7
129,638,126.55644,43.84181,1,1,7,8,8
53,75,126.57057,43.82217,14,1,6,28,9
31,435,126.55283,43.87211,1,1,9,9,7
129,2925,126.51925,43.83231,1,1,8,19,9
165,1656,126.52951,43.93303,14,1,7,3,8
129,323,126.51462,43.81687,1,1,9,28,10
53,487,126.55131,43.78678,14,1,6,29,10
129,2925,126.52204,43.83785,1,1,7,30,9
53,1103,126.56747,43.8316,14,1,5,29,16
31,4849,126.57858,43.84069,1,1,8,31,13
53,1103,126.56986,43.80382,1,1,7,30,13
31,949,126.59365,43.843,14,1,9,29,8
165,1656,126.62927,43.88913,1,0,6,7,12
53,1103,126.57086,43.81325,1,1,7,15,14
53,75,126.56686,43.8126,14,1,9,17,8
129,2665,126.56354,43.84693,7,1,8,18,8
53,75,126.55968,43.8325,1,1,9,30,8
53,75,126.55809,43.83326,1,1,9,9,8
129,87,126.56535,43.84396,7,1,10,14,8
129,2688,126.50904,43.81133,1,1,7,14,17
53,75,126.55728,43.82464,10,1,8,28,8
165,1656,126.61774,43.88976,14,0,6,6,12
129,2688,126.52464,43.81782,1,1,8,14,9
53,1103,126.59947,43.83507,1,1,7,17,9
53,1103,126.59329,43.83169,1,1,6,17,10
129,2925,126.51307,43.83223,1,1,5,31,10
129,638,126.54577,43.83602,1,1,6,30,10
53,75,126.56773,43.82717,1,1,7,21,12
129,1520,126.55853,43.84574,7,1,10,1,8
53,1103,126.57856,43.82656,1,1,7,22,8
53,4474,126.55838,43.79967,1,1,8,28,8
31,435,126.55704,43.85959,1,1,7,29,7
129,2925,126.52134,43.82139,14,1,7,29,9
31,949,126.59122,43.8394,1,1,8,21,8
165,1656,126.56594,43.92833,14,1,10,5,9
31,435,126.55479,43.87176,1,1,9,30,8
165,3156,126.55495,43.89965,1,0,5,27,10
31,4849,126.56831,43.84591,14,1,8,24,9
31,4849,126.57575,43.84372,1,1,7,31,12
129,2688,126.51653,43.80899,1,1,8,27,7
31,4849,126.57314,43.84495,7,1,9,27,8
53,75,126.56792,43.83066,1,1,9,20,8
129,2665,126.55648,43.85177,1,1,8,5,9
31,435,126.5543,43.87394,1,1,9,3,8
53,4474,126.54826,43.81609,1,1,6,26,15
165,2709,126.56344,43.91036,7,0,6,2,15
53,2618,126.56872,43.8308,14,1,6,8,7
53,4474,126.55644,43.81772,1,1,8,10,16
129,2925,126.5136,43.83404,14,1,7,14,9
53,75,126.56795,43.82341,1,1,5,30,9
53,4474,126.54978,43.81538,1,1,8,14,8
31,4849,126.57049,43.84752,1,1,7,17,8
53,1103,126.56973,43.83211,1,1,9,9,10
53,487,126.53455,43.80712,14,1,8,12,9
53,75,126.5664,43.82294,1,1,8,11,9
165,3156,126.54565,43.91103,1,1,8,16,10
165,1656,126.55192,43.90958,1,1,8,24,9
129,2688,126.53271,43.8243,1,1,6,9,14
31,435,126.56095,43.8571,1,1,8,26,8
53,487,126.56002,43.78787,14,1,8,28,8
53,75,126.57862,43.82157,1,1,7,17,8
53,75,126.56327,43.8224,1,1,9,15,9
53,75,126.54928,43.82385,1,1,8,14,8
129,2665,126.56316,43.85577,14,1,8,10,13
53,75,126.56304,43.82594,14,1,8,27,8
53,4474,126.55545,43.81806,14,1,9,15,14
31,949,126.58888,43.85178,1,1,8,30,8
53,487,126.59343,43.77792,14,1,8,24,8
129,2688,126.52928,43.8257,1,1,6,10,9
31,949,126.59234,43.86255,1,1,9,14,7
165,1656,126.5725,43.93083,1,1,8,12,9
53,1103,126.57049,43.8309,14,1,7,16,9
31,949,126.58918,43.84372,1,1,9,7,8
53,4474,126.54976,43.81549,1,1,9,12,10
31,4849,126.57279,43.85148,1,1,9,1,9
53,1103,126.57193,43.8311,14,1,9,9,10
53,4474,126.55651,43.81412,1,1,7,11,7
31,435,126.56415,43.86201,1,1,7,17,8
31,435,126.55161,43.87316,1,1,8,20,7
31,949,126.59442,43.84224,14,1,8,30,8
31,435,126.56197,43.86767,1,1,7,18,8
53,4474,126.55676,43.81062,14,1,8,29,16
53,1103,126.57954,43.82866,1,1,9,19,9
53,75,126.57937,43.82277,14,1,8,23,9
53,75,126.56841,43.82831,1,1,9,13,8
31,949,126.59248,43.86249,1,1,7,12,7
129,2688,126.53232,43.82487,1,1,8,29,8
165,3156,126.54444,43.91392,1,0,6,27,9
31,949,126.58752,43.84009,14,1,5,24,8
53,75,126.55103,43.82458,1,1,7,30,8
129,2688,126.52056,43.81627,1,1,8,26,10
31,4849,126.56948,43.84163,14,1,9,14,8
31,4849,126.57307,43.8556,12,1,8,17,7
53,75,126.56894,43.8139,1,1,9,6,9
53,1103,126.60395,43.82885,1,1,7,12,10
53,75,126.56689,43.82555,14,1,9,5,9
129,1520,126.54414,43.85044,1,1,9,24,8
165,1656,126.55353,43.90688,1,1,8,13,8
31,435,126.55212,43.87193,1,1,9,18,8
129,2688,126.51602,43.8085,1,1,9,14,8
129,2665,126.54351,43.85072,1,1,8,18,8
53,4474,126.55625,43.8123,1,1,9,11,8
53,4474,126.54969,43.81544,1,1,7,29,8
129,2688,126.51546,43.81609,1,1,7,17,9
53,4474,126.54261,43.81687,1,1,7,18,9
53,1103,126.57074,43.80644,1,1,8,22,15
53,1103,126.57772,43.82868,1,1,9,22,9
53,75,126.57885,43.82221,14,1,10,1,8
165,3156,126.55397,43.89995,14,0,5,27,10
31,4849,126.57698,43.84107,1,1,9,8,9
53,1103,126.6,43.82947,1,1,8,30,9
129,1520,126.56606,43.85715,1,1,9,2,7
129,638,126.55112,43.83993,1,1,7,20,8
129,2925,126.51633,43.83056,1,1,7,15,8
129,2688,126.53269,43.8243,1,1,9,29,8
165,1656,126.55368,43.91219,1,1,6,19,13
53,1103,126.57282,43.8092,1,1,6,5,10
129,638,126.56048,43.84227,4,1,6,29,9
53,75,126.56794,43.82341,1,1,7,31,8
53,1103,126.57044,43.83199,1,1,6,12,9
31,949,126.59546,43.84562,14,1,8,12,8
31,4849,126.5729,43.84443,7,1,7,15,8
31,435,126.5632,43.86592,1,1,9,8,8
53,1103,126.58903,43.82886,1,1,6,10,9
53,1103,126.57192,43.83115,14,1,8,29,9
165,1656,126.55539,43.90986,1,1,8,2,8
165,2709,126.56058,43.89833,1,1,7,16,8
53,4474,126.55218,43.81587,14,1,9,24,8
53,75,126.54853,43.82751,1,1,8,28,8
53,1103,126.57348,43.81299,1,1,9,1,13
129,2925,126.51536,43.81605,1,1,8,6,8
53,4474,126.55467,43.81277,1,1,9,15,14
165,3156,126.55422,43.91495,14,0,5,17,10
129,87,126.54588,43.84035,14,1,10,8,8
129,2925,126.51221,43.83308,1,1,9,1,7
31,4849,126.57215,43.84266,1,1,8,30,8
129,638,126.55011,43.84542,1,1,7,24,8
165,2709,126.56667,43.90505,1,1,8,24,8
53,4474,126.54257,43.81714,1,1,8,11,9
129,2688,126.51816,43.80803,1,1,6,27,15
31,949,126.58822,43.84718,1,1,7,23,9
53,75,126.54636,43.8264,1,1,7,30,8
129,2688,126.52014,43.82496,1,1,7,31,14
31,949,126.59211,43.84003,1,1,7,3,7
165,3156,126.55419,43.90058,14,0,6,15,8
129,2688,126.52837,43.82465,1,1,9,23,8
31,435,126.55907,43.86264,7,1,8,24,8
129,2688,126.53275,43.82253,1,1,7,7,14
129,2688,126.52328,43.82673,1,1,8,24,7
31,2208,126.54333,43.86245,1,1,6,13,9
129,638,126.56014,43.84156,14,1,8,3,9
31,4849,126.57305,43.84129,14,1,9,1,9
165,1656,126.55048,43.91145,14,1,9,3,9
53,4474,126.55699,43.81353,1,1,9,24,14
53,1103,126.56954,43.80603,1,1,8,25,14
165,3156,126.55216,43.91716,14,0,7,20,8
53,1103,126.56604,43.83203,14,1,9,9,10
53,979,126.54875,43.81745,1,1,5,27,13
53,979,126.55448,43.8032,14,1,6,10,8
31,949,126.58951,43.86163,1,1,9,25,7
53,75,126.55487,43.82587,1,1,8,30,8
129,2925,126.4922,43.81597,1,1,8,5,11
165,1656,126.57933,43.91935,1,1,9,17,8
31,949,126.59354,43.84167,14,1,8,6,7
53,75,126.57014,43.81723,1,1,7,8,8
31,435,126.56505,43.86043,1,1,6,29,9
129,2688,126.52561,43.81514,1,1,7,23,8
53,4474,126.54681,43.81406,1,1,7,19,8
129,161,126.56115,43.85371,1,1,6,14,10
53,1103,126.57024,43.8104,1,1,9,16,14
129,1520,126.54668,43.85119,14,1,10,3,8
129,638,126.55511,43.844,14,1,6,8,12
31,435,126.56198,43.86764,1,1,8,27,9
53,487,126.53323,43.80623,1,1,9,27,8
31,435,126.56115,43.86996,14,1,7,7,8
31,4849,126.57428,43.84235,14,1,7,23,7
53,75,126.55676,43.8243,10,1,8,25,8
31,4322,126.56457,43.88307,14,1,6,6,10
53,1103,126.57503,43.83078,1,1,8,27,9
129,2925,126.51864,43.83263,1,1,8,10,8
53,1103,126.56652,43.83138,14,1,7,16,9
129,1520,126.53736,43.84715,1,1,9,24,8
129,638,126.54471,43.8374,1,1,6,12,9
53,75,126.55328,43.83049,1,1,7,17,8
129,2688,126.51444,43.80857,1,1,9,14,8
53,487,126.52243,43.80156,1,1,9,22,9
129,2688,126.53295,43.82539,1,1,7,30,15
129,3853,126.47646,43.94513,1,1,5,27,14
31,949,126.59379,43.84848,1,1,9,11,8
129,1520,126.56341,43.84861,7,1,10,6,8
31,949,126.59213,43.84003,1,1,7,19,7
165,1656,126.56595,43.92849,14,1,6,30,10
165,3156,126.55514,43.91558,14,1,5,14,9
129,2688,126.52039,43.81318,1,1,8,6,8
129,2665,126.55202,43.85231,14,1,8,30,7
31,435,126.55187,43.87411,1,1,6,30,14
31,4849,126.58039,43.8383,14,1,6,14,8
53,75,126.56841,43.81612,1,1,8,24,9
53,487,126.57818,43.77891,1,1,9,12,9
129,638,126.54651,43.84204,0,1,8,2,9
53,1177,126.61035,43.7871,14,1,6,8,7
31,4114,126.54344,43.86292,1,1,6,17,11
53,75,126.57039,43.83072,1,1,9,8,9
165,3156,126.5463,43.91256,1,0,6,11,8
165,1656,126.53059,43.92908,14,0,6,8,8
129,638,126.56141,43.84048,1,1,7,27,10
53,75,126.56332,43.82235,1,1,8,31,17
31,4849,126.57496,43.85073,1,1,7,15,8
53,4474,126.55132,43.81747,14,1,9,10,8
165,1656,126.55804,43.90991,1,1,9,29,9
31,4849,126.57415,43.85175,14,1,9,2,8
53,1103,126.56716,43.80746,1,1,9,1,13
129,2688,126.53107,43.82165,1,1,7,4,9
129,1520,126.56584,43.85678,1,1,10,10,9
129,638,126.5453,43.83977,14,1,7,8,8
31,4849,126.56711,43.84693,7,1,7,6,7
53,75,126.56521,43.82254,1,1,6,19,14
31,4849,126.57088,43.84642,13,1,8,26,9
129,2688,126.52165,43.82634,1,1,8,15,8
53,75,126.57039,43.82186,14,1,9,13,8
165,1656,126.5634,43.92151,1,1,6,1,12
129,2925,126.51751,43.82095,1,1,8,5,11
31,4849,126.57459,43.84737,1,1,9,19,8
129,2945,126.52278,43.82235,14,1,10,1,8
129,638,126.54218,43.84537,1,1,7,27,10
53,2615,126.55384,43.81769,14,1,6,14,9
53,75,126.55739,43.82463,10,1,7,17,8
53,75,126.56215,43.82158,10,1,9,3,8
31,1558,126.57401,43.87745,14,1,10,4,7
31,4849,126.57142,43.84115,1,1,7,31,12
31,435,126.56328,43.87778,14,1,7,1,7
53,4474,126.55195,43.80372,1,1,9,28,8
31,435,126.54854,43.87332,1,1,9,17,8
129,2925,126.52273,43.83742,1,1,9,19,8
31,4849,126.56718,43.84685,7,1,9,25,8
53,75,126.56544,43.82623,1,1,7,5,8
31,4114,126.54009,43.86847,1,1,6,18,8
53,1103,126.57628,43.82849,1,1,7,21,8
129,1520,126.54862,43.85155,4,1,9,5,7
53,487,126.55457,43.79208,14,1,6,18,10
165,1656,126.55226,43.90936,1,1,9,11,9
31,435,126.56069,43.87098,1,1,7,17,8
31,4609,126.5519,43.85708,14,1,6,17,12
165,3156,126.55125,43.91244,1,1,5,24,9
31,949,126.59231,43.84757,1,1,7,6,10
31,4849,126.57883,43.844,1,1,6,10,9
53,1103,126.57317,43.8107,1,1,9,13,14
53,4474,126.54583,43.81673,1,1,8,10,8
53,75,126.54488,43.82444,1,1,8,13,9
53,75,126.56479,43.82767,14,1,8,30,8
53,487,126.53517,43.8037,14,1,8,15,8
53,487,126.55018,43.79104,1,1,9,6,9
53,4474,126.54896,43.81998,14,1,7,14,9
129,2688,126.51835,43.80779,1,1,7,18,8
53,1103,126.60085,43.83082,1,1,5,31,10
129,1520,126.55356,43.85214,14,1,9,1,7
31,3073,126.54972,43.8703,1,1,5,29,9
31,435,126.55218,43.87197,1,1,8,12,8
129,638,126.54707,43.83967,14,1,7,18,9
31,949,126.59226,43.84006,1,1,5,31,20
129,2925,126.51659,43.81933,14,1,7,5,9
129,2688,126.50908,43.81135,1,1,8,26,10
31,4849,126.5742,43.85518,1,1,9,2,8
53,1103,126.57654,43.82976,1,1,9,26,9
31,949,126.58678,43.83691,3,1,6,16,7
129,2688,126.52608,43.82001,1,1,6,27,9
129,2688,126.51718,43.81129,1,1,8,6,8
31,435,126.56342,43.86715,1,1,8,31,8
129,2925,126.51916,43.82706,1,1,7,16,8
165,2709,126.56218,43.89941,1,1,8,27,8
53,75,126.56546,43.81579,14,1,7,16,8
165,3867,126.62079,43.89167,14,1,7,27,8
129,2665,126.54523,43.84473,14,1,8,21,8
53,487,126.52997,43.80562,14,1,8,22,8
129,1520,126.53996,43.84617,1,1,9,29,8
129,2688,126.52019,43.81918,1,1,7,7,15
53,75,126.57028,43.82347,1,1,6,4,14
31,4849,126.58372,43.84141,1,1,7,4,8
53,4474,126.55852,43.80868,1,1,7,21,8
31,435,126.55843,43.87043,1,1,9,19,7
53,4474,126.55367,43.81205,14,1,9,30,8
53,75,126.5664,43.8145,1,1,9,17,8
31,4849,126.57206,43.84108,1,1,8,7,11
53,75,126.55095,43.83038,1,1,7,20,8
129,1520,126.55561,43.85506,1,1,9,11,8
53,487,126.59331,43.77791,14,1,8,16,9
31,4849,126.5674,43.84607,7,1,9,10,8
129,2925,126.5134,43.81501,1,1,8,17,8
53,75,126.5666,43.81812,14,1,9,28,8
31,4849,126.57517,43.84982,1,1,10,2,8
165,1656,126.56015,43.92408,14,1,9,17,8
31,4849,126.57528,43.84985,1,1,7,13,7
53,1103,126.57567,43.83044,1,1,7,12,9
129,2665,126.53815,43.84928,1,1,8,21,8
53,75,126.56454,43.81961,14,1,8,18,8
165,1656,126.55749,43.91177,3,1,7,14,9
129,2688,126.51709,43.81112,1,1,9,29,8
129,2925,126.5156,43.81361,1,1,6,12,9
129,638,126.56347,43.84414,14,1,6,25,11
165,1656,126.5564,43.91459,1,1,10,5,9
31,1558,126.54207,43.86983,1,1,9,2,10
31,3073,126.549,43.86941,1,1,6,4,10
53,75,126.55581,43.83301,1,1,7,27,8
31,949,126.58788,43.83784,14,1,9,12,8
31,4849,126.58011,43.84553,14,1,7,30,8
129,638,126.54553,43.84438,14,1,7,9,9
129,2688,126.53209,43.82122,1,1,9,19,8
53,487,126.57764,43.77813,1,1,8,11,9
165,2709,126.56614,43.90799,14,0,6,4,9
31,4849,126.58069,43.84333,1,1,9,19,7
53,1103,126.56948,43.80763,1,1,7,28,12
31,4849,126.56662,43.84076,14,1,9,19,7
53,2452,126.55129,43.7868,14,1,6,17,11
31,4849,126.56765,43.84806,7,1,8,15,13
31,4849,126.57539,43.84165,1,1,9,5,14
53,1103,126.57868,43.82662,1,1,6,4,9
53,4474,126.554,43.82005,1,1,9,21,9
129,2925,126.51308,43.81401,1,1,8,20,9
129,2688,126.5196,43.81915,1,1,7,17,9
165,3867,126.61373,43.89248,1,1,7,27,9
53,1103,126.57932,43.82892,1,1,9,29,9
53,4474,126.54684,43.81068,1,1,9,16,8
31,949,126.58692,43.86393,1,1,8,20,8
31,435,126.56053,43.86054,1,1,7,27,8
31,4849,126.57592,43.8441,1,1,9,6,8
129,2688,126.52527,43.81549,1,1,8,14,9
129,2688,126.51587,43.80979,1,1,6,3,16
53,4474,126.55469,43.82015,1,1,9,9,8
129,2688,126.53294,43.82474,1,1,8,22,9
53,1103,126.57679,43.8271,1,1,8,26,10
129,2688,126.51736,43.80847,1,1,9,4,9
31,4849,126.57821,43.84306,1,1,8,31,13
165,1656,126.5509,43.90855,14,0,6,2,9
165,3156,126.54873,43.91094,1,1,8,15,9
129,2688,126.52063,43.81282,1,1,8,16,8
53,75,126.57573,43.8247,1,1,8,7,9
53,75,126.55976,43.83338,1,1,9,5,9
165,2709,126.56354,43.90445,14,0,5,22,8
31,435,126.55653,43.86477,7,1,9,1,8
53,487,126.55124,43.78687,14,1,8,23,8
129,2925,126.51946,43.83206,1,1,6,14,9
165,1656,126.54538,43.90464,1,0,6,17,14
31,435,126.55719,43.87105,1,1,9,14,7
53,75,126.57831,43.82168,1,1,9,5,9
129,1520,126.5622,43.84647,14,1,9,1,11
31,435,126.55607,43.86703,1,1,9,3,8
31,4849,126.57869,43.83693,14,1,7,2,8
31,949,126.58762,43.83969,14,1,7,31,13
53,4474,126.55684,43.81143,1,1,8,25,8
53,1103,126.56954,43.8102,1,1,6,19,18
53,2289,126.57271,43.80872,1,1,5,29,13
53,1103,126.5765,43.82982,1,1,7,21,8
165,3867,126.61491,43.89547,1,1,7,27,9
53,75,126.54567,43.82269,14,1,9,13,8
31,435,126.55083,43.86008,1,1,6,24,8
31,949,126.59331,43.83981,1,1,7,16,7
129,2688,126.51901,43.81708,14,1,6,4,14
53,487,126.58515,43.78231,1,1,9,5,9
31,4114,126.54002,43.86858,1,1,6,18,12
53,487,126.52972,43.80537,14,1,8,22,8
31,4849,126.57141,43.8419,1,1,8,14,8
129,2688,126.53299,43.82526,1,1,7,1,8
53,75,126.55329,43.82186,14,1,7,16,8
129,2688,126.5584,43.84718,14,1,8,8,8
31,435,126.55396,43.8725,1,1,9,10,8
53,1103,126.56974,43.80946,1,1,6,18,16
129,1520,126.56486,43.85468,14,1,10,2,8
165,1656,126.57436,43.91814,1,1,8,4,8
31,4849,126.57291,43.84454,7,1,9,6,8
31,949,126.595,43.84033,14,1,8,26,8
129,2925,126.50763,43.82226,1,1,7,31,14
53,75,126.57019,43.82356,1,1,9,28,8
31,949,126.58634,43.86016,1,1,9,9,8
31,949,126.58771,43.8489,1,1,6,18,7
165,1656,126.5709,43.92825,1,1,10,12,9
129,2688,126.51137,43.8179,1,1,8,3,8
53,4474,126.55535,43.80655,1,1,8,17,8
31,4849,126.57463,43.83796,0,1,7,22,7
53,75,126.56968,43.81694,1,1,7,28,8
129,2925,126.51677,43.83276,1,1,7,31,13
31,435,126.55104,43.87216,1,1,8,12,8
165,290,126.55139,43.91062,14,1,9,9,9
129,161,126.54381,43.84896,1,1,6,9,14
53,1103,126.56751,43.80983,1,1,5,31,17
53,75,126.57491,43.82382,1,1,8,24,9
31,435,126.56442,43.86014,1,1,9,28,8
129,2688,126.51209,43.81757,1,1,9,18,9
129,2665,126.56186,43.84743,7,1,8,2,9
31,949,126.59178,43.86219,1,1,7,21,7
31,2398,126.56446,43.88266,14,1,10,2,8
53,4474,126.55544,43.81801,14,1,9,4,9
53,1103,126.60488,43.82806,1,1,9,16,9
31,949,126.58644,43.86013,1,1,8,7,8
31,435,126.56184,43.86596,1,1,8,19,8
31,435,126.5518,43.87029,1,0,6,7,13
53,2618,126.56609,43.83207,14,1,6,8,7
53,1103,126.56728,43.80617,1,1,5,28,18
53,487,126.5299,43.80552,14,1,9,2,8
129,638,126.54411,43.84446,14,1,6,28,17
129,638,126.55834,43.84226,1,1,7,31,13
129,2688,126.53579,43.82922,1,1,6,27,10
53,1103,126.57166,43.8109,1,1,9,28,13
129,2688,126.53279,43.82435,1,1,6,16,8
53,1103,126.57081,43.80653,1,1,6,9,13
129,2688,126.51994,43.82062,1,1,8,22,9
31,949,126.58827,43.83982,14,1,6,30,9
31,435,126.56869,43.87106,1,1,6,6,19
53,1103,126.58106,43.82868,1,1,5,17,11
129,2688,126.51633,43.81017,1,1,8,15,8
31,949,126.58674,43.84028,14,1,6,18,15
53,75,126.57171,43.8203,1,1,7,25,8
129,1520,126.54138,43.85058,14,1,10,11,8
31,435,126.55395,43.87261,1,1,6,1,13
53,75,126.57098,43.82903,1,1,8,23,9
53,75,126.54781,43.8254,14,1,5,29,8
129,2688,126.5183,43.8109,1,1,8,9,9
31,949,126.58945,43.84167,14,1,9,20,8
165,1656,126.57069,43.92852,1,1,9,21,9
129,2925,126.51509,43.83335,1,1,5,31,10
31,4849,126.57344,43.84347,14,1,8,26,16
53,1103,126.57025,43.8104,1,1,8,16,15
31,4849,126.58499,43.84178,1,1,7,30,8
53,4474,126.54878,43.81757,1,1,7,20,8
53,4474,126.55161,43.81119,14,1,8,27,8
31,949,126.58686,43.84862,1,1,7,2,8
129,2688,126.52751,43.82095,1,1,7,21,8
31,949,126.59165,43.83871,1,1,8,11,16
165,1656,126.5505,43.91478,14,0,6,5,10
31,4849,126.56763,43.84577,7,1,9,20,8
31,4849,126.57607,43.83932,1,1,6,17,13
53,75,126.56367,43.8145,1,1,7,29,8
31,949,126.58958,43.84368,1,1,7,3,7
165,290,126.54419,43.9053,1,1,9,24,8
129,2925,126.51299,43.81392,1,1,9,7,7
53,1103,126.57232,43.81257,1,1,9,5,16
129,2688,126.51624,43.82089,14,1,8,28,15
53,4474,126.54587,43.80997,1,1,7,30,8
129,2665,126.56468,43.85719,14,1,8,16,8
53,4474,126.54346,43.82123,1,1,7,15,8
129,1520,126.56085,43.84847,14,1,9,8,7
165,3156,126.54609,43.90856,1,1,5,14,10
165,1656,126.56448,43.9125,14,1,7,28,8
129,2688,126.52632,43.8262,1,1,8,8,15
165,1656,126.57047,43.92971,1,1,8,26,8
53,487,126.53334,43.80615,1,1,7,4,12
31,4849,126.58901,43.85237,1,1,8,20,8
31,1558,126.56659,43.87912,14,1,10,13,8
53,4474,126.55797,43.80051,1,1,7,14,10
53,75,126.57206,43.82044,1,1,9,15,9
129,1520,126.56627,43.85623,14,1,9,28,9
129,3853,126.47673,43.94631,14,1,6,10,14
31,949,126.58782,43.85938,1,1,9,5,8
53,4474,126.54871,43.81755,1,1,8,16,8
53,75,126.57047,43.8218,14,1,7,24,8
53,1103,126.60487,43.82795,1,1,9,13,10
53,1103,126.56576,43.80933,14,1,9,28,13
53,4474,126.55958,43.81907,14,1,7,20,8
53,4474,126.54823,43.8122,14,1,6,27,9
31,949,126.59321,43.83985,1,1,8,18,7
129,2925,126.51546,43.81537,14,1,6,3,10
53,1103,126.60426,43.83257,14,1,6,30,9
53,1177,126.59442,43.80198,14,1,6,8,7
129,1520,126.53958,43.84008,14,1,10,3,8
165,3156,126.55489,43.89911,1,0,5,28,9
129,2665,126.56353,43.85386,14,1,8,22,12
129,2925,126.51371,43.81436,1,1,7,3,9
53,1103,126.57446,43.83109,1,1,8,12,9
53,75,126.55313,43.82319,1,1,8,24,8
53,1103,126.57162,43.8109,1,1,6,8,9
165,1656,126.54992,43.91621,14,1,5,19,11
129,2925,126.51804,43.82755,1,1,8,27,7
31,435,126.57718,43.86863,14,1,6,18,17
129,2925,126.51852,43.83266,1,1,8,11,11
53,1103,126.5695,43.81187,1,1,6,17,15
129,2925,126.49145,43.81519,1,1,8,11,10
129,1520,126.56379,43.85706,14,1,9,15,8
31,949,126.58644,43.86008,1,1,8,20,8
129,2688,126.51195,43.81442,14,1,9,14,9
129,2688,126.51647,43.80905,1,1,7,27,9
129,638,126.55342,43.83938,1,1,7,17,9
53,4474,126.54577,43.8168,1,1,7,16,8
53,4474,126.56071,43.81502,14,1,7,29,8
53,4474,126.54962,43.81542,1,1,9,1,9
165,1656,126.5672,43.92131,14,0,6,13,7
31,4849,126.57311,43.85652,14,1,7,24,7
31,949,126.59439,43.85059,1,1,9,23,7
129,1520,126.56575,43.85184,3,1,9,1,7
53,75,126.54867,43.82221,0,1,7,22,8
129,2688,126.52015,43.80851,1,1,6,9,14
129,2688,126.51543,43.80739,1,1,7,1,8
31,4849,126.57185,43.83932,1,1,7,13,7
31,435,126.55137,43.8713,1,1,6,18,13
53,75,126.5748,43.82417,1,1,7,16,8
53,75,126.54874,43.82959,1,1,8,1,8
31,2208,126.5374,43.8746,14,1,5,26,8
53,75,126.55794,43.82481,10,1,5,16,8
31,949,126.59289,43.84086,1,1,8,2,8
129,638,126.55259,43.84294,7,1,7,4,10
129,2925,126.51634,43.82528,1,1,9,2,11
31,4849,126.57536,43.84172,1,1,8,20,8
31,949,126.59492,43.85108,1,1,9,24,8
129,2688,126.51822,43.80808,1,1,7,16,8
31,4849,126.57607,43.83962,1,1,9,26,7
31,4849,126.58223,43.84128,1,1,9,26,7
129,2688,126.51923,43.8185,1,1,8,8,15
129,1520,126.54003,43.84771,1,1,10,1,7
165,1656,126.54698,43.91644,1,1,9,28,9
31,4849,126.56976,43.8464,14,1,7,11,7
53,1103,126.57769,43.82868,1,1,9,6,10
53,3559,126.54276,43.81997,1,1,6,3,13
129,2925,126.51724,43.83079,1,1,6,13,10
129,2688,126.50186,43.79838,14,1,9,17,7
53,75,126.55499,43.82586,1,1,8,9,9
53,75,126.56872,43.82463,1,1,7,23,7
129,87,126.55043,43.84092,14,1,10,12,10
129,2925,126.52052,43.8226,14,1,9,18,9
31,435,126.55745,43.87074,1,1,8,24,8
53,1103,126.571,43.83152,1,1,9,23,9
31,949,126.58787,43.84927,1,1,9,23,7
31,435,126.55225,43.87237,1,1,7,22,7
31,435,126.56126,43.86132,1,1,8,19,7
53,75,126.56641,43.82734,14,1,9,5,9
53,487,126.57527,43.76621,14,1,8,11,9
53,75,126.57323,43.8249,4,1,7,9,7
53,487,126.54231,43.7914,14,1,6,16,9
31,949,126.59031,43.85295,1,1,10,2,8
129,2688,126.53099,43.82214,1,1,6,27,9
31,4849,126.57867,43.83774,1,1,6,6,14
129,638,126.5442,43.84057,14,1,7,21,8
129,2688,126.53213,43.82191,1,1,8,30,7
53,1103,126.56972,43.83215,1,1,8,4,9
31,949,126.58867,43.86283,1,1,6,3,7
165,2709,126.56801,43.89514,14,0,6,17,8
31,435,126.55382,43.87449,1,1,6,29,14
129,2925,126.51484,43.81485,1,1,6,18,13
53,4474,126.55395,43.81765,14,1,7,28,8
31,2398,126.58414,43.86572,14,1,10,2,8
31,4849,126.5851,43.84057,14,1,9,5,8
165,3156,126.5556,43.91662,14,1,8,3,9
31,435,126.55153,43.87085,1,1,6,3,12
165,1656,126.59333,43.8916,1,1,10,16,8
53,1103,126.57282,43.80797,1,1,7,20,13
129,161,126.54866,43.84869,14,1,6,15,10
129,638,126.55177,43.84028,1,1,7,26,9
31,435,126.5492,43.87227,1,0,6,6,13
165,1656,126.55583,43.94477,14,1,8,8,9
31,949,126.58634,43.86079,1,1,9,29,8
53,75,126.57191,43.82037,1,1,8,3,9
31,949,126.59408,43.86258,14,1,9,17,8
129,2665,126.55501,43.85419,1,1,8,18,8
53,75,126.55796,43.82481,10,1,8,1,8
129,2688,126.5189,43.81937,1,1,7,30,15
53,4474,126.55541,43.81659,1,1,9,24,14
129,2925,126.52053,43.82205,14,1,9,18,9
53,75,126.54724,43.82322,14,1,8,8,9
53,75,126.54834,43.82784,1,1,7,12,8
31,4849,126.5745,43.83881,1,1,9,3,8
31,2398,126.56141,43.88544,14,1,10,2,8
53,1103,126.59977,43.82677,14,1,9,1,9
165,3156,126.54643,43.90839,1,1,8,2,9
129,638,126.55718,43.84379,14,1,6,3,15
53,1103,126.57078,43.80659,1,1,8,16,15
165,3156,126.54682,43.91635,1,0,7,20,8
129,1520,126.5651,43.85289,4,1,9,18,9
31,4849,126.57564,43.83897,1,1,10,2,8
129,1520,126.55009,43.85042,14,1,10,14,8
53,4474,126.54608,43.81452,1,1,9,11,8
129,2925,126.51988,43.82753,1,1,8,9,9
53,75,126.54602,43.82286,1,1,8,11,9
53,1103,126.58971,43.83043,1,1,8,10,9
129,2688,126.53262,43.82252,1,1,8,2,9
31,949,126.59031,43.85269,1,1,8,31,9
129,2665,126.54266,43.84996,1,1,8,15,8
31,4849,126.58033,43.84203,1,1,8,31,13
129,2925,126.51954,43.8301,1,1,7,27,9
53,4474,126.54703,43.81612,1,1,8,19,9
165,3156,126.55383,43.91284,1,1,5,21,10
31,435,126.55286,43.87227,1,1,10,2,8
53,4474,126.55951,43.81977,1,1,8,8,9
129,2665,126.56273,43.84719,7,1,8,13,9
53,75,126.5596,43.83253,1,1,9,22,9
53,1103,126.57278,43.80869,1,1,7,1,12
165,3156,126.54455,43.90506,1,1,7,18,8
53,1103,126.57742,43.82961,1,1,9,24,8
31,4849,126.58346,43.84049,1,1,8,31,13
129,2925,126.51033,43.82197,1,1,8,10,14
165,2709,126.56632,43.90483,1,1,8,31,8
31,949,126.58969,43.86128,1,1,7,22,7
53,75,126.55102,43.82692,1,1,7,8,8
129,161,126.54124,43.84519,1,1,6,12,10
53,75,126.56803,43.82084,1,1,9,2,13
165,1656,126.57364,43.89663,14,1,5,28,15
53,75,126.57534,43.82394,1,1,9,30,8
165,3156,126.54938,43.90747,1,0,6,16,9
165,1656,126.57346,43.92369,1,1,8,22,8
165,1656,126.5538,43.90002,14,1,9,22,9
53,1103,126.58988,43.83041,1,1,9,14,9
129,1520,126.56597,43.85418,12,1,9,8,7
129,2925,126.52331,43.83646,1,1,9,3,7
129,161,126.53922,43.8501,14,1,6,14,10
31,4849,126.57634,43.8423,1,1,9,17,8
129,2925,126.51517,43.81453,1,1,8,15,8
129,2688,126.53337,43.82789,1,1,7,24,8
165,290,126.54735,43.91334,1,1,9,30,8
53,75,126.57298,43.82713,1,1,7,23,8
129,2688,126.50163,43.80223,1,1,7,24,8
129,2688,126.52676,43.82358,1,1,7,21,8
31,435,126.56077,43.86865,1,1,8,30,9
31,435,126.57373,43.87083,1,1,9,3,14
53,75,126.55084,43.82715,1,1,8,8,9
53,75,126.56926,43.81565,1,1,5,17,14
129,2925,126.51796,43.82664,1,1,9,5,8
31,949,126.59296,43.83959,1,1,5,20,14
53,4474,126.55884,43.80254,1,1,9,21,9
165,3156,126.55112,43.90944,1,1,5,14,10
53,1103,126.56729,43.80744,1,1,7,3,12
53,1103,126.58972,43.83042,1,1,8,21,10
31,4849,126.5672,43.84927,7,1,7,17,8
31,4849,126.56774,43.84088,12,1,9,3,8
53,75,126.57734,43.81887,14,1,7,2,8
129,2925,126.51722,43.83077,1,1,9,9,8
53,4474,126.55474,43.80244,14,1,6,26,10
129,2688,126.51759,43.8162,1,1,7,6,8
31,2208,126.53923,43.87049,1,1,5,26,13
129,2688,126.53049,43.82049,1,1,9,21,7
31,949,126.59226,43.84004,1,1,8,12,8
53,75,126.56407,43.82451,12,1,7,1,8
129,2665,126.55933,43.85298,1,1,8,22,9
31,949,126.57575,43.83971,14,1,9,12,8
31,435,126.55287,43.87182,1,1,6,28,13
165,1656,126.56915,43.92142,14,1,8,14,9
53,487,126.52716,43.80236,1,1,7,16,8
129,2688,126.51435,43.81546,14,1,8,8,15
31,949,126.59091,43.84113,1,1,8,21,8
31,3073,126.55017,43.86832,1,1,5,24,9
31,4849,126.57613,43.84522,1,1,8,31,13
129,1520,126.5609,43.85512,1,1,9,25,8
31,4849,126.57304,43.84624,1,1,10,2,8
53,4474,126.54973,43.81791,1,1,9,5,9
165,3156,126.54682,43.9053,14,1,7,27,9
129,2688,126.51298,43.8069,1,1,7,5,8
31,4849,126.57905,43.84534,14,1,9,20,8
31,949,126.59175,43.84064,1,1,7,19,7
129,2688,126.53032,43.82628,1,1,8,8,8
129,638,126.5517,43.84012,1,1,8,3,9
53,487,126.53129,43.80584,1,1,8,30,8
31,949,126.58775,43.84033,14,1,6,12,12
129,2688,126.52149,43.82058,1,1,9,10,15
31,949,126.59128,43.85559,14,1,7,25,7
31,949,126.58867,43.85789,1,1,6,28,8
165,1656,126.54987,43.90655,1,1,10,4,9
53,1103,126.57175,43.8125,1,1,9,11,15
129,1520,126.5409,43.84665,1,1,9,12,7
31,949,126.59097,43.85046,1,1,9,10,8
31,949,126.59033,43.85559,14,1,6,11,8
53,75,126.56868,43.81582,1,1,8,1,8
31,435,126.56244,43.87032,1,1,6,3,7
129,638,126.55344,43.84356,14,1,7,2,9
53,75,126.57017,43.82356,1,1,8,19,9
129,2688,126.513,43.81335,1,1,9,23,15
53,4474,126.54985,43.81541,1,1,8,1,8
53,75,126.57852,43.82142,1,1,8,17,8
53,75,126.57528,43.82287,1,1,9,8,9
53,1103,126.5941,43.83175,1,1,7,2,8
53,75,126.56526,43.82862,0,1,6,6,10
53,75,126.56653,43.8171,1,1,7,31,8
129,2925,126.51352,43.81134,1,1,8,19,8
53,487,126.49466,43.72233,14,1,6,4,10
129,638,126.54462,43.83747,1,1,8,3,9
53,487,126.54234,43.79132,14,1,8,15,9
31,949,126.5941,43.84903,1,1,7,20,7
31,949,126.59567,43.85353,1,1,9,23,7
31,949,126.58892,43.85182,1,1,6,11,9
31,435,126.56199,43.86057,1,1,9,8,8
53,1103,126.5757,43.83051,1,1,7,4,10
53,75,126.55726,43.82475,10,1,7,15,8
129,2925,126.52179,43.82296,14,1,9,8,7
31,949,126.59271,43.84088,1,1,7,28,7
129,1520,126.54414,43.84417,1,1,9,18,9
53,75,126.57034,43.82198,14,1,9,24,8
31,949,126.59246,43.8395,1,1,7,17,8
31,4849,126.56685,43.84819,7,1,8,7,11
129,2925,126.51813,43.82189,1,1,8,27,7
53,1103,126.57073,43.8065,1,1,7,2,11
53,1103,126.57816,43.82814,1,1,7,24,9
31,435,126.55184,43.85701,14,1,6,13,8
31,4849,126.5698,43.83966,14,1,9,27,8
53,487,126.53326,43.80615,1,1,8,12,9
31,4849,126.56858,43.84676,14,1,9,22,8
129,2688,126.51688,43.81188,1,1,8,28,7
53,75,126.56827,43.82473,1,1,8,19,9
53,4474,126.55867,43.79959,1,1,9,22,9
31,949,126.59055,43.8494,14,1,8,22,8
129,2688,126.51698,43.81577,1,1,8,25,8
31,949,126.59094,43.84899,1,1,8,31,9
129,638,126.54615,43.8374,1,1,6,10,9
53,3939,126.55052,43.8282,1,1,5,29,8
31,949,126.54856,43.8697,1,1,6,27,14
129,2688,126.50403,43.80365,1,1,8,12,8
53,75,126.55798,43.82485,10,1,7,30,8
165,3156,126.55762,43.91482,1,0,6,2,9
53,1103,126.57088,43.80644,1,1,6,8,9
53,487,126.592,43.77691,14,1,10,1,8
129,2688,126.51687,43.8118,1,1,9,29,8
165,1656,126.55634,43.91459,1,1,5,25,10
53,1103,126.57175,43.81098,1,1,8,28,13
31,4322,126.54174,43.87766,14,1,6,17,18
129,2688,126.52908,43.82388,1,1,7,26,8
129,638,126.55296,43.8388,1,1,8,1,9
53,1103,126.58109,43.82877,1,1,7,28,9
53,75,126.55398,43.82568,1,1,8,23,8
53,75,126.57197,43.82058,1,1,9,20,8
31,4849,126.57959,43.84424,1,1,8,15,12
165,1656,126.546,43.91366,1,1,8,25,9
129,2925,126.51287,43.83264,1,1,6,17,11
129,638,126.55759,43.84088,1,1,6,27,10
129,1520,126.55499,43.85421,1,1,9,2,7
129,1520,126.53912,43.84492,1,1,9,14,8
53,75,126.56197,43.82639,1,1,6,17,9
53,75,126.56882,43.81907,1,1,8,4,9
53,979,126.55541,43.8078,1,1,6,10,8
129,638,126.55149,43.85354,1,1,6,29,14
53,75,126.5747,43.81947,1,1,9,21,9
129,2688,126.53183,43.82538,1,1,9,18,9
31,435,126.55719,43.85958,1,1,8,14,8
53,75,126.55975,43.83344,1,1,8,23,8
53,487,126.53428,43.80452,14,1,8,12,9
31,949,126.58828,43.83976,14,1,7,9,8
129,2925,126.51651,43.83212,1,1,6,8,10
129,2688,126.50948,43.81173,1,1,8,13,9
53,487,126.52306,43.79943,1,1,7,15,8
129,2688,126.52814,43.82472,1,1,9,23,8
31,4849,126.57591,43.84629,1,1,7,21,7
165,3156,126.54922,43.90713,1,1,7,30,9
53,487,126.53194,43.80514,1,1,7,25,8
165,1656,126.55717,43.91108,3,1,8,22,8
53,4474,126.55554,43.81813,14,1,7,12,8
53,4474,126.55846,43.79948,1,1,8,11,9
31,2208,126.53649,43.87585,14,1,5,28,13
129,2688,126.52815,43.82466,1,1,7,27,9
31,1558,126.57045,43.86601,1,1,10,12,9
129,2688,126.52501,43.81817,1,1,6,28,10
31,435,126.55276,43.87221,1,1,5,28,15
53,487,126.55013,43.79101,1,1,8,12,14
129,638,126.5602,43.84178,14,1,7,24,8
31,949,126.58739,43.84671,1,1,5,29,14
165,2709,126.56852,43.89622,14,1,9,14,8
129,2925,126.51745,43.82679,1,1,6,9,9
129,1520,126.54026,43.84938,1,1,9,19,8
31,4849,126.57051,43.84277,1,1,6,7,8
129,2688,126.52743,43.82513,1,1,7,20,8
31,949,126.58684,43.84312,1,1,9,9,8
53,75,126.56772,43.82716,1,1,8,27,8
53,1103,126.56993,43.80983,1,1,9,10,14
53,1103,126.58976,43.83032,1,1,7,16,9
53,75,126.56088,43.82328,10,1,7,7,9
129,2665,126.56078,43.85214,14,1,8,5,9
31,4849,126.57116,43.84496,1,1,6,18,14
53,4474,126.543,43.82139,1,1,7,29,8
53,75,126.55276,43.82494,1,1,7,13,8
53,4474,126.54371,43.82037,1,1,8,28,8
31,435,126.55591,43.87219,1,1,8,11,8
31,435,126.55283,43.8722,1,1,7,19,7
53,4474,126.54516,43.81592,1,1,7,30,8
53,75,126.55958,43.83246,1,1,9,30,8
53,75,126.5659,43.83068,7,1,7,20,8
53,75,126.56919,43.82172,14,1,7,26,8
53,1103,126.56692,43.80711,1,1,9,27,13
53,75,126.55551,43.82479,1,1,7,20,8
129,87,126.55811,43.8426,1,1,10,4,8
31,435,126.55372,43.87268,1,1,6,17,7
53,4474,126.55302,43.81808,14,1,7,26,9
53,1103,126.56488,43.80861,1,1,7,26,14
129,1520,126.54464,43.84253,1,1,9,15,8
53,4474,126.55707,43.81322,1,1,9,15,14
53,487,126.58429,43.78224,1,1,9,2,8
31,4849,126.57576,43.85101,1,1,8,30,8
53,75,126.575,43.82382,1,1,8,21,9
129,2688,126.5039,43.80272,1,1,7,20,8
31,949,126.59433,43.84166,14,1,7,10,7
129,2925,126.51503,43.8145,1,1,6,18,13
165,1656,126.5415,43.91835,14,1,8,6,12
129,2665,126.55759,43.84729,14,1,8,13,9
129,1520,126.55757,43.84992,1,1,9,22,9
31,435,126.5528,43.87217,1,1,7,19,7
53,75,126.55404,43.8236,1,1,8,25,8
31,1558,126.5676,43.87824,1,1,9,1,10
31,4849,126.58104,43.84255,1,1,9,25,8
53,487,126.59201,43.77702,14,1,9,21,9
129,2688,126.53249,43.82772,1,1,7,11,8
31,949,126.5894,43.86207,1,1,5,29,7
31,435,126.56105,43.87034,1,1,7,24,7
53,1103,126.57048,43.81082,1,1,6,27,16
129,638,126.54479,43.83741,1,1,7,16,9
53,1103,126.56963,43.8095,1,1,7,2,11
53,4474,126.54487,43.8201,14,1,9,15,10
31,4849,126.57518,43.84974,1,0,9,3,14
129,2665,126.55253,43.8483,1,1,8,27,7
129,161,126.56124,43.85042,1,1,6,18,15
53,1103,126.5729,43.80911,1,1,6,30,18
129,2925,126.51408,43.81395,1,1,6,19,9
53,1103,126.57177,43.80656,1,1,9,2,16
129,2688,126.53283,43.82472,1,1,7,18,8
31,949,126.59354,43.84166,14,1,5,25,14
129,1520,126.54033,43.84412,14,1,9,3,11
31,949,126.5848,43.84693,3,1,8,17,7
31,2208,126.54419,43.86756,1,1,6,7,9
53,1103,126.57268,43.80865,1,1,7,1,12
129,1520,126.55248,43.84837,1,1,9,2,7
53,75,126.56225,43.82678,1,1,7,3,8
53,75,126.57731,43.81876,14,1,9,29,8
129,2688,126.53029,43.82627,1,1,8,7,9
31,4849,126.57329,43.85443,1,1,7,11,7
53,75,126.56575,43.8298,7,1,7,14,10
53,75,126.57228,43.82681,1,1,8,1,8
31,949,126.59247,43.84219,1,1,7,18,8
31,4849,126.57365,43.84459,7,1,5,24,9
129,2925,126.52342,43.83647,1,1,9,17,7
31,435,126.55761,43.86913,1,1,10,2,8
129,2925,126.52184,43.82283,14,1,9,4,9
31,4849,126.578,43.83709,14,1,6,9,9
129,2688,126.52724,43.82745,1,1,5,31,9
31,4849,126.57317,43.84512,7,1,8,8,8
31,4849,126.58258,43.83909,14,1,8,9,7
31,435,126.55286,43.87309,1,1,9,18,8
129,2688,126.52034,43.8122,1,1,6,6,17
129,2925,126.51424,43.81677,1,1,8,29,9
129,638,126.55327,43.8427,14,1,6,10,9
53,4474,126.55733,43.81148,14,1,9,7,8
129,2688,126.51628,43.80715,1,1,8,1,8
53,75,126.56605,43.83005,7,1,6,3,13
165,1656,126.56849,43.92062,1,1,6,11,8
129,2925,126.51247,43.81298,1,1,9,19,8
129,2688,126.51409,43.81805,1,1,9,22,8
31,949,126.59285,43.86084,1,1,9,23,7
53,75,126.5641,43.81933,14,1,9,13,8
165,1656,126.55369,43.89974,14,1,9,11,16
165,1656,126.56989,43.89497,14,1,7,19,8
31,949,126.59039,43.85292,1,1,9,26,7
53,75,126.57832,43.82154,1,1,7,29,8
53,1103,126.5727,43.83146,1,1,7,28,9
31,435,126.55287,43.87216,1,1,8,11,8
53,75,126.55906,43.82301,10,1,8,22,8
31,1558,126.5816,43.88073,1,1,9,4,13
53,1103,126.59338,43.83161,1,1,9,19,9
129,2925,126.51535,43.81608,1,1,9,22,8
129,2688,126.52052,43.81285,1,1,7,7,14
53,487,126.53675,43.80703,1,1,7,17,8
129,2925,126.50136,43.81936,14,1,8,10,14
129,2688,126.51677,43.82139,14,1,7,15,14
31,435,126.56157,43.85795,14,1,9,1,8
165,3156,126.5476,43.91109,1,1,5,21,10
31,435,126.55275,43.87216,1,1,8,20,7
53,1103,126.58001,43.82835,1,1,6,1,10
31,1558,126.56574,43.88584,7,1,5,31,17
53,4474,126.55324,43.81708,14,1,9,27,8
165,3156,126.55325,43.91142,1,1,5,19,10
31,435,126.5528,43.8722,1,1,8,30,9
129,638,126.54916,43.83805,10,1,7,25,11
129,2688,126.52197,43.82641,1,1,7,27,10
53,75,126.57235,43.82326,14,1,7,4,9
53,318,126.59581,43.77913,14,1,5,16,8
129,2688,126.52008,43.81579,1,1,8,28,7
129,1520,126.54044,43.84426,14,1,9,10,8
53,1103,126.56986,43.83222,1,1,9,8,10
165,3156,126.55339,43.9123,1,1,6,26,9
53,75,126.57436,43.82403,1,1,9,2,13
53,1103,126.60244,43.82932,1,1,8,28,9
165,3156,126.55064,43.90595,1,1,5,15,11
31,435,126.56358,43.86149,1,1,9,24,8
129,2925,126.52345,43.83653,1,1,9,17,7
129,2688,126.52392,43.82438,1,1,8,31,7
53,1103,126.57617,43.82746,1,1,8,12,9
31,949,126.5924,43.84444,1,1,6,7,8
129,2688,126.52615,43.81446,1,1,6,24,9
129,2688,126.5165,43.80894,1,1,7,6,8
129,2925,126.51793,43.82421,14,1,7,26,9
31,949,126.59224,43.84233,1,1,8,20,8
31,435,126.5556,43.86239,14,1,10,2,8
53,487,126.52989,43.80524,14,1,6,27,18
31,949,126.59095,43.85056,1,1,6,28,13
53,75,126.56263,43.8265,1,1,6,19,9
129,1520,126.54021,43.84929,1,1,9,18,13
129,2688,126.53029,43.82198,14,1,8,2,9
129,2925,126.51887,43.83153,1,1,7,3,9
31,4849,126.57892,43.83904,14,1,6,19,15
129,3458,126.53322,43.83199,1,1,5,30,17
31,949,126.59003,43.83947,1,1,9,8,8
53,1103,126.59647,43.83259,1,1,8,23,10
53,75,126.5522,43.82507,1,1,9,1,9
53,75,126.57115,43.82493,1,1,8,7,9
53,218,126.60415,43.8359,4,0,10,4,9
129,161,126.55262,43.84221,14,1,6,12,10
53,979,126.54679,43.81188,14,1,5,29,14
31,435,126.56204,43.86668,1,1,6,16,7
165,3156,126.54602,43.91633,1,0,6,11,8
53,75,126.57495,43.82475,1,1,8,29,9
31,4849,126.57295,43.84846,1,1,5,27,15
31,4849,126.57799,43.84253,1,1,8,6,8
53,75,126.55425,43.82457,1,1,5,16,8
129,2925,126.51643,43.8141,1,1,9,10,8
53,4474,126.5555,43.8118,1,1,9,24,14
53,75,126.56978,43.81868,1,1,8,9,9
31,4849,126.5736,43.84455,7,1,5,26,12
129,1520,126.56244,43.85447,1,1,9,26,8
31,949,126.58631,43.86333,1,1,6,28,8
53,4474,126.56043,43.81511,14,1,9,26,8
129,638,126.54462,43.83734,1,1,6,29,8
31,435,126.55481,43.87308,1,1,6,3,12
31,949,126.59041,43.84592,1,1,8,27,8
129,2688,126.52038,43.81023,1,1,9,11,8
31,3073,126.55541,43.86761,1,1,6,18,13
129,2665,126.53923,43.8443,14,1,8,12,9
129,2925,126.5151,43.8126,1,1,6,17,11
53,979,126.55544,43.80723,1,1,5,30,9
31,4849,126.56976,43.83952,14,1,8,14,8
53,487,126.54153,43.79282,14,1,8,10,9
129,2688,126.53035,43.82686,1,1,9,5,7
53,75,126.55749,43.83304,1,1,6,28,9
53,4474,126.54675,43.81408,1,1,9,24,8
31,949,126.59165,43.86073,1,1,7,25,7
31,4849,126.57587,43.84619,1,1,9,6,8
129,2688,126.52013,43.80848,1,1,9,13,8
31,3073,126.53762,43.87163,1,1,6,6,9
53,1103,126.56534,43.83194,0,1,7,24,8
53,1103,126.57023,43.80468,1,1,9,15,14
31,2208,126.54009,43.86856,1,1,6,1,11
53,1103,126.57318,43.81066,1,1,9,7,14
129,1520,126.56576,43.84947,7,1,10,12,10
53,75,126.5701,43.81891,1,1,5,31,14
31,435,126.55276,43.87228,1,1,9,16,8
129,1520,126.55841,43.85018,1,1,9,30,9
165,1656,126.55895,43.91414,14,1,7,21,8
129,2688,126.51984,43.82466,1,1,6,14,9
31,4849,126.57583,43.84705,1,1,9,27,8
31,949,126.58975,43.8617,1,1,7,3,7
53,318,126.54153,43.79282,14,1,5,16,8
129,2688,126.52027,43.82054,1,1,8,18,8
165,3156,126.54644,43.90776,1,0,6,27,9
53,1103,126.60493,43.82799,1,1,9,26,9
129,1520,126.54882,43.84414,10,1,9,1,7
31,1558,126.56034,43.87203,1,1,10,16,7
53,4474,126.55144,43.82048,14,1,8,12,9
165,1656,126.55159,43.91176,1,1,9,28,9
31,949,126.58637,43.85995,1,1,6,15,7
165,1656,126.55313,44.02543,14,1,7,28,9
31,435,126.56935,43.87071,1,1,9,29,17
31,949,126.59045,43.85556,14,1,6,12,11
31,152,126.56723,43.88642,14,1,6,6,12
53,1103,126.59858,43.82741,14,1,8,7,10
31,4609,126.55557,43.8624,14,1,6,18,12
53,75,126.5539,43.8256,1,1,8,20,8
165,3156,126.54595,43.91139,1,1,8,16,10
165,1656,126.56687,43.93878,14,1,9,3,9
31,4849,126.5812,43.83897,14,1,10,1,7
53,979,126.55419,43.80477,1,1,5,29,14
31,949,126.58967,43.85795,1,1,7,23,9
129,2688,126.51783,43.81043,1,1,7,17,14
165,1656,126.56343,43.90791,1,1,7,28,8
129,1520,126.55258,43.84677,1,1,9,26,8
53,75,126.55434,43.82549,1,1,8,31,9
53,487,126.56304,43.77406,14,1,9,22,9
31,2208,126.53859,43.87379,14,1,6,18,14
53,2618,126.567,43.80868,1,1,6,3,11
31,949,126.59232,43.84144,1,1,7,4,7
165,1656,126.54435,43.91693,14,1,10,10,8
31,4849,126.5786,43.8377,1,1,6,11,9
165,3156,126.54477,43.91444,1,1,8,13,9
129,1520,126.55257,43.84638,1,1,9,7,7
165,1656,126.57078,43.89813,1,1,7,19,8
165,1656,126.56813,43.90193,1,1,5,29,8
53,75,126.56962,43.8187,1,1,9,5,9
53,1103,126.55932,43.80347,4,1,8,29,13
31,949,126.59073,43.86331,1,1,7,14,8
31,435,126.55275,43.87226,1,1,5,31,18
165,1656,126.56505,43.92716,14,1,9,20,8
53,75,126.57722,43.82168,1,1,8,3,9
53,1103,126.60422,43.82964,1,1,8,20,9
53,1103,126.56743,43.8326,14,1,7,29,10
31,4849,126.57238,43.85379,12,1,7,5,7
31,949,126.58793,43.84378,1,1,5,29,14
31,949,126.59371,43.84851,1,1,6,28,8
31,949,126.59021,43.84124,1,1,8,3,7
53,75,126.57291,43.82127,1,1,7,20,8
53,4474,126.55381,43.81769,14,1,7,18,9
129,2925,126.52282,43.82313,14,1,6,12,9
129,2688,126.52453,43.81719,1,1,9,2,7
53,1103,126.57806,43.8277,1,1,7,20,9
165,3156,126.54431,43.9049,1,0,6,11,8
129,588,126.52662,43.81388,1,1,5,29,19
31,949,126.58485,43.84691,3,1,8,23,7
129,3458,126.53403,43.83214,1,1,6,5,11
165,3156,126.54812,43.91012,1,1,8,19,9
31,4849,126.57228,43.8397,1,1,7,27,8
31,4849,126.56993,43.84848,1,1,8,30,8
31,4849,126.58098,43.8411,1,1,7,20,7
129,1520,126.54515,43.84498,14,1,9,12,7
165,2709,126.57707,43.89587,14,1,9,22,9
31,435,126.56198,43.8693,1,1,8,12,11
31,4849,126.56853,43.84405,14,1,10,2,8
53,4474,126.55475,43.80531,1,1,7,3,8
165,1656,126.53022,43.94002,14,1,8,1,8
53,75,126.55102,43.82338,14,1,7,24,8
53,75,126.56812,43.81287,1,1,9,7,8
31,435,126.55307,43.87194,1,1,5,20,14
53,75,126.55247,43.82119,14,1,8,26,9
129,3458,126.56089,43.84837,14,1,5,17,10
129,2688,126.52832,43.82638,1,1,6,9,14
31,949,126.59147,43.86326,1,1,8,29,8
53,1103,126.57826,43.82896,1,1,8,12,9
53,75,126.5473,43.82325,14,1,10,1,8
31,435,126.55224,43.85898,1,1,7,5,7
53,75,126.55893,43.82282,10,1,7,26,8
31,4849,126.57223,43.85241,14,1,7,26,7
129,2665,126.55496,43.85428,1,1,8,19,8
53,75,126.56117,43.82527,10,1,8,24,8
129,2925,126.51912,43.82717,1,1,8,30,7
53,75,126.57268,43.82344,14,1,9,9,10
31,435,126.56162,43.8618,1,1,7,27,8
53,75,126.56731,43.81728,1,1,7,24,8
165,1656,126.57083,43.93018,1,1,8,3,8
129,1520,126.56134,43.85211,14,1,10,14,8
53,1103,126.57676,43.82757,1,1,9,24,8
31,4849,126.57887,43.84077,1,1,8,1,7
31,4849,126.57522,43.8417,1,1,9,6,8
129,323,126.52288,43.83478,14,1,9,28,9
129,161,126.56382,43.85712,7,1,6,18,15
31,435,126.55306,43.87192,1,1,6,2,8
31,435,126.55274,43.87217,1,1,9,6,8
53,75,126.57885,43.82493,14,1,7,27,9
53,75,126.55312,43.83057,1,1,8,8,9
53,1103,126.57432,43.83094,1,1,6,12,9
165,1656,126.59468,43.89129,1,1,10,7,8
53,2138,126.54771,43.79618,14,0,6,22,2
129,2688,126.53026,43.82478,1,1,8,31,7
165,3156,126.54874,43.91348,1,1,8,14,9
165,2709,126.56504,43.9081,7,0,6,9,8
129,2665,126.549,43.84874,14,1,8,28,7
129,2925,126.52329,43.83666,1,1,8,10,8
53,75,126.56643,43.81858,14,1,8,4,16
129,2688,126.53548,43.82835,1,1,5,15,13
129,2688,126.52974,43.82411,1,1,7,17,14
31,4849,126.57186,43.84756,1,1,8,29,13
53,1103,126.57152,43.81072,1,1,7,11,12
31,949,126.59137,43.86153,1,1,5,18,8
165,3156,126.55638,43.91457,1,1,7,16,8
31,949,126.5908,43.8511,1,1,7,8,8
129,2688,126.52013,43.81254,1,1,9,27,9
53,75,126.56299,43.832,14,1,7,26,8
165,290,126.55354,43.9075,1,1,9,20,10
31,435,126.55275,43.87219,1,1,9,12,8
53,75,126.56642,43.83004,1,1,8,10,8
165,3156,126.54827,43.90057,1,1,5,19,10
129,638,126.54478,43.83696,1,1,6,10,15
129,2925,126.51609,43.81755,1,1,9,16,9
31,4849,126.57356,43.84461,7,1,6,8,9
53,75,126.5469,43.82558,14,1,7,4,9
53,979,126.55769,43.80844,1,1,6,8,13
53,487,126.59603,43.77975,14,1,9,6,9
129,2925,126.51279,43.8124,1,1,8,16,8
53,1103,126.59822,43.83404,1,1,8,20,9
53,1103,126.57112,43.81136,1,1,10,2,10
31,949,126.59343,43.84165,14,1,6,18,7
165,1656,126.56592,43.92867,14,1,8,8,9
165,3156,126.5492,43.90743,1,0,6,2,9
129,2688,126.52849,43.82187,14,1,7,3,8
31,949,126.58744,43.84748,1,1,6,29,14
31,4849,126.5703,43.85145,14,1,7,19,7
129,638,126.54562,43.84045,14,1,7,15,8
53,75,126.57075,43.82994,1,1,5,31,9
31,949,126.59387,43.84004,1,1,5,20,14
129,638,126.55715,43.84008,1,1,7,26,9
165,3156,126.54962,43.90686,1,1,8,7,10
31,4849,126.5829,43.84468,4,1,8,22,8
53,4474,126.54252,43.81715,1,1,8,12,9
129,2665,126.56367,43.84774,7,1,8,15,8
31,949,126.58966,43.84077,1,1,6,9,13
129,2688,126.52025,43.81187,1,1,6,29,8
31,949,126.5924,43.86251,1,1,8,24,8
31,4849,126.57557,43.85146,1,1,10,2,8
53,4474,126.54512,43.81642,1,1,8,20,8
129,2688,126.53451,43.8274,1,1,7,6,8
129,2945,126.51456,43.81194,1,1,10,1,8
53,1103,126.59588,43.83309,1,1,8,23,10
31,435,126.55289,43.8722,1,0,5,27,14
53,75,126.56709,43.82207,14,1,7,13,8
31,2398,126.56816,43.88525,14,1,10,2,8
31,435,126.54871,43.87374,1,1,6,18,13
31,435,126.5528,43.87218,1,1,8,5,8
129,2925,126.51302,43.81436,1,1,7,22,8
129,638,126.55288,43.8412,1,1,6,29,9
31,435,126.56482,43.86194,14,1,7,14,8
31,949,126.59212,43.84724,1,1,7,20,7
129,2688,126.51632,43.80704,1,1,6,29,8
53,75,126.57317,43.82402,1,1,10,1,8
31,4322,126.54255,43.87898,14,1,5,29,13
129,638,126.55927,43.84028,1,1,6,5,10
53,487,126.53324,43.80627,1,1,8,28,8
53,2618,126.56648,43.80851,1,1,6,4,15
31,949,126.59326,43.86164,1,1,8,6,7
129,1520,126.56571,43.84935,7,1,9,30,9
129,2688,126.51636,43.8101,1,1,7,20,8
129,2665,126.54451,43.84195,14,1,8,24,7
31,949,126.58685,43.84515,14,1,9,20,8
53,4474,126.54719,43.81577,1,1,6,30,11
129,2925,126.5228,43.83611,1,1,8,15,8
53,4474,126.5608,43.80962,4,1,8,8,10
53,1103,126.56702,43.80711,1,1,9,24,13
53,4474,126.54859,43.81873,14,1,8,27,8
165,1656,126.5509,43.90242,14,1,9,1,8
53,487,126.56297,43.77411,14,1,9,25,8
53,75,126.56721,43.8208,1,1,8,26,9
53,1103,126.57088,43.80646,1,1,9,9,16
129,2688,126.52092,43.82084,1,1,7,17,9
129,2665,126.55377,43.84543,14,1,8,27,7
129,2925,126.51558,43.81804,1,1,9,20,9
31,4849,126.5699,43.83882,1,1,8,26,9
165,3156,126.55078,43.90601,1,1,8,2,9
129,1520,126.56349,43.85651,14,1,9,29,8
53,4474,126.55638,43.81344,1,1,8,17,8
129,2688,126.50388,43.80286,1,1,7,18,8
129,2688,126.51688,43.81184,1,1,9,4,9
31,435,126.55283,43.87218,1,1,7,30,8
31,949,126.58866,43.84695,1,1,8,24,8
31,4849,126.56805,43.85185,14,1,9,20,8
53,4474,126.5511,43.81896,14,1,8,20,8
31,435,126.56131,43.86888,1,1,8,17,8
31,949,126.59011,43.84624,4,1,8,24,8
31,4849,126.56632,43.84135,14,1,6,28,14
53,4474,126.54947,43.81911,1,1,7,27,8
53,75,126.54602,43.82328,1,1,9,24,8
165,1656,126.55761,43.91127,3,1,8,2,8
53,4474,126.5562,43.81549,1,1,7,16,8
165,1656,126.57676,43.90538,14,0,6,12,8
129,161,126.54419,43.85038,1,1,6,17,18
165,1656,126.5651,43.92863,14,1,7,31,9
129,1520,126.54861,43.84597,1,1,9,11,8
53,487,126.52227,43.80155,1,1,9,4,8
53,75,126.56638,43.82684,14,1,6,11,8
53,1103,126.57177,43.81249,1,1,9,2,16
165,2709,126.56503,43.90816,7,1,7,11,8
129,2302,126.55343,43.84753,14,1,7,11,9
53,4474,126.56118,43.81568,14,1,9,24,9
165,3156,126.54822,43.90069,1,0,6,8,9
53,4474,126.55888,43.80223,1,1,7,6,8
53,2618,126.57435,43.83104,1,1,6,7,8
53,75,126.57678,43.8251,1,1,7,31,11
129,2688,126.51475,43.82114,1,1,9,21,7
31,4849,126.57364,43.85139,14,1,7,27,8
129,2688,126.51495,43.8096,1,1,7,15,7
31,949,126.59045,43.85553,14,1,6,7,8
31,435,126.55121,43.87108,1,1,5,29,17
31,4849,126.57826,43.84303,1,1,8,20,8
129,1520,126.55862,43.8479,14,1,9,24,8
53,75,126.56595,43.83068,7,1,7,18,8
129,2925,126.49904,43.81958,14,1,8,15,8
53,1103,126.57891,43.82954,1,1,9,3,10
31,4849,126.57302,43.84633,1,1,5,29,8
53,75,126.56631,43.83067,3,1,9,11,8
129,2688,126.53482,43.82764,1,1,7,7,14
165,1656,126.62358,43.88823,14,0,6,19,9
129,1520,126.55835,43.848,14,1,9,28,9
53,4474,126.55174,43.81154,14,1,7,19,8
31,435,126.55423,43.87384,1,1,9,12,8
53,4474,126.54202,43.81833,1,1,8,31,8
53,1103,126.57143,43.83205,1,1,8,1,9
129,638,126.54981,43.84724,1,1,7,15,8
53,75,126.56788,43.82334,1,1,7,14,10
31,4849,126.5687,43.83928,13,1,8,15,8
129,2925,126.51049,43.83312,1,1,9,6,8
31,949,126.54939,43.86676,1,1,5,16,13
31,4849,126.57761,43.83967,14,1,6,27,8
129,3853,126.47676,43.94639,14,1,6,10,14
165,2709,126.56476,43.91439,14,1,5,26,10
129,2688,126.5257,43.81733,1,1,6,29,8
53,487,126.59476,43.77867,14,1,9,18,8
53,75,126.56848,43.81508,1,1,7,24,8
31,949,126.5476,43.86897,1,1,5,17,17
31,435,126.55302,43.872,1,1,9,7,8
31,4849,126.58115,43.84406,1,1,8,1,7
129,3458,126.54906,43.84881,14,1,5,17,10
31,949,126.59131,43.86328,1,1,8,31,9
53,4474,126.54965,43.8154,1,1,8,9,14
31,949,126.58788,43.85818,1,1,9,27,8
129,638,126.54824,43.84517,1,1,8,1,9
129,2688,126.53075,43.82761,1,1,6,28,10
53,75,126.57046,43.82818,1,1,9,24,8
53,1103,126.57096,43.83151,1,1,8,20,9
31,4849,126.572,43.84103,1,1,6,14,8
31,3073,126.54769,43.86903,1,1,5,29,13
53,487,126.59382,43.77895,14,1,9,12,9
53,4474,126.55148,43.81676,14,1,8,10,16
31,4849,126.57324,43.84494,7,1,8,11,8
53,75,126.55568,43.82486,1,1,8,2,8
129,2688,126.52171,43.81402,1,1,8,23,8
53,1103,126.58019,43.82836,1,1,7,29,10
165,3156,126.55418,43.90064,14,1,8,16,10
129,2665,126.55546,43.85388,1,1,8,23,9
129,2665,126.54659,43.85125,14,1,8,10,8
31,949,126.58763,43.85899,1,1,9,1,8
31,949,126.59354,43.84178,14,1,5,17,8
165,3156,126.55523,43.89921,1,1,8,12,9
165,1656,126.55371,43.90704,1,0,5,23,9
31,949,126.58837,43.85588,14,1,8,6,7
53,487,126.53698,43.80509,14,1,6,7,9
31,435,126.55286,43.87215,1,1,9,7,8
129,2688,126.52732,43.81551,1,1,8,12,14
31,949,126.58781,43.84887,1,1,7,26,7
31,4849,126.56729,43.84924,7,1,7,29,8
53,4474,126.54669,43.82116,14,1,9,21,9
31,435,126.55471,43.87302,1,1,6,27,15
31,949,126.58779,43.84049,14,1,7,10,7
31,435,126.56172,43.8704,1,1,8,4,8
53,4474,126.55755,43.80084,1,1,9,28,8
53,487,126.53338,43.80629,1,1,6,19,13
31,949,126.59437,43.84075,14,1,5,20,8
31,4849,126.57385,43.85404,14,1,9,5,8
165,3156,126.55606,43.91396,1,1,7,29,9
53,75,126.5662,43.82717,14,1,7,3,8
31,435,126.56237,43.86187,1,1,8,10,8
129,2688,126.51681,43.81178,1,1,9,22,8
53,4474,126.54523,43.81599,1,1,9,21,9
53,75,126.55328,43.83043,1,1,7,21,8
53,1103,126.57174,43.83108,14,1,7,26,9
129,1520,126.56099,43.84773,14,1,9,21,7
31,949,126.5924,43.86252,1,1,8,10,11
31,4849,126.56959,43.84507,1,1,6,6,14
129,2925,126.51313,43.81471,1,1,7,31,13
165,1656,126.57308,43.92297,1,1,8,8,9
165,3156,126.55305,43.90079,7,1,8,11,9
53,487,126.53252,43.80604,1,1,9,20,8
129,2925,126.51453,43.81203,1,1,8,25,8
53,487,126.59522,43.7798,14,1,8,29,9
165,1656,126.5428,43.91501,14,1,7,8,9
165,1656,126.57326,43.93146,1,1,8,6,8
31,1558,126.5825,43.86336,1,1,10,12,9
165,3156,126.554,43.90008,14,1,8,10,11
31,4849,126.57403,43.85315,1,1,9,4,8
129,2925,126.5114,43.83294,1,1,6,8,10
53,1103,126.56595,43.83203,14,1,9,16,9
53,1103,126.5853,43.82211,1,1,7,30,8
129,638,126.55777,43.84454,14,1,6,13,10
31,949,126.59224,43.84354,1,1,6,12,11
31,4849,126.58398,43.84317,1,1,6,25,13
53,1103,126.57743,43.82965,1,1,7,30,8
31,435,126.57578,43.869,1,1,8,18,15
53,75,126.5532,43.83042,1,1,7,27,8
53,75,126.55504,43.82228,10,1,8,14,8
129,2688,126.52825,43.82632,1,1,9,8,7
31,4849,126.57666,43.85155,1,1,9,11,9
53,4474,126.55731,43.81942,14,1,9,24,9
129,638,126.54901,43.83981,14,1,7,21,9
53,4474,126.55758,43.80076,1,1,7,31,8
53,487,126.55383,43.78757,14,1,8,12,14
165,3156,126.54909,43.90088,1,0,7,1,8
53,4474,126.54474,43.81702,1,1,8,12,9
129,1520,126.56655,43.85629,14,1,9,20,9
53,1103,126.58007,43.82839,1,1,7,23,9
53,4474,126.55152,43.81672,14,1,8,13,9
53,75,126.5612,43.82724,14,1,7,14,9
53,1103,126.57223,43.81134,1,1,8,15,13
31,4849,126.57422,43.84256,14,1,8,25,15
31,435,126.55182,43.85701,14,1,7,10,7
129,1520,126.5576,43.85314,14,1,9,13,8
53,1103,126.57659,43.82672,1,1,7,25,9
31,949,126.59109,43.8604,1,1,8,23,7
31,4849,126.57281,43.84459,7,1,7,21,7
31,4849,126.56699,43.84733,7,1,7,31,12
31,949,126.59187,43.83962,1,1,9,3,8
129,2688,126.51454,43.80842,1,1,6,16,8
129,87,126.55639,43.8418,1,1,10,6,8
53,75,126.56649,43.81453,1,1,7,14,16
53,4474,126.55813,43.81668,1,1,9,22,9
53,1103,126.59647,43.83243,1,1,7,31,9
129,2665,126.55446,43.85293,1,1,8,31,7
53,75,126.56129,43.82723,14,1,8,28,8
129,638,126.54185,43.84922,1,1,7,8,8
31,4849,126.57311,43.84622,1,1,8,13,8
31,435,126.55538,43.87143,1,1,7,24,8
31,4849,126.5835,43.84147,1,1,9,19,7
31,435,126.55945,43.85935,14,1,8,21,7
129,2688,126.5179,43.81058,1,1,8,11,8
31,949,126.59091,43.84125,1,1,8,11,8
129,638,126.56401,43.84247,14,1,7,28,8
129,2688,126.51951,43.81341,1,1,7,7,14
31,949,126.58623,43.86008,1,1,6,9,8
129,638,126.562,43.84211,14,1,7,15,8
129,2688,126.51968,43.81915,1,1,7,17,9
129,2925,126.51801,43.82756,1,1,9,25,8
31,949,126.59351,43.85983,1,1,8,3,7
129,2925,126.51944,43.82624,1,1,8,4,9
53,979,126.54874,43.81743,1,1,6,1,14
53,75,126.57066,43.82999,1,1,6,3,13
129,1520,126.54279,43.84154,1,1,9,28,9
129,638,126.55274,43.84112,1,1,7,3,9
53,75,126.56221,43.82609,1,1,7,24,8
129,638,126.54469,43.83733,1,1,7,23,9
53,1103,126.57039,43.81098,1,1,6,28,13
129,2665,126.56301,43.85007,14,1,8,17,8
53,75,126.54835,43.82367,14,1,9,21,9
31,435,126.55253,43.87239,1,1,8,27,11
31,4849,126.57637,43.85072,1,1,7,11,7
129,2925,126.50337,43.81448,1,1,8,12,9
129,323,126.50997,43.81123,1,1,9,28,10
53,487,126.56564,43.76643,14,1,8,31,8
53,487,126.52517,43.80361,1,1,7,11,8
31,4849,126.58329,43.83898,14,1,9,25,8
31,435,126.56177,43.8627,1,1,8,11,8
129,2688,126.52131,43.81308,1,1,6,14,9
53,1103,126.56713,43.80131,1,1,8,17,13
31,949,126.59124,43.84482,1,1,8,18,7
165,3156,126.55518,43.91556,14,1,5,24,9
129,2688,126.52785,43.82231,14,1,8,26,10
53,1103,126.56976,43.83216,1,1,7,31,9
53,4474,126.55767,43.81727,1,1,7,22,8
53,1103,126.56979,43.80759,1,1,10,1,12
31,949,126.59173,43.84058,1,1,7,5,8
53,75,126.56448,43.82869,0,1,9,28,8
31,435,126.56076,43.871,1,1,6,18,7
165,1656,126.55486,43.91593,14,1,5,31,17
31,435,126.56192,43.86765,1,1,6,29,9
31,949,126.59226,43.84523,1,1,9,11,8
31,435,126.57454,43.871,1,1,6,18,17
53,1103,126.58739,43.82904,1,1,8,5,9
129,2688,126.51999,43.8206,1,1,7,16,9
31,4849,126.58236,43.8415,1,1,8,5,7
129,2665,126.54657,43.8512,14,1,8,16,8
31,949,126.5923,43.84146,1,1,6,10,8
31,435,126.55176,43.8703,1,1,7,19,7
53,75,126.5766,43.825,1,1,9,23,9
53,1103,126.57847,43.8291,1,1,9,16,9
53,4474,126.55831,43.80041,1,1,9,30,8
31,435,126.55272,43.87225,1,1,8,3,8
129,2688,126.51824,43.81094,1,1,7,8,8
31,949,126.5874,43.84253,1,1,9,30,8
53,75,126.57497,43.8214,1,1,10,2,8
129,2925,126.51794,43.82664,1,1,6,13,9
53,75,126.56649,43.82996,1,1,9,2,8
31,4849,126.57443,43.83892,1,1,5,17,8
53,854,126.59183,43.79003,14,1,6,18,13
53,75,126.56835,43.81275,1,1,8,18,8
165,1656,126.56509,43.90943,14,1,7,28,9
53,4474,126.55119,43.8045,1,1,8,17,8
31,4849,126.57231,43.85238,14,1,7,29,8
53,4474,126.55535,43.81264,1,1,7,25,8
129,2688,126.51835,43.82306,14,1,6,28,16
31,4322,126.56246,43.88571,14,1,5,29,15
31,4849,126.58197,43.83924,14,1,7,21,7
129,2688,126.53314,43.82555,1,1,6,15,9
31,2208,126.54078,43.86773,1,1,6,13,9
31,4849,126.56729,43.84917,7,1,7,8,8
53,1756,126.58837,43.82344,14,1,5,31,9
53,1103,126.57627,43.82744,1,1,9,16,9
53,1756,126.59189,43.8234,14,1,6,1,15
53,1103,126.57873,43.82742,1,1,8,29,9
53,75,126.55312,43.82993,1,1,8,19,9
129,638,126.54287,43.8449,3,1,7,20,8
129,2925,126.51399,43.81359,1,1,8,14,9
31,435,126.559,43.86046,14,1,9,9,8
53,75,126.56468,43.81507,1,1,8,20,15
53,1103,126.5724,43.8125,1,1,9,30,13
53,75,126.55014,43.82924,1,1,7,16,8
31,4849,126.58056,43.84562,14,1,8,29,13
53,75,126.55672,43.82436,10,1,8,31,9
53,1087,126.57944,43.8298,1,1,6,17,10
31,949,126.59248,43.83944,1,1,9,6,8
53,1103,126.56976,43.80542,1,1,9,11,15
129,2688,126.52371,43.81662,1,1,6,3,16
31,1558,126.57224,43.87696,1,1,10,5,7
129,2945,126.51587,43.81745,1,1,10,1,8
129,87,126.54668,43.839,14,1,10,5,8
53,75,126.56902,43.82046,1,1,9,27,8
53,1103,126.5643,43.80344,4,1,6,8,9
129,2688,126.53285,43.82523,1,1,6,30,9
129,1520,126.53763,43.84659,1,1,10,6,8
53,4474,126.55816,43.81492,1,1,7,2,12
129,2925,126.51609,43.813,1,1,7,25,8
129,2925,126.51508,43.81686,1,1,8,13,9
31,4849,126.58375,43.84171,1,1,9,4,8
53,75,126.55923,43.8325,1,1,10,1,8
129,2688,126.53025,43.82633,1,1,9,24,8
129,2688,126.52998,43.82797,14,1,9,13,8
53,1103,126.5708,43.80651,1,1,9,4,16
129,2688,126.53515,43.82929,1,1,8,20,8
53,1103,126.58029,43.82791,1,1,9,12,10
31,949,126.59129,43.86084,1,1,8,29,8
31,4849,126.58142,43.84521,1,1,9,4,8
129,2925,126.49867,43.81722,1,1,8,13,9
129,1520,126.55987,43.84734,14,1,9,22,8
129,2688,126.52287,43.81396,1,1,7,27,9
31,4849,126.57924,43.84725,14,1,7,16,9
53,4474,126.54334,43.81537,1,1,6,26,15
53,1103,126.57114,43.8319,1,1,8,3,9
31,4849,126.58509,43.83972,1,1,8,22,9
165,1656,126.55394,43.9187,14,0,6,6,9
31,3073,126.54588,43.86742,1,1,5,31,13
129,161,126.55777,43.84957,1,1,6,16,9
31,4849,126.542,43.86991,1,1,8,31,9
129,2688,126.51829,43.80856,1,1,9,30,9
165,3156,126.55007,43.90441,1,1,7,25,10
129,2688,126.53006,43.82635,1,1,7,18,8
129,2925,126.51329,43.8147,1,1,7,3,9
165,3156,126.55416,43.90054,14,0,6,5,10
31,949,126.596,43.84508,14,1,8,13,7
31,949,126.59107,43.83825,1,1,6,6,15
31,949,126.5919,43.85608,14,1,6,8,8
31,3073,126.55438,43.86651,1,1,5,31,13
31,4849,126.58354,43.83667,14,1,8,22,9
129,2688,126.52419,43.81488,1,1,8,21,8
165,1656,126.57824,43.91614,14,1,10,2,10
31,4849,126.5754,43.839,1,1,7,17,8
165,1656,126.55384,43.91281,1,1,9,22,9
165,3156,126.55502,43.89956,1,1,5,19,10
31,949,126.59365,43.83981,1,1,9,5,8
31,4849,126.57551,43.85297,1,1,8,25,15
129,2688,126.52535,43.82397,1,1,7,31,13
165,1656,126.5724,43.93179,1,1,8,11,9
165,1656,126.56342,43.92079,14,1,9,4,8
53,979,126.5452,43.81537,1,1,6,3,8
53,75,126.5432,43.82418,1,1,8,7,8
31,949,126.59181,43.83972,1,1,9,27,8
53,1103,126.5985,43.83096,1,1,7,18,9
53,4474,126.55328,43.81816,14,1,7,11,8
31,4849,126.5763,43.83919,1,1,6,19,9
53,1103,126.57881,43.82958,1,1,8,22,10
129,2688,126.53143,43.8284,14,1,8,22,9
165,1656,126.56576,43.92789,14,1,8,11,9
129,1520,126.55139,43.84891,1,1,9,25,8
53,1103,126.56683,43.83248,14,1,8,16,10
31,4849,126.57145,43.83891,1,1,6,14,8
129,2925,126.51606,43.81759,1,1,9,18,9
165,3156,126.56322,43.9103,7,1,8,19,9
53,1756,126.58967,43.8218,1,1,6,17,9
165,1656,126.54415,43.9148,1,1,9,25,9
53,75,126.54559,43.82618,1,1,8,13,9
129,2688,126.50482,43.8026,1,1,7,31,14
129,3458,126.55822,43.848,14,1,6,27,10
53,2289,126.57289,43.80961,1,1,5,29,13
53,4474,126.54629,43.81719,14,1,6,27,9
31,1558,126.53812,43.86902,1,1,9,13,9
165,3156,126.54846,43.91318,1,0,6,2,9
129,161,126.56396,43.85333,14,1,6,18,15
129,2688,126.52932,43.82567,1,1,8,11,14
53,1103,126.57435,43.83095,1,1,8,10,9
31,4849,126.57489,43.85046,1,1,7,14,7
165,1656,126.55908,43.92102,14,1,6,30,10
53,75,126.56835,43.81467,1,1,8,27,16
31,949,126.59572,43.84187,1,1,9,27,8
53,487,126.55279,43.78836,14,1,5,17,8
31,435,126.55266,43.87154,1,1,7,25,8
53,75,126.54806,43.8244,1,1,6,7,8
129,2688,126.51564,43.80806,1,1,9,29,8
165,3156,126.55562,43.91524,14,0,7,2,9
53,1103,126.57038,43.83086,14,1,7,12,9
129,323,126.52039,43.82449,1,1,9,29,9
53,1103,126.57296,43.808,1,1,6,1,18
165,3156,126.54648,43.90761,1,0,6,6,9
53,75,126.54312,43.8237,1,1,8,13,9
53,1103,126.57147,43.80594,1,1,7,27,13
31,949,126.59247,43.8625,1,1,6,19,8
31,435,126.57462,43.87121,1,1,6,17,16
129,2688,126.52544,43.8198,1,1,7,25,8
165,3867,126.62784,43.8908,14,1,7,27,8
165,3156,126.55419,43.90052,14,1,7,18,8
165,1656,126.56934,43.92989,1,1,7,24,8
53,75,126.57906,43.81993,14,1,9,4,8
129,2688,126.50939,43.82339,4,1,6,16,8
53,4474,126.55929,43.81603,1,1,7,30,8
53,75,126.56053,43.82021,10,1,7,29,8
31,949,126.58706,43.85777,14,1,7,21,7
53,1103,126.59836,43.83106,1,1,7,28,9
129,2925,126.50732,43.824,14,1,8,10,9
129,1520,126.55239,43.84912,1,1,9,21,8
53,1103,126.5708,43.81304,1,1,6,8,9
31,4849,126.57487,43.85051,1,1,7,17,8
53,487,126.54592,43.79262,14,1,5,29,16
165,3156,126.55339,43.91231,1,1,7,31,9
129,1520,126.56491,43.84767,7,1,9,14,8
31,435,126.56344,43.85909,14,1,7,25,8
31,435,126.55203,43.87203,1,0,9,25,12
31,435,126.55271,43.8722,1,1,8,29,13
129,2665,126.56564,43.848,7,1,8,3,8
53,75,126.54627,43.8228,1,1,8,12,9
53,487,126.53251,43.80603,1,1,9,16,8
53,4474,126.55621,43.81222,1,1,7,23,7
53,1103,126.60254,43.83277,14,1,7,18,9
31,3073,126.54873,43.8665,1,1,5,27,8
31,949,126.58826,43.8402,14,1,9,17,8
53,4474,126.55833,43.8005,1,1,8,3,9
129,2688,126.51508,43.81752,1,1,7,7,9
53,4474,126.55122,43.81766,14,1,9,23,9
129,2925,126.51534,43.81617,1,1,7,5,9
31,435,126.55048,43.86118,1,1,8,24,8
53,1103,126.56422,43.80347,4,1,9,13,14
53,4474,126.55697,43.8086,1,1,8,27,8
129,2688,126.51826,43.82282,14,1,6,10,15
31,435,126.55282,43.87136,1,1,5,30,15
53,1103,126.58026,43.82932,1,1,9,29,9
129,2925,126.51628,43.82528,1,1,8,13,8
31,949,126.59023,43.85039,1,1,8,31,9
129,1520,126.54902,43.84889,14,1,10,16,8
129,2665,126.55337,43.8526,14,1,8,30,7
53,1103,126.56439,43.80953,4,1,9,1,13
31,4849,126.57297,43.8462,1,1,9,6,8
53,1103,126.5722,43.83084,14,1,6,10,9
53,2060,126.54646,43.81861,14,1,6,1,8
129,2925,126.51837,43.82209,14,1,7,29,9
129,1520,126.55485,43.84652,4,1,10,7,8
53,487,126.52503,43.8036,1,1,8,27,8
53,75,126.57324,43.82202,1,1,7,25,8
31,949,126.5907,43.85021,1,1,9,30,8
165,2709,126.55575,43.90913,14,1,7,22,8
53,75,126.55323,43.83045,1,1,7,6,8
129,2665,126.55221,43.84805,1,1,8,28,7
129,2925,126.51233,43.81297,1,1,8,26,7
53,4474,126.56114,43.79953,14,1,10,1,8
53,75,126.56007,43.82513,1,1,6,18,15
165,1656,126.5661,43.92745,14,1,8,31,8
53,75,126.54815,43.82896,1,1,8,9,8
53,1103,126.5686,43.81171,1,1,6,9,13
53,75,126.56024,43.8254,1,1,8,20,8
53,75,126.56656,43.81998,14,1,9,15,9
53,1103,126.57218,43.80692,1,1,9,11,15
129,2688,126.52569,43.81723,1,1,6,27,9
53,75,126.57122,43.82335,1,1,9,18,8
129,87,126.55595,43.8393,10,1,10,22,10
31,4849,126.5743,43.84936,1,1,7,29,8
31,435,126.54909,43.86925,1,1,9,3,11
53,1103,126.57085,43.80644,1,1,7,9,12
165,1656,126.56401,43.92115,14,1,8,12,9
31,1558,126.56098,43.87033,1,1,10,3,9
53,487,126.53642,43.8046,14,1,6,10,8
53,487,126.54247,43.79144,14,1,7,23,7
53,75,126.57037,43.8218,14,1,6,1,14
53,75,126.57004,43.81731,1,1,9,29,8
53,75,126.56362,43.82352,14,1,7,23,7
53,75,126.57165,43.82859,1,1,7,30,8
31,4849,126.56726,43.84697,7,1,7,6,7
165,1656,126.55268,43.91157,1,1,9,19,8
53,75,126.56643,43.81396,14,1,9,10,8
53,75,126.56888,43.81306,1,1,6,13,8
129,2688,126.51643,43.80892,1,1,7,31,13
31,949,126.59076,43.85144,1,1,7,10,7
129,1520,126.5459,43.84599,1,1,9,2,11
31,949,126.59499,43.84607,14,1,7,23,9
165,3156,126.54152,43.91798,14,1,6,29,9
129,1520,126.56425,43.84745,7,1,10,19,8
31,949,126.59307,43.86041,1,1,6,19,8
129,2925,126.51929,43.82843,1,1,8,20,9
53,75,126.5431,43.82371,1,1,9,16,8
31,4849,126.56837,43.85042,14,1,7,13,7
53,1103,126.58848,43.82885,1,1,7,26,9
129,2688,126.51737,43.81197,1,1,9,21,7
129,2688,126.51186,43.80792,1,1,9,7,7
31,949,126.58826,43.83971,14,1,8,12,14
53,1103,126.57582,43.82861,1,1,5,30,13
53,487,126.54985,43.79012,1,1,6,14,9
53,1103,126.5717,43.81081,1,1,8,7,13
129,2688,126.53319,43.82552,1,1,9,14,8
129,2925,126.52309,43.82283,14,1,9,3,7
129,1520,126.53882,43.84673,1,1,9,26,8
53,4474,126.5586,43.80751,1,1,8,19,9
31,949,126.59325,43.84505,1,1,7,17,8
165,3156,126.54945,43.90745,1,0,7,20,8
129,2688,126.53289,43.82474,1,1,8,27,7
53,75,126.57204,43.82051,1,1,7,15,9
165,3156,126.54594,43.9086,1,1,7,25,10
53,1103,126.56711,43.83245,14,1,7,18,9
129,1520,126.55732,43.84597,14,1,9,2,7
129,2688,126.5171,43.81115,1,1,7,19,8
31,435,126.56208,43.86924,1,1,6,29,9
53,4474,126.54829,43.8138,14,1,8,31,8
53,1103,126.57641,43.82986,1,1,7,3,8
53,1103,126.5695,43.81016,1,1,9,7,14
129,2688,126.51681,43.81163,1,1,9,5,7
129,2665,126.5441,43.85043,1,1,8,8,8
165,1656,126.55684,43.91551,1,1,9,1,8
129,2688,126.52702,43.82186,1,1,8,21,8
129,2665,126.55089,43.85856,1,1,8,19,10
31,4849,126.56734,43.85215,12,1,8,11,15
129,2688,126.52492,43.81606,1,1,6,17,18
31,435,126.55287,43.87214,1,1,9,6,8
53,1103,126.57089,43.8065,1,1,6,9,13
31,1558,126.57127,43.85602,14,1,10,17,8
165,1656,126.56579,43.9056,1,1,7,28,8
31,1558,126.57689,43.88563,14,1,9,10,8
165,3156,126.55768,43.91636,14,1,7,25,10
53,487,126.56412,43.78332,14,1,6,8,15
165,1656,126.5665,43.91075,14,1,7,28,9
31,2208,126.54746,43.87329,1,1,5,28,18
31,4849,126.56795,43.84607,7,1,9,30,8
129,2688,126.53076,43.82123,1,1,7,2,9
129,2688,126.51806,43.82424,14,1,8,8,15
129,1520,126.54319,43.8431,1,1,9,17,7
31,435,126.55194,43.85796,14,1,8,31,13
129,2688,126.5182,43.80856,1,1,8,18,8
53,979,126.55612,43.80457,1,1,5,30,9
53,487,126.55124,43.78677,14,1,9,16,8
53,487,126.57944,43.78371,14,1,8,13,9
53,487,126.53036,43.80333,14,1,6,8,15
53,487,126.59194,43.77706,14,1,10,1,8
129,638,126.55428,43.84132,1,1,7,30,10
53,75,126.54573,43.82231,14,1,8,3,8
129,638,126.54383,43.84539,14,1,7,24,8
165,3156,126.54814,43.9129,1,0,6,13,8
31,3073,126.54828,43.8691,1,1,5,27,8
129,2688,126.52022,43.80842,1,1,7,30,10
129,2688,126.52179,43.81483,1,1,6,3,16
129,2925,126.51366,43.82348,1,1,8,8,8
53,75,126.57354,43.82445,14,1,8,8,18
53,4474,126.55333,43.81728,14,1,8,31,8
53,4474,126.54629,43.81592,1,1,7,14,10
129,638,126.54512,43.84822,1,1,7,17,9
53,3559,126.58594,43.82137,1,1,5,29,17
165,1656,126.54596,43.90865,1,1,8,22,8
53,75,126.56529,43.81241,14,1,6,10,14
129,1520,126.56562,43.84795,7,1,9,5,7
129,323,126.51741,43.81837,1,1,9,27,9
129,2925,126.51798,43.82663,1,1,8,26,7
53,487,126.57736,43.77911,1,1,7,17,8
31,4849,126.57368,43.84468,7,1,5,25,14
31,1558,126.57214,43.87376,1,1,9,5,9
53,1103,126.57844,43.82985,1,1,8,4,9
31,4849,126.57343,43.8395,1,1,8,17,7
129,2688,126.52034,43.81007,1,1,6,19,15
129,2925,126.51623,43.8252,1,1,7,21,8
53,75,126.55748,43.83308,1,1,9,26,8
53,1103,126.57087,43.80654,1,1,7,27,13
31,949,126.59167,43.84051,1,1,7,17,8
53,75,126.55103,43.83075,1,1,7,13,8
129,2925,126.51458,43.81202,1,1,9,4,9
165,3156,126.55492,43.89928,1,1,6,19,10
31,435,126.55936,43.87076,1,1,6,14,8
31,4849,126.57374,43.85269,1,1,9,11,9
53,75,126.56583,43.8306,7,1,7,23,7
31,435,126.54852,43.87267,1,1,5,24,12
31,4849,126.57664,43.8399,14,1,5,20,8
53,75,126.56555,43.8242,14,1,8,18,8
165,1656,126.55451,43.9127,1,1,8,30,8
129,2688,126.52495,43.82306,1,1,7,8,8
53,1103,126.57901,43.82932,1,1,7,10,9
165,1656,126.5502,43.90476,1,1,5,18,11
129,2665,126.54505,43.84276,1,1,8,22,9
53,75,126.54262,43.82336,1,1,8,31,8
129,1520,126.55452,43.85053,1,1,9,18,9
129,1520,126.56335,43.8487,7,1,9,5,7
53,4474,126.55165,43.81119,14,1,8,20,8
165,3867,126.6161,43.89308,14,1,7,27,8
129,2688,126.52566,43.81514,1,1,7,15,7
53,4474,126.55321,43.81912,14,1,8,16,8
53,4474,126.55111,43.80456,1,1,9,9,8
129,2925,126.52175,43.82197,14,1,8,30,7
129,1520,126.53593,43.84845,1,1,9,21,8
53,487,126.57944,43.78443,14,1,7,20,8
31,4849,126.57593,43.84475,1,1,9,24,9
165,1656,126.56082,43.92117,14,1,5,24,8
53,75,126.57845,43.82164,1,1,7,7,9
53,75,126.57667,43.82517,1,1,6,5,14
165,1656,126.56913,43.92048,1,1,7,15,9
129,2925,126.49072,43.81402,1,1,8,9,9
53,75,126.56652,43.81713,1,1,6,3,13
165,1656,126.59239,43.91562,14,0,6,27,10
129,638,126.56484,43.84473,7,1,7,26,9
165,3156,126.55327,43.91238,1,1,8,7,10
165,1656,126.56829,43.90669,14,1,5,29,8
129,2925,126.51608,43.81617,1,1,7,22,8
53,75,126.56027,43.82542,1,1,5,17,8
129,2665,126.54082,43.84671,1,1,8,16,8
129,2665,126.5412,43.84636,1,1,8,18,8
31,4849,126.57647,43.85114,1,1,9,11,9
31,435,126.55561,43.8624,14,0,9,25,12
165,3156,126.55494,43.89854,1,1,6,29,9
31,4849,126.57423,43.83891,1,1,7,29,14
129,2925,126.51602,43.81613,1,1,7,24,8
31,949,126.58849,43.84104,14,1,8,1,10
53,75,126.54786,43.82546,14,1,7,14,9
53,1103,126.56532,43.83193,0,1,7,12,9
53,1103,126.57237,43.81133,1,1,6,9,13
129,2925,126.51692,43.82548,1,1,7,14,9
31,435,126.57375,43.87096,1,1,6,17,16
53,4474,126.55493,43.8065,1,1,9,30,8
31,949,126.58835,43.85041,7,1,9,6,8
53,75,126.5666,43.81521,1,1,8,28,9
165,3156,126.55388,43.91033,1,1,5,29,10
129,2688,126.51651,43.81277,1,1,8,19,9
53,1103,126.59486,43.83229,1,1,7,18,9
31,4322,126.54763,43.88431,1,1,6,18,17
165,3156,126.54454,43.90547,1,1,6,26,10
31,949,126.59129,43.8492,1,1,9,16,8
129,638,126.553,43.83872,1,1,6,27,10
129,2688,126.53296,43.82473,1,1,7,4,9
165,3156,126.54775,43.91376,1,1,8,12,9
31,435,126.54695,43.86908,1,1,9,6,8
31,4849,126.56838,43.8423,1,1,9,28,8
31,435,126.55021,43.87453,1,1,9,11,8
129,2925,126.5122,43.83381,1,1,8,27,7
129,3458,126.55703,43.85279,1,1,5,17,10
165,1656,126.56826,43.92811,14,1,7,29,8
31,949,126.58877,43.85794,1,1,6,25,14
129,2925,126.51768,43.83078,1,1,7,5,9
129,638,126.54469,43.84056,14,1,7,30,10
31,435,126.56133,43.86306,1,1,6,12,8
53,1103,126.6049,43.82801,1,1,9,5,10
53,1103,126.5708,43.80653,1,1,9,2,16
129,2665,126.55935,43.85294,1,1,8,16,8
53,75,126.54874,43.82959,1,1,8,4,8
129,638,126.55959,43.8421,1,1,7,20,8
129,2688,126.53216,43.82269,1,1,8,27,7
53,4474,126.55755,43.80082,1,1,7,7,9
165,3156,126.547,43.91594,1,1,6,18,10
53,1103,126.56722,43.80752,1,1,8,12,15
165,1656,126.72196,43.96982,14,1,9,9,9
53,75,126.57306,43.8197,1,1,6,28,9
31,949,126.59093,43.84113,1,1,8,17,7
129,1520,126.56612,43.85713,1,1,9,19,8
53,4474,126.55266,43.81653,1,1,7,16,13
129,2688,126.51406,43.80699,1,1,8,13,8
53,487,126.55479,43.79014,0,1,8,14,8
31,4849,126.5815,43.83802,14,1,7,14,15
129,87,126.54552,43.83617,1,1,10,14,8
129,1520,126.55882,43.846,7,1,9,22,8
31,435,126.55326,43.8732,1,1,6,18,13
129,2925,126.51322,43.81461,1,1,6,14,9
53,75,126.56518,43.81906,14,1,7,25,15
165,1656,126.56835,43.92762,14,1,6,28,8
129,638,126.54626,43.83747,1,1,7,22,8
129,2925,126.51985,43.82789,1,1,7,26,9
129,3853,126.42447,43.99905,14,1,6,5,11
165,1656,126.59065,43.89366,14,1,6,3,13
53,487,126.5219,43.79982,1,1,6,10,14
53,4474,126.55056,43.81645,1,1,7,17,8
53,487,126.55015,43.79114,1,1,8,26,9
129,2925,126.51685,43.82531,1,1,9,6,8
129,2688,126.525,43.81615,1,1,7,7,14
165,2709,126.57141,43.89999,14,0,6,12,7
129,638,126.54542,43.83637,1,1,6,19,19
31,949,126.59137,43.83943,1,1,7,6,10
31,435,126.55051,43.86107,1,1,8,3,8
53,3559,126.57486,43.80159,1,1,5,31,10
129,2925,126.52104,43.8361,1,1,8,13,8
31,4849,126.57161,43.84235,1,1,7,21,7
31,1558,126.57363,43.84462,7,1,10,15,8
53,1756,126.58704,43.82218,1,1,6,17,10
53,3559,126.56047,43.80009,14,1,5,29,9
31,4849,126.57704,43.84806,1,1,8,12,8
129,2925,126.51654,43.81698,1,1,5,31,10
53,75,126.55975,43.83346,1,1,8,24,8
53,1103,126.56977,43.80371,1,1,7,25,13
31,435,126.55991,43.86863,1,1,9,30,8
53,1103,126.57087,43.80656,1,1,8,12,15
53,1103,126.5718,43.83117,14,1,6,10,9
53,4474,126.55947,43.81254,14,1,9,14,9
129,638,126.55754,43.84019,1,1,7,16,8
31,4849,126.58397,43.84635,0,1,9,2,8
129,2688,126.52387,43.81964,1,1,6,14,15
31,949,126.58603,43.84799,1,1,6,29,14
53,4474,126.5587,43.80812,1,1,7,14,10
129,2925,126.52303,43.8228,14,1,6,17,9
31,4849,126.57137,43.83895,1,1,6,2,7
53,75,126.5655,43.82196,1,1,6,15,8
53,1103,126.57619,43.82703,1,1,9,17,10
129,2688,126.53086,43.82135,1,1,8,10,13
53,1103,126.57064,43.8042,1,1,9,4,16
31,435,126.56274,43.86185,1,1,6,1,7
31,4849,126.57552,43.84243,1,1,8,24,9
53,487,126.52953,43.80456,14,1,8,10,8
53,4474,126.5548,43.80255,14,1,9,5,9
31,4849,126.5835,43.83994,1,1,9,7,8
129,2665,126.56073,43.85309,1,1,8,27,7
165,2709,126.56276,43.91337,14,1,9,22,9
165,2709,126.57582,43.89693,14,0,5,15,10
53,75,126.55961,43.83259,1,1,8,12,9
129,1520,126.54858,43.84732,1,1,9,13,9
31,435,126.55273,43.87219,1,1,5,25,13
165,1656,126.55407,43.90062,14,1,8,21,14
31,4849,126.57889,43.84121,1,1,8,21,9
53,1103,126.57492,43.8307,1,1,7,28,9
129,2925,126.51922,43.82921,1,1,6,30,9
53,487,126.54955,43.79254,14,1,6,11,9
53,1103,126.56533,43.83202,0,1,7,27,9
53,75,126.5624,43.8153,14,1,8,22,9
31,949,126.59183,43.84682,1,1,9,17,8
129,1520,126.55746,43.84996,1,1,10,6,8
165,1656,126.75206,43.95639,14,1,7,22,9
129,2688,126.52564,43.82512,1,1,6,18,14
31,4849,126.5841,43.83772,14,1,9,29,8
53,1103,126.56712,43.80759,1,1,9,16,14
53,75,126.56582,43.82968,7,1,7,24,8
53,75,126.5577,43.83222,1,1,7,11,7
53,1103,126.60499,43.82792,1,1,9,12,10
31,949,126.59336,43.85473,14,1,7,16,7
53,75,126.5642,43.82767,14,1,7,11,7
165,290,126.5475,43.90987,1,1,9,30,8
129,638,126.55066,43.83945,3,1,7,27,10
31,949,126.59543,43.85394,1,1,7,30,13
31,949,126.59224,43.85332,14,1,7,14,8
31,435,126.55948,43.87069,1,1,6,1,7
53,1103,126.56963,43.80946,1,1,7,17,14
31,4322,126.5418,43.87758,14,1,6,4,10
31,949,126.58853,43.83787,14,1,8,24,8
53,75,126.54322,43.82456,1,1,8,13,9
129,2688,126.53232,43.82733,1,1,6,26,9
129,2688,126.52925,43.82302,1,1,9,20,9
129,2688,126.52212,43.8255,1,1,7,5,8
129,2688,126.52011,43.81108,1,1,6,12,9
31,1558,126.57378,43.85279,1,1,10,6,8
165,1656,126.60572,43.87257,14,1,10,21,9
129,2688,126.51628,43.80751,1,1,7,11,8
53,75,126.57101,43.8291,1,1,9,19,8
31,2208,126.53999,43.86843,1,1,5,29,14
31,4849,126.57564,43.84439,1,1,9,7,8
129,2925,126.51757,43.81881,14,1,8,14,9
53,75,126.56479,43.8292,0,1,7,30,8
165,290,126.55494,43.9109,3,1,9,21,9
129,161,126.56204,43.85239,4,1,6,18,15
165,3156,126.55046,43.91158,14,0,5,19,9
53,75,126.57668,43.82513,1,1,7,3,8
53,75,126.56642,43.82319,1,1,6,11,8
53,75,126.56843,43.81742,1,1,7,29,8
31,949,126.58871,43.85457,14,1,8,20,8
129,1520,126.5427,43.84164,1,1,9,28,19
53,75,126.56634,43.82678,14,1,8,6,8
165,1656,126.55914,43.91833,14,0,6,2,9
165,1656,126.54415,43.91401,1,1,9,7,9
165,1656,126.57308,43.92298,1,1,8,18,8
53,1103,126.60494,43.82809,1,1,9,22,9
129,2665,126.5491,43.84888,14,1,8,15,8
31,435,126.56219,43.86557,1,1,7,21,7
53,1103,126.571,43.80426,1,1,8,10,15
129,2688,126.52258,43.82455,1,1,8,13,9
53,75,126.56588,43.83054,7,1,9,17,7
129,1520,126.54902,43.84884,14,1,9,2,11
31,435,126.55252,43.8733,1,1,9,9,11
53,1103,126.57791,43.82968,1,1,5,31,11
53,1103,126.57825,43.82885,1,1,7,26,10
165,1656,126.56086,43.92103,14,1,8,21,9
53,4474,126.55335,43.81701,14,1,8,22,8
53,979,126.55854,43.80871,1,1,5,30,14
53,75,126.5473,43.8233,14,1,5,26,8
31,4849,126.5712,43.84064,4,1,6,6,8
129,2925,126.51861,43.83257,1,1,6,7,10
31,4849,126.57906,43.83729,1,1,9,5,8
53,1103,126.604,43.8288,1,1,6,30,17
129,2925,126.51506,43.83328,1,1,8,31,7
53,4474,126.54563,43.81869,14,1,9,25,8
129,2665,126.55643,43.85321,1,1,8,2,9
165,3156,126.54747,43.91073,1,0,6,10,8
31,2208,126.54196,43.8638,1,1,5,28,13
129,2688,126.53044,43.8269,1,1,8,28,8
31,949,126.59073,43.8409,1,1,8,29,8
53,4474,126.55012,43.81675,1,1,8,20,8
31,4849,126.56866,43.84188,14,1,5,17,13
129,638,126.55812,43.84295,1,1,7,12,8
129,1520,126.54246,43.85069,1,1,9,24,8
129,2302,126.54496,43.84858,1,1,7,11,9
31,949,126.59233,43.8462,4,1,9,18,8
31,4849,126.57128,43.83881,1,1,6,29,9
53,487,126.53043,43.80359,14,1,9,30,8
53,75,126.55499,43.82581,1,1,7,25,8
31,949,126.59104,43.85526,14,1,8,24,8
129,2688,126.53269,43.82749,1,1,9,14,8
31,949,126.59055,43.84078,1,1,6,19,13
53,487,126.49152,43.74164,14,1,6,13,9
53,75,126.55323,43.82491,1,1,7,15,8
53,1103,126.57781,43.8287,1,1,6,11,12
53,75,126.57448,43.82821,1,1,7,2,8
53,75,126.55393,43.82553,1,1,7,18,8
53,1103,126.59837,43.83104,1,1,7,3,8
129,1520,126.53924,43.84828,1,1,9,19,8
31,1558,126.55845,43.88775,14,1,10,11,8
53,1103,126.58801,43.82917,1,1,8,11,9
129,161,126.56468,43.85549,14,1,6,13,10
53,487,126.54883,43.79321,14,1,6,18,10
53,1103,126.57939,43.8272,1,1,9,6,10
53,487,126.57645,43.78011,1,1,8,15,8
53,75,126.57229,43.82332,14,1,6,1,14
31,949,126.58852,43.83797,14,1,9,16,8
129,638,126.56091,43.8408,1,1,7,31,13
53,75,126.55041,43.82634,1,1,8,5,8
53,1103,126.56981,43.80471,1,1,8,6,14
165,3156,126.55483,43.91583,14,1,8,1,9
53,75,126.57055,43.82736,1,1,8,12,9
31,4849,126.56723,43.84681,7,1,5,31,15
31,435,126.55285,43.87221,1,1,7,11,7
53,1103,126.58813,43.82844,1,1,6,12,9
31,4849,126.57869,43.83709,14,1,5,21,9
129,638,126.5456,43.83694,1,1,6,5,16
129,638,126.54474,43.83743,1,1,7,30,10
53,75,126.57112,43.82016,14,1,9,16,8
31,4849,126.58294,43.8407,1,1,8,3,7
165,1656,126.55526,43.93473,14,1,8,16,10
53,75,126.56634,43.8213,14,1,9,1,16
53,487,126.5333,43.80616,1,1,8,25,8
31,4849,126.5667,43.84713,7,1,8,27,10
129,2688,126.53327,43.82703,1,1,8,12,14
53,4474,126.54759,43.82045,14,1,8,16,8
129,638,126.55201,43.83935,14,1,7,25,9
31,4849,126.5839,43.84636,0,1,7,27,8
53,75,126.57328,43.8214,1,1,8,19,9
53,487,126.53568,43.80372,14,1,8,19,9
53,75,126.55335,43.82493,1,1,7,11,7
129,2665,126.56396,43.85755,7,1,8,30,7
53,75,126.54455,43.82468,1,1,7,12,8
53,75,126.5638,43.82552,14,1,8,2,8
129,2688,126.51796,43.81056,1,1,9,3,7
53,75,126.57602,43.82317,1,1,6,28,13
165,1656,126.57256,43.92409,1,1,8,17,8
129,1520,126.54359,43.85078,1,1,9,28,9
31,4849,126.57347,43.85318,1,1,9,25,8
53,4474,126.54347,43.82104,1,1,8,18,8
129,2665,126.55712,43.84953,1,1,8,22,9
53,487,126.56375,43.78509,14,1,9,22,9
31,949,126.58692,43.84101,14,1,6,12,12
129,2688,126.52016,43.81583,1,1,7,2,9
129,2665,126.56474,43.85356,14,1,8,16,8
31,435,126.55278,43.87226,1,1,5,30,15
53,4474,126.55496,43.81858,14,1,9,17,8
53,75,126.57872,43.82234,1,1,6,29,9
53,1103,126.57304,43.8113,1,1,7,10,12
31,435,126.56369,43.86512,1,1,9,7,8
129,2925,126.50508,43.81778,1,1,8,2,9
31,4849,126.56727,43.84691,7,1,7,16,9
31,949,126.58707,43.86291,1,1,9,28,8
31,4849,126.56725,43.84641,7,1,6,8,15
165,2709,126.57148,43.9121,14,1,7,23,8
165,1656,126.56369,43.92032,14,1,8,19,9
31,949,126.59128,43.83936,1,1,6,3,7
31,2208,126.54142,43.86937,1,1,6,7,9
165,1656,126.57014,43.91988,14,1,7,7,10
31,4849,126.57762,43.83975,14,1,6,16,7
31,949,126.59116,43.84921,1,1,9,3,8
165,1656,126.55688,43.91518,1,1,8,22,8
53,1103,126.56988,43.80384,1,1,6,12,15
31,949,126.59781,43.84447,14,1,9,29,8
31,435,126.55486,43.87294,1,1,6,17,12
31,2208,126.54189,43.8684,1,1,5,29,14
31,4849,126.57139,43.83882,1,1,6,3,13
31,4849,126.57579,43.83965,1,1,7,2,8
31,4849,126.56918,43.84067,14,1,7,30,8
31,949,126.59578,43.85347,1,1,8,1,10
165,3156,126.55099,43.91288,1,1,5,15,11
53,4474,126.55176,43.81129,14,1,7,2,8
129,1520,126.54235,43.84189,3,1,9,22,8
31,949,126.58816,43.84796,1,1,6,3,8
129,1520,126.56001,43.85354,1,1,9,29,8
53,1103,126.57222,43.83096,14,1,9,2,13
165,290,126.54451,43.90492,1,1,9,12,9
165,3156,126.54951,43.9079,1,0,5,25,10
31,949,126.59037,43.85271,1,1,7,4,11
129,2925,126.51408,43.81347,1,1,6,13,10
31,949,126.58683,43.84093,14,1,8,10,7
53,4474,126.54969,43.81531,1,1,9,17,8
129,2688,126.51238,43.81838,1,1,7,6,8
31,4849,126.57558,43.84676,1,1,7,5,7
129,2688,126.52885,43.82323,1,1,7,18,8
53,75,126.56843,43.81234,1,1,6,16,10
53,1103,126.57136,43.8098,1,1,7,20,13
31,4849,126.57876,43.84486,14,1,7,18,7
31,1558,126.5642,43.8656,1,1,10,10,9
129,2688,126.52016,43.80851,1,1,6,10,8
53,4474,126.5457,43.81864,14,1,7,18,9
129,638,126.54585,43.84362,14,1,7,6,9
129,2688,126.52934,43.82576,1,1,8,24,7
53,487,126.55458,43.78725,14,1,6,9,14
129,1520,126.53809,43.84796,1,1,9,23,8
129,161,126.5524,43.85218,14,1,6,17,13
53,75,126.56495,43.82184,14,1,7,1,8
129,2688,126.52839,43.82457,1,1,7,3,8
165,1656,126.55311,43.90612,1,1,7,16,9
31,949,126.58829,43.85048,7,1,8,14,8
129,2688,126.52135,43.82061,1,1,9,13,9
165,1656,126.56143,43.90634,1,1,7,21,8
53,75,126.56874,43.81617,1,1,8,22,9
129,2688,126.51979,43.82479,1,1,8,13,9
129,2925,126.51624,43.82076,14,1,7,5,9
129,2925,126.51594,43.81751,1,1,9,22,8
53,1103,126.60409,43.82882,1,1,7,9,9
31,4849,126.57365,43.84678,14,1,9,24,9
53,75,126.57359,43.82735,1,1,8,9,9
129,1520,126.55081,43.84591,1,1,9,13,8
31,4849,126.56797,43.84116,14,1,6,29,9
31,949,126.59332,43.84669,4,1,7,17,15
31,949,126.59433,43.85012,1,0,10,1,7
31,435,126.56901,43.86551,1,1,10,2,8
53,75,126.57319,43.82845,1,1,5,16,8
53,1103,126.60374,43.83278,14,1,8,29,9
129,1520,126.55784,43.84945,1,1,9,15,8
165,1656,126.56848,43.91878,14,1,8,30,8
53,1103,126.57917,43.82693,1,1,9,15,10
129,2688,126.51261,43.8079,1,1,7,5,8
53,1103,126.56998,43.80996,1,1,7,21,13
129,2925,126.51505,43.81454,1,1,6,7,10
129,638,126.55111,43.8437,9,1,6,7,10
31,949,126.59369,43.84305,14,1,6,14,8
53,1103,126.5725,43.82983,3,1,8,26,10
53,1103,126.56532,43.83202,0,1,9,19,9
53,75,126.57297,43.82392,1,1,9,5,9
31,435,126.55608,43.87212,1,1,8,12,8
53,4474,126.56081,43.81506,14,1,8,7,14
53,75,126.56653,43.8181,14,1,9,29,8
31,949,126.58751,43.86216,1,1,7,26,7
129,2665,126.5661,43.85706,1,1,8,13,9
129,2925,126.51918,43.82711,1,1,7,3,9
53,75,126.5748,43.82675,1,1,9,6,8
129,638,126.54806,43.83741,14,1,6,30,10
53,487,126.53696,43.80509,14,1,9,30,8
129,1520,126.53854,43.84491,1,1,9,29,8
53,75,126.55595,43.83297,1,1,7,9,7
31,4849,126.56732,43.84685,7,1,8,23,9
31,4849,126.57218,43.84272,1,1,9,8,9
129,323,126.51391,43.81394,1,1,9,28,10
53,2615,126.5459,43.81099,1,1,6,14,8
53,75,126.56379,43.81451,1,1,7,26,8
165,1656,126.5631,43.92562,14,1,6,9,14
53,4474,126.54645,43.81063,1,1,6,23,17
31,4849,126.57854,43.83767,1,1,9,7,8
53,487,126.58326,43.78261,1,1,9,12,9
31,4849,126.57404,43.8392,1,1,8,21,9
31,949,126.59433,43.84462,14,1,9,26,7
165,1656,126.56578,43.92674,14,1,9,9,9
31,435,126.5528,43.8722,1,1,8,13,7
129,2925,126.5229,43.83476,14,1,9,22,9
53,4474,126.54951,43.81831,1,1,8,1,8
53,4474,126.55704,43.81819,1,1,7,19,8
31,949,126.59125,43.85071,1,1,9,6,8
53,1103,126.56604,43.83208,14,1,9,15,10
129,2665,126.55597,43.85126,1,1,8,5,9
129,3853,126.4755,43.94419,1,1,6,7,12
31,435,126.53231,43.86926,14,0,8,31,14
165,3156,126.5509,43.9123,1,1,7,25,10
31,949,126.59204,43.86286,1,1,8,14,8
53,75,126.55484,43.82599,1,1,8,4,8
53,75,126.56371,43.82555,14,1,6,28,13
53,75,126.57601,43.8239,1,1,9,20,8
31,435,126.55703,43.85874,1,1,7,31,13
53,75,126.57605,43.82242,1,1,8,31,9
31,4849,126.5798,43.84526,1,1,9,18,8
129,2925,126.51644,43.81408,1,1,9,6,7
31,4849,126.58133,43.84025,1,1,7,29,8
129,638,126.55248,43.83944,14,1,6,13,10
165,3156,126.55685,43.9155,1,1,7,3,9
31,4849,126.58037,43.84153,1,1,7,17,8
129,2688,126.52745,43.82707,1,1,7,13,8
31,949,126.59078,43.86299,1,1,9,27,8
31,4849,126.57723,43.84559,14,1,8,24,9
129,2688,126.51317,43.81732,1,1,9,1,8
129,638,126.55575,43.84233,1,1,7,18,9
53,75,126.5659,43.83052,7,1,8,31,9
53,487,126.54248,43.79142,14,1,7,3,8
31,4849,126.58053,43.84111,1,1,9,21,9
129,2688,126.51468,43.81925,14,1,8,16,15
53,75,126.56131,43.82417,1,1,7,28,8
53,4474,126.55026,43.81678,1,1,7,1,8
53,2618,126.56695,43.83253,14,1,6,4,9
31,4849,126.56879,43.83918,13,1,7,22,7
165,1656,126.55305,43.9007,7,1,10,7,8
31,4849,126.58384,43.83804,14,1,7,26,8
53,4474,126.55886,43.8165,1,1,7,27,8
31,435,126.56068,43.86879,1,1,9,24,9
129,1520,126.56357,43.85394,14,1,9,24,8
53,1103,126.56971,43.80372,1,1,9,22,13
53,4474,126.54941,43.81749,1,1,8,29,9
53,75,126.55316,43.83045,1,1,7,24,8
31,949,126.59404,43.85918,1,1,5,30,8
31,4849,126.56875,43.83927,13,1,7,29,14
53,1103,126.57131,43.80594,1,1,7,23,12
165,1656,126.57305,43.93181,1,1,8,21,9
165,1656,126.5578,43.91238,14,1,9,7,9
165,1656,126.57731,43.93019,4,1,9,15,9
53,4474,126.54628,43.816,1,1,7,2,8
53,4474,126.55186,43.80455,1,1,8,7,9
53,1103,126.56753,43.80136,1,1,7,28,12
31,4849,126.58287,43.83961,1,1,8,5,7
129,1520,126.55934,43.85369,1,1,9,7,7
31,435,126.55288,43.8722,1,1,8,25,9
129,2688,126.51845,43.81167,1,1,6,9,14
53,1103,126.56958,43.81021,1,1,8,2,14
129,2688,126.52015,43.80844,1,1,8,4,8
129,2665,126.54238,43.84709,1,1,8,26,7
53,1103,126.57283,43.80797,1,1,9,24,13
165,2709,126.57162,43.89945,14,1,9,7,8
31,435,126.56192,43.86768,1,1,7,20,7
53,4474,126.55113,43.80447,1,1,8,6,8
53,1103,126.57276,43.83149,1,1,8,5,9
129,2925,126.52241,43.82353,14,1,6,14,9
129,2925,126.51617,43.81798,1,1,7,30,9
129,2688,126.53176,43.82528,1,1,9,4,9
53,487,126.53071,43.80432,14,1,6,19,10
165,1656,126.55572,43.91031,3,0,6,12,8
165,1656,126.55327,43.91032,1,1,9,17,8
31,435,126.55283,43.87228,1,0,6,7,13
129,2665,126.55494,43.84526,14,1,8,9,9
53,4474,126.55027,43.81985,14,1,7,19,8
53,487,126.57609,43.7832,14,1,7,18,8
129,1520,126.55874,43.84649,14,1,9,6,7
31,4849,126.57188,43.84749,1,1,8,21,9
53,1103,126.57246,43.80718,1,1,7,4,14
129,2925,126.51499,43.81218,1,1,7,4,9
31,949,126.59059,43.848,1,1,7,11,7
31,435,126.5556,43.86248,14,1,8,13,7
31,4849,126.57898,43.84171,1,1,7,26,7
31,3073,126.53995,43.86841,1,1,6,3,14
129,2925,126.52335,43.83668,1,1,8,2,9
129,2688,126.52838,43.82431,1,1,9,28,9
53,4474,126.56022,43.81463,14,1,9,25,8
165,2709,126.5627,43.91651,14,1,9,13,8
53,75,126.57284,43.82424,1,1,8,10,13
31,949,126.59245,43.84215,1,1,7,16,7
129,2925,126.52105,43.82276,14,1,8,22,9
53,75,126.57707,43.82511,1,1,9,22,9
31,949,126.58659,43.84561,14,1,7,4,7
129,2688,126.51796,43.81282,1,1,8,21,8
31,4849,126.56865,43.84404,14,1,6,17,7
129,2925,126.51012,43.82223,1,1,8,14,9
31,949,126.59164,43.84056,1,1,5,31,16
129,2665,126.55908,43.84724,14,1,8,23,9
165,2709,126.55896,43.91401,14,1,5,17,9
165,1656,126.5546,43.91257,1,1,8,21,14
129,2925,126.51221,43.81341,1,1,8,18,8
31,435,126.56199,43.86755,1,1,7,24,8
31,949,126.59198,43.84759,1,1,8,19,8
53,75,126.54364,43.82272,14,1,8,29,9
165,1656,126.54872,43.90176,14,1,5,16,10
53,75,126.56296,43.81938,14,1,8,21,9
31,4849,126.58328,43.83785,14,1,7,14,7
31,949,126.59139,43.8394,1,1,9,8,8
129,2925,126.51878,43.83142,1,1,7,16,9
53,1103,126.57063,43.80883,1,1,8,8,13
53,4474,126.54282,43.81642,1,1,6,29,11
129,2925,126.51664,43.81823,1,1,6,16,8
129,2688,126.52287,43.81391,1,1,7,19,8
129,2665,126.55503,43.8542,1,1,8,14,9
129,2688,126.52872,43.82723,1,1,7,6,8
129,2688,126.51841,43.81154,1,1,7,14,8
165,1656,126.56797,43.92154,14,1,8,22,8
129,638,126.54914,43.84296,1,1,8,2,9
53,4474,126.54582,43.80995,1,1,8,17,8
129,1520,126.54996,43.84986,14,1,9,5,7
53,4474,126.55332,43.81999,7,1,7,2,11
53,75,126.57062,43.82605,1,1,7,11,7
31,435,126.55759,43.87027,1,1,6,19,7
129,2925,126.51317,43.81478,1,1,8,4,9
53,75,126.56679,43.81366,14,1,5,16,8
129,638,126.56025,43.84076,1,1,7,20,8
129,2925,126.5117,43.83224,1,1,7,24,8
129,1520,126.56569,43.84936,7,1,9,23,8
31,1558,126.56522,43.87362,14,1,10,5,7
165,1656,126.54923,43.9075,1,1,8,29,9
31,4849,126.57417,43.84139,14,1,8,20,8
31,435,126.55182,43.87348,1,0,5,20,13
129,638,126.55406,43.83916,1,1,7,18,9
31,4849,126.57201,43.83908,1,1,9,21,9
53,4474,126.55679,43.81155,1,1,9,3,8
31,435,126.54839,43.87237,1,1,9,30,8
53,1103,126.57049,43.81089,1,1,9,3,13
31,435,126.56491,43.86474,14,1,7,25,8
31,949,126.58842,43.85842,1,1,8,19,8
53,75,126.56986,43.81846,1,1,8,19,9
53,487,126.55381,43.79022,0,1,8,28,8
53,854,126.58959,43.78971,14,1,6,18,13
53,75,126.56894,43.81792,1,1,6,10,8
129,2688,126.52581,43.81415,1,1,9,1,7
129,2688,126.52024,43.81576,1,1,8,13,8
53,75,126.56808,43.82255,4,1,7,29,8
165,1656,126.55439,43.90836,1,0,6,10,8
129,2925,126.51371,43.81481,1,1,8,16,8
165,1656,126.55191,43.90956,1,1,10,17,13
31,949,126.59531,43.85392,1,1,8,28,8
53,75,126.55041,43.82188,1,1,6,13,14
129,2925,126.51551,43.81364,1,1,9,6,7
31,4849,126.5763,43.84673,1,1,8,11,15
129,638,126.55647,43.84185,1,1,6,13,12
53,75,126.57071,43.82378,1,1,5,29,15
31,4849,126.57829,43.8396,14,1,8,12,8
129,87,126.55273,43.84115,1,1,10,4,8
129,2688,126.52272,43.81782,1,1,8,15,8
31,4849,126.5823,43.83781,14,1,7,1,7
129,2688,126.53229,43.82528,1,1,6,27,9
129,638,126.54863,43.84477,10,1,7,28,8
53,75,126.55623,43.83304,1,1,9,17,7
129,2688,126.51262,43.81898,14,1,8,8,15
31,435,126.5512,43.87301,1,1,7,7,7
53,1103,126.57955,43.82811,1,1,9,2,9
53,1103,126.56592,43.83206,14,1,7,31,9
31,4609,126.55562,43.86245,14,1,6,17,12
53,1103,126.57106,43.80424,1,1,8,10,15
53,75,126.5509,43.83043,1,1,8,2,8
53,75,126.5743,43.8226,1,1,7,20,8
53,487,126.59384,43.779,14,1,9,6,9
31,4849,126.57842,43.83723,1,1,7,25,7
165,3156,126.54891,43.90092,1,1,6,19,10
165,1656,126.56834,43.92708,14,1,6,28,8
31,949,126.59092,43.84111,1,1,7,22,7
31,435,126.55632,43.85958,1,1,8,9,7
31,949,126.58975,43.84044,1,1,9,20,8
53,75,126.55638,43.83233,1,1,10,1,8
129,2688,126.53213,43.82261,1,1,9,11,8
53,75,126.5612,43.82732,14,1,7,4,9
31,4849,126.56791,43.8395,13,1,6,18,14
31,4849,126.58113,43.84358,1,1,9,4,8
31,949,126.59105,43.85058,1,1,8,20,8
165,1656,126.81903,43.96707,14,1,8,18,9
53,75,126.57899,43.82154,14,1,6,26,14
53,4474,126.54703,43.81615,1,1,9,5,9
53,4474,126.55462,43.81956,1,1,9,6,9
53,75,126.57316,43.81934,1,1,8,24,9
165,3156,126.54454,43.91405,1,1,7,3,9
31,4849,126.58292,43.84517,14,1,8,3,7
129,638,126.56134,43.83967,14,1,6,6,10
31,949,126.58772,43.85921,1,1,8,10,11
129,2688,126.51506,43.80709,1,1,9,22,8
31,4849,126.56899,43.84398,14,1,7,4,8
53,1103,126.57103,43.83155,1,1,9,15,10
53,4474,126.54962,43.81534,1,1,8,16,8
31,949,126.59333,43.83981,1,1,8,29,8
31,435,126.55768,43.86974,1,1,8,10,12
129,2688,126.51373,43.80805,1,1,6,3,16
53,1103,126.56544,43.80811,1,1,8,11,15
53,487,126.59331,43.77803,14,1,9,2,8
53,487,126.54238,43.7914,14,1,6,8,15
165,1656,126.51652,43.93608,14,1,9,15,9
53,4474,126.55952,43.81965,1,1,9,28,8
53,4474,126.56074,43.81934,14,1,7,29,8
165,3156,126.54879,43.90763,1,1,5,24,9
53,75,126.57049,43.82737,1,1,9,17,7
53,75,126.57676,43.82503,1,1,8,15,9
129,1520,126.54455,43.84184,14,1,10,7,8
53,75,126.56741,43.82973,1,1,8,9,9
31,949,126.59249,43.85605,14,1,9,21,9
53,1103,126.57078,43.80645,1,1,9,2,16
129,2688,126.53238,43.82486,1,1,7,2,9
53,75,126.5708,43.82371,1,1,8,2,8
129,1520,126.56409,43.85348,14,1,9,26,8
31,949,126.58794,43.8381,14,1,7,10,7
129,2925,126.51683,43.82651,14,1,8,20,8
165,3156,126.55077,43.90633,1,0,5,26,10
129,1520,126.55826,43.84972,1,1,9,7,7
129,638,126.5565,43.84455,14,1,7,5,9
129,2688,126.51175,43.80809,1,1,9,13,9
53,1103,126.60519,43.8279,1,1,8,28,9
129,2665,126.55128,43.84741,14,1,8,24,7
165,1656,126.6119,43.89075,14,0,5,17,15
53,1103,126.57449,43.83103,1,1,9,14,9
53,1103,126.56947,43.81181,1,1,8,4,14
53,75,126.5722,43.81926,1,1,8,22,9
129,2925,126.51751,43.82552,1,1,9,11,8
165,3156,126.54529,43.90471,1,1,7,6,9
129,2665,126.56365,43.85641,14,1,8,27,7
129,1520,126.54238,43.85059,1,1,9,19,8
53,1103,126.57128,43.83105,14,1,6,15,10
31,949,126.58905,43.85013,1,1,8,23,7
53,1103,126.60092,43.8309,1,1,9,30,9
31,949,126.59162,43.84898,1,1,9,26,7
129,1520,126.55987,43.85596,14,1,10,10,9
165,1656,126.55745,43.90918,1,1,9,1,8
53,4474,126.54754,43.81444,14,1,9,24,8
31,949,126.59549,43.84566,14,1,5,17,8
53,75,126.55969,43.8248,1,1,7,27,8
31,435,126.55427,43.87151,1,1,5,17,13
129,2688,126.51645,43.80689,1,1,7,30,10
129,2925,126.51708,43.83312,1,1,6,1,8
165,3156,126.55155,43.90823,14,1,7,10,9
31,435,126.55719,43.85637,14,1,8,18,7
129,2665,126.55743,43.84711,14,1,8,13,9
129,2925,126.52067,43.8262,1,1,6,17,11
129,2925,126.51668,43.83064,1,1,7,26,9
53,75,126.56711,43.81245,14,1,8,29,9
165,2709,126.56206,43.90516,14,1,8,17,8
53,75,126.57036,43.82382,1,1,9,6,9
31,435,126.55667,43.85897,1,1,6,11,8
129,2925,126.52254,43.82349,14,1,6,18,9
129,2688,126.51547,43.80742,1,1,9,28,9
53,4474,126.55847,43.80877,1,1,7,7,9
53,4474,126.55705,43.81613,1,1,7,26,9
165,1656,126.56849,43.92069,1,0,6,8,8
53,1103,126.57614,43.8269,1,1,8,27,9
165,1656,126.54885,43.91671,14,1,5,19,11
53,4474,126.54986,43.81876,1,1,7,30,8
53,1103,126.49428,43.75588,1,1,8,21,13
129,2665,126.53659,43.84766,1,1,8,31,7
53,1087,126.57584,43.82959,1,1,6,19,10
165,1656,126.55439,43.91505,14,1,5,26,11
53,4474,126.55794,43.81395,1,1,8,30,8
129,1520,126.56438,43.84597,12,1,9,21,7
129,2925,126.51986,43.82816,1,1,8,5,10
53,75,126.56716,43.82076,1,1,9,2,8
129,638,126.5479,43.83968,14,1,6,10,9
31,949,126.59548,43.84457,14,1,6,17,7
129,2925,126.52286,43.83738,1,1,9,20,9
53,1103,126.5782,43.82711,1,1,8,24,10
53,1103,126.57674,43.82758,1,1,5,30,14
129,2688,126.51453,43.80625,1,1,8,8,8
53,487,126.5424,43.79131,14,1,6,17,14
53,75,126.56417,43.8151,1,1,6,12,14
129,2688,126.51474,43.8212,1,1,9,16,9
129,2925,126.51457,43.81205,1,1,7,25,9
129,2925,126.51208,43.83239,1,1,8,29,9
53,487,126.52643,43.79955,14,1,7,21,8
129,161,126.56307,43.84538,14,1,6,9,14
31,435,126.55289,43.8722,1,1,9,18,8
165,1656,126.56654,43.92424,4,1,8,31,8
129,2925,126.51645,43.81465,1,1,7,29,9
53,75,126.57735,43.81872,14,1,5,29,15
53,487,126.54223,43.79224,14,1,6,11,9
31,949,126.59106,43.84111,1,1,6,25,14
53,487,126.52292,43.79915,1,1,7,14,9
129,638,126.54723,43.84176,14,1,7,5,9
53,1103,126.56946,43.80768,1,1,6,8,17
31,4849,126.5746,43.83787,0,1,7,9,8
31,949,126.58654,43.84993,1,1,8,1,10
53,487,126.52985,43.80538,14,1,9,12,9
165,3156,126.54402,43.9148,1,1,6,18,10
31,2659,126.53642,43.88141,14,1,6,18,8
53,1103,126.56526,43.83177,0,1,7,6,9
165,1656,126.55729,43.91112,3,0,6,15,8
129,2688,126.52676,43.8259,1,1,7,15,8
31,435,126.5618,43.86594,1,1,9,1,8
129,2688,126.50583,43.80391,1,1,9,8,14
129,2665,126.56441,43.84908,7,1,8,12,9
165,1656,126.62132,43.89165,14,1,10,4,8
31,949,126.58869,43.84089,14,1,9,16,12
165,1656,126.5492,43.90878,1,1,8,25,9
129,638,126.54381,43.84525,14,1,7,3,9
53,487,126.57948,43.78443,14,1,7,27,8
129,1520,126.54143,43.84235,14,1,9,15,8
129,638,126.55714,43.84418,14,1,7,19,8
165,3156,126.55639,43.91459,1,1,8,17,9
31,4849,126.58199,43.84273,1,1,6,28,8
53,487,126.53645,43.80655,1,1,5,31,10
165,1656,126.55357,43.91055,1,1,5,26,11
129,2925,126.52369,43.83652,1,1,8,20,9
31,435,126.57146,43.87198,1,1,5,24,16
53,487,126.54203,43.79221,14,1,9,4,8
129,2925,126.51616,43.81303,1,1,8,23,9
129,1520,126.54874,43.84391,10,1,9,30,9
129,638,126.5652,43.84453,7,1,6,4,15
31,949,126.59128,43.842,1,1,6,12,11
53,1103,126.5713,43.80977,1,1,7,19,12
53,487,126.53429,43.80691,1,1,7,1,9
31,435,126.56223,43.86655,1,1,8,7,8
31,435,126.56064,43.87097,1,1,8,16,8
31,949,126.5922,43.84353,1,1,8,27,8
53,75,126.56838,43.8154,1,1,7,1,8
53,4474,126.54524,43.81584,1,1,7,15,9
129,2688,126.52505,43.81671,1,1,8,10,13
53,75,126.56459,43.82835,0,1,9,27,8
53,1103,126.57053,43.83191,1,1,7,30,8
129,1520,126.56194,43.85068,1,1,9,17,7
53,1103,126.57176,43.81088,1,1,9,16,14
129,1520,126.54818,43.84661,1,1,9,3,11
53,75,126.57159,43.82805,1,1,6,19,9
165,1656,126.57106,43.92863,1,1,8,17,8
53,4474,126.5613,43.81672,12,1,9,19,9
53,75,126.57234,43.8233,14,1,6,3,13
129,2665,126.5441,43.85033,1,1,8,9,9
31,4849,126.56861,43.84395,14,1,5,31,9
53,75,126.55331,43.82546,1,1,8,29,9
165,3156,126.54834,43.90698,1,1,7,23,8
129,2925,126.51409,43.81341,1,1,7,16,8
31,4849,126.56785,43.84189,14,1,8,10,7
129,2925,126.51395,43.81342,1,1,9,14,8
53,1103,126.57308,43.81077,1,1,10,1,12
53,75,126.56416,43.81652,1,1,5,17,8
53,1103,126.57493,43.82783,1,1,8,14,9
53,75,126.55591,43.8322,1,1,8,7,8
31,949,126.59403,43.86315,14,1,8,14,8
31,152,126.56364,43.8834,14,1,6,5,13
31,4849,126.57049,43.84823,1,1,8,13,14
53,75,126.56309,43.81656,1,1,9,19,8
31,435,126.5522,43.87231,1,1,6,18,13
129,2925,126.51606,43.81678,1,1,7,1,8
53,4474,126.55329,43.82035,7,1,9,16,14
31,4849,126.56841,43.84896,7,1,9,1,9
165,290,126.54562,43.9168,1,1,9,27,9
129,1520,126.56569,43.85591,14,1,9,27,8
129,2925,126.4989,43.81658,1,1,8,2,9
31,949,126.58772,43.84895,1,1,9,11,8
53,75,126.57218,43.82097,1,1,7,15,9
53,1103,126.57137,43.83099,14,1,8,21,10
31,949,126.58814,43.83984,14,0,9,2,9
53,487,126.52381,43.80343,1,1,6,18,14
31,4849,126.57372,43.85452,1,1,7,16,9
31,4849,126.58325,43.83894,14,1,8,26,9
129,2665,126.55499,43.85417,1,1,8,20,8
31,949,126.59291,43.85448,14,1,7,10,7
129,638,126.56053,43.84224,4,1,6,8,9
53,75,126.56403,43.82447,12,1,6,29,13
53,75,126.55279,43.82484,1,1,7,7,9
129,2688,126.51845,43.80943,1,1,9,30,9
53,1103,126.57499,43.83074,1,1,8,6,9
31,4849,126.57274,43.84188,1,1,5,31,15
31,4849,126.56869,43.84404,14,1,7,7,7
165,1656,126.56994,43.93018,1,0,6,15,7
53,75,126.56979,43.82868,1,1,8,7,9
53,1103,126.59466,43.83203,1,1,10,1,9
129,2688,126.52833,43.82629,1,1,8,10,13
165,290,126.55095,43.90239,14,1,9,14,10
31,949,126.59308,43.85985,1,1,6,29,9
53,75,126.57664,43.82518,1,1,5,29,8
53,1103,126.58816,43.82906,1,1,7,20,9
129,638,126.55103,43.83935,14,1,6,27,10
31,4849,126.57408,43.83928,1,1,8,12,15
129,2688,126.51839,43.81312,1,1,9,24,8
129,2688,126.52096,43.81692,1,1,6,29,8
31,435,126.55083,43.86002,1,1,7,21,7
53,75,126.54978,43.82973,1,1,7,7,9
53,2615,126.55103,43.80523,1,1,6,14,9
31,435,126.56456,43.86433,1,1,7,23,7
129,2665,126.54435,43.84873,14,1,8,30,7
53,75,126.57842,43.8216,1,1,5,31,14
165,1656,126.56556,43.92606,14,1,9,6,9
53,75,126.54612,43.82318,1,1,8,14,8
53,75,126.56828,43.8128,1,1,8,16,17
165,1656,126.55263,43.91048,1,0,6,5,10
31,4849,126.56733,43.84689,7,1,8,4,14
129,2688,126.52016,43.80842,1,1,8,23,8
31,949,126.59586,43.84312,14,1,9,9,8
53,1103,126.57099,43.80438,1,1,9,29,14
31,435,126.56099,43.87008,14,1,8,11,12
53,4474,126.55539,43.80661,1,1,7,6,8
31,4849,126.57291,43.84488,7,1,8,12,8
53,75,126.55086,43.82704,1,1,8,21,8
53,1103,126.57044,43.81084,1,1,7,27,13
53,487,126.5469,43.79456,14,1,8,14,8
53,4474,126.55914,43.81481,1,1,7,26,9
31,949,126.59125,43.85543,14,1,9,24,8
31,4849,126.58406,43.83775,14,1,5,30,8
129,2688,126.52017,43.81268,1,1,8,19,9
165,3156,126.54951,43.90795,1,0,5,26,11
129,2925,126.51807,43.83115,1,1,8,29,9
165,3156,126.55018,43.90462,1,1,7,15,9
53,487,126.53494,43.8062,1,1,9,2,8
53,75,126.56604,43.81284,14,1,8,28,9
31,4849,126.57439,43.84414,7,1,9,27,8
53,487,126.52536,43.79969,14,1,7,27,8
129,2688,126.52177,43.81473,1,1,7,14,8
129,2688,126.5323,43.8274,1,1,6,10,9
53,1103,126.57221,43.8309,14,1,8,11,9
53,75,126.57031,43.82465,1,1,9,15,9
53,487,126.54529,43.79282,14,1,8,21,8
53,75,126.56553,43.8252,14,1,6,19,10
129,2925,126.51579,43.83264,1,1,8,16,8
129,2688,126.53175,43.82154,1,1,7,16,8
53,4474,126.55064,43.81317,2,1,8,3,9
53,75,126.57044,43.83019,1,1,8,27,8
31,4849,126.57557,43.85143,1,1,5,27,15
129,2688,126.53014,43.82487,1,1,9,27,9
31,2208,126.54261,43.87495,1,1,6,6,12
31,4849,126.58384,43.84638,0,1,7,29,8
129,2688,126.50505,43.80387,1,1,8,9,9
53,1103,126.6019,43.83325,14,1,7,24,8
129,323,126.51695,43.81956,14,1,9,28,10
129,2688,126.52079,43.82032,1,1,9,22,8
129,2925,126.51371,43.81445,1,1,9,13,8
129,638,126.55418,43.83917,1,1,6,27,10
129,2925,126.51668,43.83239,1,1,9,12,7
165,1656,126.5631,43.92132,1,1,8,13,8
129,2688,126.52079,43.82032,1,1,7,27,10
31,4849,126.57758,43.83983,14,1,7,7,7
53,75,126.55594,43.83292,1,1,6,18,9
31,4849,126.56961,43.83945,1,1,7,4,8
129,3458,126.53307,43.8318,1,1,6,4,17
53,75,126.56362,43.81708,1,1,6,13,14
53,75,126.5652,43.82862,0,1,9,7,8
31,4849,126.57637,43.84886,1,1,8,13,14
53,1103,126.57932,43.82728,1,1,9,19,9
53,487,126.54154,43.79275,14,1,7,1,9
53,1103,126.57674,43.82712,1,1,10,1,9
129,2925,126.51572,43.81493,1,1,6,29,8
129,2688,126.53561,43.82927,1,1,7,28,8
53,4474,126.55536,43.80656,1,1,6,17,9
129,2925,126.52141,43.83672,1,1,9,16,9
31,949,126.5892,43.8517,1,1,6,13,8
31,949,126.54769,43.86905,1,1,5,17,15
31,4849,126.57895,43.84176,1,1,8,8,8
53,4474,126.54276,43.8128,10,1,9,7,8
129,1520,126.55775,43.84523,14,1,10,3,8
53,1103,126.58741,43.82864,1,1,6,4,10
31,2208,126.54077,43.86702,1,1,5,26,13
31,949,126.5917,43.84058,1,1,6,30,9
53,75,126.56967,43.8187,1,1,9,6,9
129,1520,126.54638,43.84487,14,1,9,2,7
31,949,126.59346,43.85383,14,1,6,29,9
165,3156,126.55198,43.91243,1,0,5,28,9
129,2688,126.52016,43.82091,1,1,6,9,14
129,2688,126.52502,43.82158,1,1,9,16,9
165,3156,126.55649,43.91449,1,1,5,21,10
165,1656,126.57039,43.92875,1,1,7,23,8
129,2688,126.52511,43.82009,1,1,9,24,9
129,2688,126.5229,43.82408,1,1,8,17,8
129,2688,126.53102,43.82779,1,1,7,8,8
53,75,126.57486,43.8218,1,1,7,18,8
129,638,126.54829,43.84035,14,1,7,29,11
53,75,126.56451,43.81509,1,1,9,5,9
165,3156,126.54562,43.9125,1,0,5,23,9
129,2925,126.5236,43.83644,1,1,8,23,9
53,75,126.54607,43.82316,1,1,7,4,9
53,75,126.54835,43.82533,14,1,7,8,8
31,4849,126.57214,43.84511,1,1,8,30,8
129,2688,126.51208,43.81752,1,1,8,27,16
53,3939,126.5519,43.83125,1,1,5,29,8
129,638,126.55356,43.83965,1,1,6,26,9
129,2665,126.55335,43.8526,14,1,8,14,9
31,949,126.59238,43.84762,1,1,9,5,8
165,1656,126.59346,43.90115,14,0,6,14,8
31,435,126.54987,43.87202,1,1,9,13,8
31,4849,126.58096,43.84112,1,1,6,11,9
53,487,126.53605,43.80324,14,1,9,27,8
31,1558,126.57387,43.85709,0,1,10,16,7
129,1520,126.56297,43.84868,7,1,9,3,7
129,2302,126.55733,43.84747,14,1,7,11,9
31,949,126.59049,43.84741,1,1,7,25,7
53,75,126.56513,43.82145,14,1,8,31,17
165,1656,126.5527,43.90993,1,1,8,20,10
129,2925,126.51674,43.82572,1,1,7,9,9
53,4474,126.55243,43.81809,14,1,8,9,9
53,75,126.57531,43.8229,1,1,8,22,9
31,435,126.5471,43.85942,14,1,5,19,8
31,152,126.56477,43.8858,7,1,6,4,12
129,2925,126.51721,43.83085,1,1,6,17,11
53,75,126.56664,43.82002,14,1,8,19,9
31,4322,126.56242,43.88563,14,1,6,1,15
129,1520,126.53763,43.84618,1,1,9,21,7
31,949,126.58986,43.86174,1,1,6,9,8
53,1103,126.57799,43.82775,1,1,7,30,8
31,4849,126.57299,43.84459,7,1,8,31,13
53,4474,126.54479,43.8109,1,1,7,4,12
53,4474,126.55543,43.80334,1,1,7,19,8
31,4849,126.58313,43.84299,1,1,5,29,14
53,1103,126.60399,43.82882,1,1,7,27,9
31,4849,126.57284,43.84445,7,1,7,24,7
31,4322,126.54619,43.87721,1,1,5,29,13
129,638,126.55585,43.83906,10,1,7,23,9
31,4849,126.57403,43.83914,1,1,8,22,9
129,638,126.54367,43.8398,14,1,6,5,16
129,638,126.56263,43.84119,14,1,7,30,15
31,4849,126.57289,43.84141,1,1,7,27,8
53,75,126.55272,43.82785,1,1,6,8,12
31,949,126.58648,43.86003,1,1,9,26,7
31,435,126.56069,43.861,1,1,8,15,7
53,75,126.54624,43.8228,1,1,6,10,8
129,2688,126.52053,43.81621,1,1,8,23,8
53,1103,126.57079,43.80641,1,1,7,10,12
53,4474,126.54881,43.81752,1,1,7,11,7
31,949,126.59086,43.86321,1,1,6,7,14
31,1558,126.56255,43.86558,1,1,10,5,8
129,2925,126.51457,43.81325,1,1,9,11,8
165,1656,126.57041,43.92939,1,1,9,8,13
53,4474,126.55951,43.81979,1,1,9,21,9
53,4474,126.5509,43.80519,1,1,9,29,8
53,75,126.55374,43.82509,1,1,8,31,9
53,75,126.56778,43.8257,1,1,7,25,8
129,2688,126.52457,43.81687,1,1,8,13,8
31,949,126.5879,43.84768,1,1,8,2,8
129,1520,126.54394,43.84536,14,1,9,24,8
31,949,126.59017,43.85035,1,1,8,24,8
53,487,126.52934,43.80509,14,1,8,22,8
165,1656,126.56471,43.92574,14,1,8,1,8
31,4849,126.56991,43.83913,1,1,9,16,8
129,638,126.55918,43.84272,1,1,7,6,9
53,75,126.57599,43.82273,1,1,7,22,8
53,1087,126.57658,43.82975,1,1,6,19,10
31,4849,126.56717,43.84771,7,1,9,9,8
165,1656,126.54999,43.91626,14,1,8,24,9
129,161,126.5426,43.85076,14,1,6,16,9
53,1103,126.57059,43.832,1,1,8,24,10
53,487,126.54516,43.79327,14,1,9,24,9
129,2688,126.52275,43.81395,1,1,6,17,18
129,2688,126.52085,43.82082,1,1,8,1,8
129,2688,126.51017,43.81211,1,1,7,30,15
31,4849,126.57821,43.83907,14,1,8,14,8
31,4849,126.567,43.8474,7,1,8,27,10
31,949,126.59173,43.86205,1,1,9,27,8
53,1103,126.57374,43.83113,1,1,6,11,12
129,638,126.54218,43.84483,1,1,7,25,9
31,2208,126.54123,43.86584,1,1,5,24,11
165,3156,126.55314,43.89918,14,1,8,1,9
31,4849,126.57246,43.85053,1,1,6,27,8
129,2688,126.53109,43.82219,1,1,8,21,8
31,949,126.58999,43.86334,1,1,7,24,7
165,1656,126.56277,43.92157,1,1,9,9,9
53,1103,126.56725,43.83251,14,1,7,21,8
31,435,126.55401,43.87252,1,1,6,11,14
31,435,126.55214,43.87249,1,1,6,27,15
129,1520,126.53747,43.8475,1,1,10,8,8
53,1103,126.57275,43.8314,1,1,8,28,9
53,75,126.55048,43.82175,1,1,7,21,8
31,4849,126.56712,43.84762,7,1,8,29,9
31,4849,126.57287,43.84738,14,1,7,4,8
31,4849,126.57625,43.84661,1,1,8,31,13
165,3156,126.553,43.91195,1,1,8,11,9
129,2925,126.51645,43.81452,1,1,7,25,9
31,3073,126.55604,43.86704,1,1,6,19,9
53,487,126.52097,43.79818,14,1,6,13,8
31,4849,126.56693,43.84746,7,1,9,4,8
53,1103,126.55932,43.80353,4,1,9,21,14
31,4849,126.57388,43.85314,1,1,9,20,8
129,2688,126.52809,43.82479,1,1,7,11,8
53,1177,126.57538,43.8024,14,1,6,18,13
129,2688,126.52439,43.81999,1,1,6,11,9
129,2665,126.54392,43.84533,14,1,8,21,8
53,487,126.56066,43.78848,14,1,9,9,9
129,638,126.54496,43.84589,1,1,7,17,9
31,949,126.59163,43.84182,1,1,7,3,7
165,3156,126.54358,43.91433,1,1,7,8,9
53,1087,126.57085,43.80653,1,1,6,19,17
31,4849,126.56782,43.85034,14,1,9,16,13
53,487,126.52318,43.79866,1,1,9,24,9
31,949,126.59592,43.84313,14,1,9,12,8
31,4849,126.57544,43.85352,1,1,9,11,9
129,2688,126.53305,43.8255,1,1,7,23,8
31,949,126.58397,43.84308,1,1,8,17,7
165,1656,126.5549,43.89913,1,1,6,18,14
53,4474,126.55637,43.82009,14,1,8,29,9
129,2688,126.52724,43.8274,1,1,6,28,10
129,1520,126.55429,43.85139,14,1,9,28,9
129,2688,126.52921,43.8197,1,1,6,12,9
53,4474,126.54279,43.81565,1,1,8,10,16
129,1520,126.56463,43.85386,14,1,9,1,7
53,4474,126.55205,43.80364,1,1,9,7,8
129,1520,126.55537,43.84723,14,1,9,3,11
165,3156,126.54784,43.9118,1,1,8,1,9
129,2688,126.53179,43.82523,1,1,7,14,9
129,2665,126.54513,43.84374,1,1,8,10,8
165,2709,126.56518,43.89819,14,1,7,30,8
53,1103,126.56686,43.80836,1,1,8,10,15
31,4849,126.57093,43.84649,13,1,8,3,7
31,4849,126.56916,43.83953,13,1,7,9,8
129,2665,126.55994,43.85354,1,1,8,16,8
129,2925,126.51893,43.82088,1,1,7,20,8
129,2925,126.5192,43.82709,1,1,9,18,9
129,2925,126.51308,43.81427,1,1,6,30,9
31,4849,126.57675,43.84789,1,1,8,1,7
165,1656,126.55891,43.92118,14,0,6,2,9
129,1520,126.55227,43.84795,1,1,10,14,8
53,1103,126.56925,43.80886,1,1,8,21,13
31,4849,126.56642,43.84186,14,1,8,25,9
165,3156,126.54921,43.90874,1,1,8,7,10
31,4849,126.58406,43.84046,14,1,7,5,7
165,3156,126.54582,43.90998,1,1,7,18,8
129,2688,126.52734,43.81552,1,1,8,22,9
129,2925,126.51695,43.81872,1,1,7,27,10
165,1656,126.54527,43.90465,1,1,9,16,9
31,435,126.55551,43.86237,14,1,8,24,8
165,290,126.55467,43.90874,1,1,9,24,8
53,75,126.56692,43.82387,14,1,6,8,13
129,2665,126.56038,43.84895,14,1,8,13,8
53,487,126.57704,43.77918,1,1,8,10,14
31,4849,126.53904,43.87015,1,1,8,31,9
129,2688,126.53291,43.82534,1,1,8,11,11
31,949,126.59018,43.84146,1,1,9,10,8
53,1177,126.59531,43.78686,14,1,6,8,7
129,2688,126.53268,43.8275,1,1,9,25,8
31,4849,126.57,43.8451,1,1,7,2,8
31,435,126.55298,43.87208,1,1,6,27,15
31,949,126.59245,43.86241,1,1,6,28,8
53,75,126.54568,43.8226,14,1,6,18,9
53,75,126.54292,43.82429,1,1,8,25,8
165,1656,126.56807,43.91805,14,1,8,15,9
53,75,126.5688,43.82142,14,1,7,2,8
31,4849,126.57477,43.84837,1,1,8,6,8
129,2688,126.53196,43.82132,1,1,10,1,7
129,2688,126.53308,43.82689,1,1,6,30,10
53,1103,126.57011,43.81153,1,1,7,25,13
129,2688,126.53003,43.8264,1,1,8,30,7
31,435,126.55153,43.87082,1,1,8,30,9
129,2925,126.51643,43.8169,1,1,5,31,10
53,487,126.53659,43.80667,1,1,7,19,8
53,1103,126.57055,43.832,1,1,5,28,13
31,4849,126.57473,43.84179,14,1,9,23,7
129,1520,126.53747,43.8475,1,1,9,12,7
53,1103,126.57376,43.83126,1,1,7,26,9
31,4849,126.56877,43.84394,14,1,6,12,9
165,290,126.54928,43.91371,1,1,9,27,9
53,75,126.55159,43.82248,14,1,8,19,9
165,3156,126.55043,43.90348,12,1,8,13,9
129,1520,126.53597,43.84842,1,1,10,4,8
31,949,126.59329,43.83981,1,1,6,5,14
31,4849,126.57528,43.84985,1,1,8,31,13
31,435,126.55711,43.87059,1,1,6,30,9
53,1103,126.60344,43.8326,14,1,6,5,13
53,1103,126.57739,43.82829,1,1,9,17,10
31,949,126.59441,43.85479,14,1,7,17,8
129,2688,126.52074,43.82458,1,1,6,13,9
31,949,126.60148,43.88996,1,1,8,12,8
129,2688,126.52016,43.82101,1,1,8,28,15
129,1520,126.5513,43.84886,1,1,9,8,7
53,4474,126.55258,43.8181,14,1,8,4,8
31,4849,126.56969,43.84641,14,1,8,15,13
129,2665,126.54636,43.84908,14,1,8,30,7
53,75,126.56806,43.8209,1,1,9,10,8
31,949,126.59247,43.83943,1,1,7,22,7
165,1656,126.5602,43.91119,14,0,6,6,9
53,487,126.59198,43.77701,14,1,9,30,8
31,435,126.55286,43.87223,1,0,5,16,12
165,2709,126.56845,43.90303,14,1,9,24,8
53,75,126.54605,43.82315,1,1,8,19,9
31,435,126.56195,43.86902,1,1,5,29,14
31,4849,126.57367,43.85389,14,1,9,25,10
31,435,126.557,43.85869,1,1,8,7,12
129,2925,126.51485,43.8104,14,1,9,1,7
165,2709,126.57847,43.89575,14,1,7,9,8
53,1103,126.57077,43.81306,1,1,7,23,12
53,75,126.55458,43.83069,1,1,8,14,8
129,2665,126.56607,43.8571,1,1,8,3,8
129,2925,126.51782,43.82571,1,1,9,11,8
31,949,126.59183,43.86291,1,1,8,28,8
53,75,126.5724,43.81965,1,1,9,4,9
129,2688,126.52809,43.82472,1,1,8,18,8
129,638,126.54124,43.84518,1,1,7,23,9
53,1103,126.5892,43.82893,1,1,6,26,11
31,435,126.55288,43.8722,1,1,6,17,12
31,4322,126.54701,43.87711,1,1,5,30,16
129,3853,126.41956,44.00086,7,1,5,19,8
129,2688,126.52839,43.82463,1,1,7,23,8
31,4849,126.56925,43.84374,14,1,5,30,8
53,75,126.55755,43.83301,1,1,10,1,8
53,75,126.55596,43.83292,1,1,7,23,7
129,2688,126.52833,43.8222,14,1,9,30,9
53,1103,126.56594,43.83218,14,1,7,2,8
31,4849,126.58394,43.84322,1,1,9,29,8
129,2688,126.52503,43.81632,1,1,9,6,8
53,1103,126.57293,43.80806,1,1,8,18,13
31,949,126.59012,43.83901,1,1,9,29,8
31,4849,126.57289,43.84459,7,1,9,26,7
53,487,126.58509,43.7823,1,1,9,22,9
53,75,126.57265,43.82079,1,1,7,5,8
53,487,126.53085,43.80585,1,1,6,1,13
31,435,126.55645,43.85951,1,1,5,19,8
129,2688,126.51684,43.81175,1,1,9,28,9
31,2208,126.53837,43.87205,1,1,5,31,14
165,1656,126.59112,43.89897,14,1,5,20,11
31,949,126.59451,43.85359,14,1,7,29,8
53,4474,126.56107,43.81657,12,1,9,4,9
31,435,126.55042,43.86164,1,1,5,27,8
53,854,126.57341,43.79413,1,1,6,19,15
53,75,126.56019,43.82524,1,1,7,6,8
53,75,126.57111,43.82488,1,1,8,27,16
31,4849,126.56831,43.84369,14,1,6,14,14
129,638,126.55056,43.84,14,1,6,2,8
53,1103,126.5704,43.8309,14,1,8,23,10
165,1656,126.55469,43.91013,14,0,6,4,14
165,1656,126.56883,43.92432,4,1,9,14,9
53,75,126.57252,43.82386,1,1,8,27,8
165,3156,126.5443,43.9048,1,1,8,12,9
53,487,126.5444,43.79451,10,1,9,16,8
53,75,126.5559,43.83298,1,1,8,4,8
129,588,126.49326,43.8125,1,1,5,17,11
31,435,126.55184,43.8741,1,1,7,14,13
31,435,126.55285,43.87215,1,1,9,28,8
31,949,126.58697,43.84103,14,1,6,28,9
165,1656,126.56286,43.92156,1,1,9,16,15
129,1520,126.55987,43.85201,1,1,10,10,9
129,2688,126.53269,43.82245,1,1,6,12,16
129,1520,126.56344,43.84665,14,1,9,18,9
53,979,126.55195,43.8046,1,1,6,3,13
129,2925,126.51919,43.82719,1,1,8,19,9
31,949,126.59171,43.84053,1,1,6,27,8
129,2688,126.53227,43.82159,1,1,9,13,8
31,1558,126.5554,43.86761,1,1,10,6,15
53,487,126.54364,43.80005,4,1,9,29,8
53,75,126.57588,43.82471,1,1,8,17,8
165,1656,126.56421,43.92505,14,1,8,22,8
31,949,126.59346,43.86135,14,1,6,8,8
129,2688,126.53171,43.82159,1,1,8,7,9
165,3156,126.55151,43.91099,14,1,5,15,11
165,290,126.55301,43.91195,1,1,9,14,10
31,4849,126.5714,43.85193,14,1,7,22,7
53,4474,126.54236,43.82058,1,1,9,16,8
53,4474,126.54967,43.81546,1,1,7,29,8
129,1520,126.5572,43.84942,1,1,9,28,9
129,638,126.54985,43.84149,14,1,6,10,9
31,4849,126.57151,43.8406,1,1,7,25,7
31,4849,126.58266,43.84541,14,1,5,18,9
165,2709,126.56519,43.91202,14,1,8,4,8
53,4474,126.54815,43.81699,1,1,7,28,8
31,4849,126.57617,43.83967,1,1,5,21,9
53,75,126.5666,43.81811,14,1,7,23,8
31,4849,126.57167,43.84849,1,1,5,20,15
129,1520,126.55508,43.85423,1,1,9,9,8
129,2925,126.52057,43.82205,14,1,7,15,8
31,4849,126.56905,43.84813,14,1,9,28,8
165,1656,126.55413,43.90864,1,1,8,27,8
165,3156,126.5519,43.90965,1,1,7,30,9
53,487,126.53716,43.80631,1,1,9,23,9
53,4474,126.55669,43.81051,14,1,9,15,14
165,1656,126.5481,43.93618,14,1,8,8,9
53,75,126.55731,43.82475,10,1,8,2,8
53,75,126.56507,43.82723,14,1,7,25,8
31,949,126.59158,43.84194,1,1,9,24,8
53,1103,126.57046,43.83204,1,1,9,1,9
165,3156,126.54789,43.91021,1,1,8,13,9
129,2925,126.51795,43.82652,1,1,8,27,7
129,2688,126.51369,43.81666,1,1,6,13,9
53,4474,126.55864,43.80757,1,1,9,20,8
53,4474,126.54492,43.81143,1,1,8,11,9
53,75,126.56521,43.82597,1,1,9,22,9
31,435,126.55271,43.87229,1,1,8,19,7
53,75,126.55399,43.82363,1,1,5,16,8
53,75,126.553,43.82816,1,1,7,6,8
129,87,126.54502,43.83736,1,1,10,10,10
53,4474,126.55335,43.81992,7,1,8,16,8
53,1103,126.57624,43.82736,1,1,6,16,10
31,4849,126.5803,43.84023,1,1,8,3,7
165,3156,126.55769,43.91585,14,1,7,16,8
31,1558,126.55206,43.86848,1,1,6,27,15
129,2665,126.53906,43.8458,1,1,8,14,9
31,949,126.59361,43.84846,1,1,9,7,8
129,1520,126.55813,43.85433,14,1,9,26,8
129,161,126.51951,43.81728,14,1,6,9,9
31,435,126.5525,43.87233,1,1,8,17,7
129,2688,126.51695,43.81234,1,1,9,20,9
129,2925,126.51933,43.83203,1,1,7,1,8
31,4849,126.57257,43.84218,1,1,6,6,14
53,75,126.54871,43.82221,0,1,9,1,9
31,949,126.59547,43.84567,14,1,7,22,7
129,638,126.56549,43.84255,10,1,6,11,10
31,4849,126.57839,43.84189,1,1,6,10,9
165,1656,126.55046,43.91166,14,1,8,25,9
53,487,126.54153,43.79271,14,1,6,3,8
53,75,126.56418,43.82452,12,1,7,21,8
129,2688,126.51632,43.80704,1,1,5,29,19
53,1103,126.57629,43.82881,1,1,6,30,10
31,435,126.55278,43.87228,1,1,8,12,8
129,2688,126.52526,43.82016,1,1,9,14,8
31,4849,126.5757,43.85255,1,1,9,30,8
129,2665,126.56555,43.84804,7,1,8,6,8
165,1656,126.571,43.92865,1,0,7,4,9
53,1103,126.58117,43.82865,1,1,7,21,8
53,487,126.58561,43.78131,1,1,8,1,8
31,1558,126.58057,43.84562,14,1,10,12,9
165,3156,126.54564,43.91688,1,1,5,19,10
31,4849,126.56781,43.84955,7,1,8,27,10
31,435,126.55706,43.85953,1,1,7,23,7
53,75,126.55601,43.82292,10,1,6,8,14
31,4322,126.54005,43.87757,14,1,5,25,8
53,75,126.57376,43.82021,1,1,7,10,8
165,1656,126.54726,43.91235,1,1,9,3,9
31,435,126.55227,43.85359,1,1,6,12,8
53,487,126.52871,43.80576,14,1,8,16,8
31,949,126.5955,43.84127,14,1,9,7,8
31,435,126.55226,43.87467,1,1,7,27,8
53,4474,126.55141,43.8204,14,1,8,31,8
31,949,126.59111,43.84888,1,1,5,30,8
129,2925,126.51917,43.82703,1,1,7,12,8
129,2665,126.53761,43.84626,1,1,8,7,9
165,290,126.55692,43.90959,1,1,9,24,8
53,4474,126.55335,43.81693,14,1,8,30,8
53,75,126.56627,43.81721,1,1,8,24,9
129,1520,126.53926,43.84819,1,1,9,18,9
53,75,126.56475,43.80868,1,1,7,2,8
53,75,126.57899,43.82492,14,1,8,17,8
129,1520,126.55724,43.84777,14,1,10,4,8
31,1558,126.58762,43.84042,14,1,10,10,8
129,638,126.54146,43.84463,1,1,7,4,10
31,4849,126.5706,43.85228,14,1,7,16,8
129,2688,126.53211,43.82207,1,1,9,2,11
31,4849,126.56878,43.83919,13,1,8,24,9
165,3156,126.54885,43.91183,1,0,6,12,8
53,2289,126.57135,43.81306,1,1,5,29,8
53,1103,126.60111,43.83407,1,1,10,2,10
129,2688,126.50392,43.80288,1,1,8,12,8
31,949,126.59022,43.83909,1,1,6,6,14
165,3156,126.54982,43.90818,1,0,6,16,9
31,4849,126.57394,43.85707,0,1,8,1,7
31,435,126.55951,43.87144,1,1,9,4,8
53,487,126.53478,43.80518,1,1,7,17,8
165,1656,126.54657,43.90767,1,0,6,4,17
53,4474,126.54632,43.81577,1,1,6,30,11
53,75,126.54798,43.82904,1,1,9,13,8
129,638,126.54533,43.84804,1,1,7,26,14
53,75,126.56526,43.82206,1,1,9,28,8
31,949,126.59102,43.84986,1,1,9,30,8
129,2925,126.49711,43.81609,1,1,8,13,9
129,1520,126.55335,43.84616,1,1,9,11,8
53,1103,126.57007,43.80997,1,1,8,27,14
53,4474,126.55525,43.81735,1,1,8,29,9
129,2688,126.51936,43.82943,1,1,8,14,18
31,4322,126.5453,43.87797,1,1,5,25,12
53,4474,126.54592,43.81102,1,1,7,17,12
53,1103,126.57924,43.82719,1,1,8,26,9
53,75,126.56857,43.82469,1,1,8,21,9
165,3156,126.54843,43.90735,1,1,7,7,10
31,949,126.5908,43.86328,1,1,8,13,7
31,4849,126.5679,43.84573,7,1,6,10,9
31,435,126.55717,43.87108,1,1,8,8,8
31,949,126.59173,43.86212,1,1,9,25,7
165,1656,126.55137,43.9113,1,1,8,29,9
53,1103,126.57906,43.82841,1,1,7,30,8
165,1656,126.57235,43.92014,14,1,8,30,9
129,2925,126.51223,43.83306,1,1,9,9,9
129,1520,126.53592,43.84831,1,1,9,25,8
53,4474,126.55966,43.80773,1,1,9,15,10
31,1558,126.55289,43.87215,1,1,10,8,8
31,949,126.58804,43.84467,14,1,8,6,7
165,2709,126.55885,43.90911,1,1,8,24,8
53,75,126.56608,43.83001,7,1,6,9,9
165,1656,126.57823,43.91626,14,0,6,13,7
31,2398,126.57287,43.88075,14,1,10,2,8
53,75,126.56836,43.8268,1,1,6,15,8
53,4474,126.54582,43.81098,1,1,7,15,9
53,4474,126.55948,43.81864,14,1,9,8,9
53,1756,126.58713,43.82219,1,1,6,18,13
31,949,126.5897,43.84,1,1,9,27,8
165,1656,126.56406,43.91166,14,1,7,21,8
31,949,126.5933,43.83983,1,1,8,1,10
129,2688,126.51818,43.81198,1,1,9,17,7
129,2925,126.51706,43.81874,1,1,9,14,8
129,2665,126.5451,43.84564,1,1,8,11,8
53,75,126.55734,43.82476,10,1,8,19,9
129,2925,126.51434,43.81127,1,1,9,8,7
31,3073,126.54708,43.8696,1,1,5,30,13
53,4474,126.54949,43.81936,1,1,8,16,8
129,2925,126.51393,43.81346,1,1,7,25,8
165,1656,126.56878,43.92447,4,0,6,14,8
31,4849,126.58476,43.83965,1,1,8,8,8
31,2208,126.53858,43.87384,14,1,6,6,12
129,1520,126.56334,43.84772,7,1,10,14,8
53,2615,126.55545,43.80667,1,1,6,13,9
129,2688,126.51236,43.80774,1,1,8,11,12
165,1656,126.56748,43.9189,14,1,8,23,9
31,4849,126.57478,43.84215,14,1,7,22,7
53,75,126.56505,43.82955,7,1,8,20,8
165,1656,126.56843,43.92065,1,1,8,2,8
31,4849,126.56677,43.84323,0,1,8,11,8
129,2688,126.51663,43.82418,14,1,7,14,17
31,4849,126.57132,43.85191,14,1,9,2,8
129,2925,126.52175,43.82196,14,1,7,25,8
165,3156,126.55089,43.91298,1,1,5,26,10
53,4474,126.54587,43.81611,1,1,6,30,11
53,4474,126.5488,43.81958,14,1,9,6,9
53,1103,126.57085,43.80649,1,1,7,7,13
165,3156,126.55581,43.89917,1,1,7,7,10
31,949,126.59251,43.83941,1,1,7,29,8
165,1656,126.56381,43.92679,14,1,9,22,9
31,949,126.59099,43.84111,1,1,6,11,15
53,979,126.55104,43.80442,1,1,6,7,9
129,2688,126.51995,43.82582,1,1,7,19,8
165,3156,126.55093,43.90243,14,0,6,1,10
53,75,126.56968,43.8187,1,1,9,24,8
53,4474,126.54364,43.81373,1,1,9,14,9
53,75,126.57151,43.8276,1,1,7,27,9
53,75,126.56897,43.8281,1,1,7,16,8
53,75,126.55431,43.82621,1,1,8,30,8
129,2665,126.55277,43.84666,1,1,8,2,9
31,949,126.59076,43.84648,1,1,8,29,8
53,75,126.55268,43.83101,1,1,9,1,9
129,638,126.55093,43.83936,14,1,6,27,10
31,949,126.58748,43.83873,14,1,8,11,16
129,1520,126.54378,43.84888,1,1,9,18,9
129,2665,126.56608,43.85712,1,1,8,29,8
53,1103,126.57063,43.80412,1,1,8,3,14
31,4849,126.56702,43.84777,7,1,9,22,8
31,949,126.59398,43.84008,1,1,7,25,7
31,435,126.55195,43.8579,14,1,8,16,8
53,1103,126.56093,43.80741,14,1,8,14,13
31,435,126.54872,43.8738,1,1,7,13,7
31,435,126.55998,43.86188,1,1,8,3,8
53,487,126.5484,43.79263,14,1,9,20,8
31,949,126.59312,43.86173,1,1,9,26,7
31,949,126.58968,43.85111,1,1,8,29,8
53,1103,126.56988,43.83222,1,1,6,14,10
53,75,126.5693,43.81579,1,1,5,29,15
53,4474,126.54431,43.8153,1,1,8,29,9
31,435,126.54962,43.86996,1,0,9,5,12
31,435,126.55298,43.87468,1,1,8,9,7
129,2688,126.52584,43.81643,1,1,6,11,9
53,1103,126.57292,43.808,1,1,9,8,15
129,2688,126.50491,43.80269,1,1,6,10,15
53,75,126.5598,43.8251,1,1,7,31,8
129,2688,126.51187,43.81849,1,1,8,10,18
53,1103,126.56573,43.80925,14,1,8,17,13
129,638,126.54468,43.83739,1,1,7,25,9
31,949,126.59371,43.85948,1,1,6,7,8
165,1656,126.55493,43.90878,1,1,8,10,12
31,435,126.5593,43.85829,14,1,6,29,9
129,1520,126.54237,43.84196,3,1,9,25,8
129,2665,126.55285,43.8467,1,1,8,20,8
165,1656,126.54749,43.90997,1,1,10,10,8
129,2665,126.54436,43.85021,1,1,8,31,7
31,435,126.55272,43.87213,1,1,5,30,15
129,2688,126.51904,43.82886,1,1,9,23,15
129,638,126.55443,43.8422,1,1,7,15,8
165,2709,126.59005,43.89317,14,1,8,4,8
129,2688,126.53284,43.82529,1,1,7,14,9
129,2688,126.51842,43.81166,1,1,6,19,15
165,3156,126.55213,43.91352,14,1,7,26,9
31,435,126.5529,43.87189,1,0,6,6,13
53,4474,126.55394,43.81638,14,1,9,6,9
165,1656,126.55464,43.90876,1,1,8,4,8
53,487,126.52945,43.80668,14,1,8,7,9
31,435,126.54759,43.86891,1,1,9,9,8
31,949,126.59198,43.84748,1,1,8,11,9
31,4849,126.57364,43.84469,7,1,7,12,11
31,435,126.54906,43.868,1,1,8,31,9
129,2925,126.51598,43.83239,1,1,9,21,8
129,2665,126.55687,43.84795,14,1,8,11,11
129,2925,126.50855,43.82192,1,1,8,7,10
129,2688,126.52018,43.81251,1,1,9,12,8
129,2688,126.51573,43.80799,1,1,7,30,10
165,3156,126.54778,43.91376,1,1,7,8,9
53,75,126.56233,43.8146,14,1,7,7,9
53,75,126.56888,43.81802,1,1,7,25,8
31,4849,126.57353,43.84454,7,1,9,14,8
31,435,126.55273,43.87221,1,1,8,17,8
129,1520,126.54005,43.843,1,1,9,9,9
129,2665,126.5629,43.84996,14,1,8,10,8
53,75,126.5532,43.8305,1,1,7,12,8
53,1103,126.57086,43.80643,1,1,9,17,14
31,949,126.59327,43.85463,14,1,6,6,13
129,638,126.53737,43.84751,1,1,7,27,16
31,4849,126.56815,43.85368,14,1,10,2,8
53,4474,126.56105,43.81567,14,1,8,25,8
129,1520,126.53736,43.84746,1,1,9,6,7
165,1656,126.54856,43.90743,1,0,6,4,9
53,75,126.56518,43.819,14,1,7,15,9
31,435,126.55376,43.87313,1,1,8,26,11
31,949,126.59404,43.86256,14,1,7,16,7
165,1656,126.57503,43.93099,1,1,10,14,8
129,2925,126.51924,43.82774,1,1,8,29,9
129,1520,126.5425,43.84539,1,1,9,15,8
31,4849,126.57617,43.83965,1,1,9,6,8
129,2688,126.5189,43.81214,1,1,7,24,8
53,4474,126.54462,43.81548,1,1,9,23,9
31,1558,126.57641,43.84281,1,1,10,14,8
129,2688,126.51989,43.81492,1,1,8,13,8
31,4849,126.58126,43.84408,1,1,9,12,8
129,2688,126.51903,43.82074,1,1,8,8,15
31,435,126.55289,43.87213,1,1,8,12,8
53,487,126.59191,43.77695,14,1,8,25,8
53,4474,126.54522,43.81955,14,1,9,13,8
129,638,126.54803,43.84652,1,1,7,29,9
31,4849,126.57418,43.85409,14,1,7,23,7
165,2709,126.56636,43.91047,14,0,7,4,8
53,487,126.53688,43.80505,14,1,9,17,7
31,949,126.5955,43.84139,14,1,9,20,8
31,4849,126.57299,43.84732,14,1,8,3,7
31,4849,126.57503,43.84945,1,1,8,25,9
53,75,126.56244,43.82546,14,1,7,12,8
129,1520,126.54267,43.84142,1,1,10,5,8
129,1520,126.56558,43.848,7,1,9,15,8
53,75,126.56552,43.81286,14,1,8,25,9
53,75,126.554,43.82367,1,1,8,6,8
165,2709,126.56307,43.90841,1,1,8,30,8
31,4849,126.57866,43.84493,14,1,8,20,8
129,2665,126.55239,43.8519,14,1,8,15,8
129,2688,126.52991,43.81944,1,1,8,26,10
53,75,126.57607,43.8216,1,1,6,30,14
31,4322,126.56286,43.88509,14,1,6,1,15
53,4474,126.54874,43.81649,1,1,8,24,8
53,75,126.5461,43.82324,1,1,9,14,9
129,1520,126.56345,43.84938,0,1,9,3,11
53,487,126.53332,43.80627,1,1,9,10,7
129,2925,126.51481,43.83325,1,1,8,21,8
31,949,126.58942,43.83832,1,1,8,1,10
129,2665,126.56583,43.84741,7,1,8,31,7
129,2688,126.53199,43.82388,1,1,8,8,8
31,4849,126.57295,43.85653,14,1,9,23,7
129,2925,126.51788,43.83314,1,1,6,13,10
129,2665,126.53471,43.82782,1,1,8,25,7
129,1520,126.54659,43.85124,14,1,9,24,8
53,1103,126.56985,43.80375,1,1,8,15,13
129,2688,126.5288,43.82044,1,1,6,28,10
129,2925,126.51407,43.82507,14,1,8,13,9
129,1520,126.54175,43.84258,14,1,10,4,8
31,4849,126.57699,43.8403,14,1,8,5,12
31,4322,126.56412,43.88369,14,1,5,29,15
53,854,126.56013,43.79916,1,1,6,19,15
165,1656,126.55751,43.90908,1,1,5,26,11
129,2688,126.5059,43.80349,1,1,7,16,9
129,2665,126.55571,43.84811,14,1,8,18,8
31,435,126.56504,43.86365,1,0,9,26,8
31,949,126.58529,43.84684,1,1,8,28,8
129,2925,126.51368,43.81517,1,1,6,7,10
53,979,126.55893,43.8026,1,1,5,30,17
129,2925,126.51785,43.82588,1,1,8,20,9
53,4474,126.54853,43.81597,1,1,7,18,9
31,949,126.59244,43.84231,1,1,9,27,8
53,1103,126.56524,43.83199,0,1,7,21,8
129,638,126.54743,43.83905,14,1,7,5,9
129,638,126.54829,43.84166,14,1,6,19,15
129,2665,126.55285,43.84885,1,1,8,21,8
53,4474,126.54716,43.82017,14,1,7,24,8
53,4474,126.55116,43.81886,14,1,8,18,8
31,1558,126.56424,43.87319,14,1,10,12,9
129,2925,126.51695,43.82647,14,1,7,29,9
129,2302,126.55286,43.8489,1,1,7,13,8
53,1103,126.57369,43.83126,1,1,9,24,8
53,4474,126.54275,43.81679,1,1,8,11,9
53,4474,126.55531,43.81457,14,1,9,8,9
129,2688,126.53238,43.8249,1,1,9,20,9
53,2618,126.57507,43.82789,1,1,6,8,13
31,4849,126.58349,43.83863,14,1,7,29,8
31,949,126.5949,43.84603,14,1,7,20,7
165,1656,126.54689,43.90968,1,1,9,17,8
31,4849,126.57879,43.84355,1,1,5,18,9
129,2925,126.51048,43.83324,1,1,7,15,8
31,949,126.59375,43.84851,1,1,7,27,8
53,4474,126.55852,43.80863,1,1,8,3,9
53,75,126.56646,43.82105,14,1,9,30,8
129,638,126.56206,43.84226,14,1,7,13,9
53,1103,126.5795,43.82857,1,1,8,14,9
129,2925,126.50773,43.81987,1,1,8,14,9
165,3156,126.55328,43.91025,1,1,8,4,8
31,435,126.5522,43.87234,1,1,6,11,14
31,4849,126.57208,43.84109,1,1,6,4,16
53,75,126.55534,43.82268,10,1,7,16,8
165,1656,126.58809,43.894,12,1,10,4,8
53,75,126.56528,43.83024,7,1,7,12,8
31,4849,126.57699,43.84101,1,1,6,19,9
129,2925,126.51214,43.83293,1,1,9,22,9
129,2688,126.52539,43.82391,1,1,7,4,9
31,435,126.55187,43.85796,14,1,9,27,8
165,3156,126.54865,43.90778,1,0,6,5,10
165,2709,126.57243,43.91191,14,1,8,22,8
31,435,126.55389,43.87268,1,1,5,29,17
53,75,126.56817,43.8235,1,1,6,12,8
53,1103,126.57783,43.82865,1,1,9,2,13
129,2688,126.53261,43.82422,1,1,7,24,8
129,2925,126.51693,43.83148,1,1,7,27,9
165,2709,126.59163,43.89245,14,1,9,1,8
31,435,126.55023,43.8745,1,1,9,21,9
129,2665,126.54341,43.84381,1,1,8,28,7
53,1103,126.57234,43.80716,1,1,9,11,15
53,1103,126.57075,43.81303,1,1,7,2,11
129,2688,126.52664,43.81633,1,1,9,25,8
129,2925,126.51441,43.81535,14,1,6,12,9
53,4474,126.55384,43.81645,14,1,9,23,13
165,1656,126.56875,43.92447,4,1,8,23,9
31,4849,126.58033,43.83838,14,1,7,25,7
129,638,126.56157,43.84052,1,1,7,26,9
31,435,126.55277,43.87221,1,1,7,5,7
53,1103,126.5774,43.82968,1,1,7,15,10
53,75,126.57767,43.82114,1,1,7,28,8
165,2709,126.56556,43.91097,14,1,9,27,9
129,2925,126.51921,43.8266,1,1,8,15,8
129,2688,126.52066,43.81919,1,1,8,12,8
53,1103,126.59822,43.82782,14,1,7,25,9
53,1103,126.57347,43.81293,1,1,7,22,12
129,2688,126.52027,43.81176,1,1,10,1,7
129,2688,126.51675,43.80763,1,1,7,2,8
53,1103,126.57082,43.80652,1,1,8,8,13
53,75,126.552,43.83023,1,1,8,31,8
129,87,126.55492,43.84221,1,1,10,3,8
165,1656,126.55091,43.90216,14,1,8,29,9
31,435,126.55355,43.86847,1,1,5,18,8
129,2688,126.50952,43.81101,1,1,8,18,8
53,1177,126.58257,43.80614,1,1,6,18,9
129,638,126.54461,43.84599,1,1,7,26,14
129,2665,126.549,43.84876,14,1,8,26,7
129,2925,126.51864,43.82111,1,1,7,22,8
31,949,126.59232,43.84453,1,1,9,23,7
129,638,126.55922,43.84057,1,1,7,2,9
129,2688,126.53236,43.82396,1,1,9,23,8
165,1656,126.55001,43.90454,1,1,6,14,8
53,1103,126.57578,43.83048,1,1,9,23,9
53,1103,126.57572,43.83051,1,1,6,29,9
129,638,126.54697,43.84152,14,1,6,13,10
129,1520,126.55595,43.85174,1,1,10,1,7
129,2688,126.52261,43.81799,1,1,8,19,9
129,638,126.5447,43.83736,1,1,6,3,11
53,487,126.52973,43.80539,14,1,9,23,9
31,4849,126.57262,43.85481,4,1,7,9,8
129,161,126.55407,43.8505,14,1,6,13,11
129,2925,126.52158,43.82223,14,1,8,24,7
53,75,126.54797,43.82903,1,1,9,18,8
129,638,126.56259,43.84008,14,1,6,8,9
53,487,126.5513,43.78689,14,1,9,5,10
31,949,126.59415,43.86067,14,1,7,2,8
53,1103,126.575,43.83068,1,1,7,21,8
129,2925,126.5205,43.82658,1,1,8,4,9
53,1103,126.57254,43.8129,1,1,8,18,13
53,979,126.55941,43.81476,1,1,6,8,7
53,4474,126.55558,43.80465,1,1,8,22,8
31,949,126.59262,43.85581,14,1,6,19,13
31,949,126.58919,43.84966,1,1,9,16,8
31,949,126.59376,43.8628,14,1,8,21,7
129,1520,126.54341,43.84388,1,1,9,6,7
53,75,126.5757,43.82441,1,1,7,19,8
31,4849,126.57499,43.85088,1,1,8,22,9
31,4849,126.57248,43.85178,1,1,6,30,15
53,4474,126.56078,43.80978,4,1,9,27,8
165,1656,126.54923,43.90882,1,0,6,1,10
31,949,126.58848,43.84768,1,1,8,28,8
129,2688,126.5202,43.82109,1,1,9,17,7
31,435,126.56169,43.86175,1,1,7,4,8
129,2925,126.5199,43.82757,1,1,6,19,10
165,1656,126.54979,43.90699,1,1,5,19,19
53,1103,126.56833,43.81124,1,1,8,19,14
53,2289,126.57235,43.8131,1,1,5,29,13
165,1656,126.55086,43.90841,14,1,8,8,9
31,1558,126.57696,43.84348,1,1,10,11,8
53,1103,126.56937,43.81046,1,1,7,17,14
53,487,126.52952,43.80458,14,1,7,28,8
31,949,126.59183,43.84447,1,1,8,21,8
165,3156,126.55195,43.9096,1,0,6,2,9
53,4474,126.55764,43.8082,1,1,6,27,9
129,1520,126.56358,43.84903,0,1,10,2,8
129,2688,126.50934,43.81179,1,1,7,16,9
129,638,126.54642,43.84493,14,1,7,27,16
165,1656,126.56594,43.92699,14,0,7,4,9
31,435,126.55507,43.87306,1,1,9,21,9
165,290,126.55005,43.90458,1,1,9,27,9
31,435,126.56272,43.86178,1,1,7,28,7
129,2688,126.5331,43.82542,1,1,8,8,8
31,4849,126.58547,43.8445,14,1,8,3,7
31,4849,126.56717,43.84699,7,1,7,5,7
53,4474,126.55881,43.8026,1,1,8,19,9
31,4849,126.5753,43.84161,1,1,9,23,7
53,75,126.56515,43.82851,0,1,9,10,7
129,2688,126.5329,43.8253,1,1,8,3,8
53,4474,126.54274,43.81631,1,1,7,27,8
31,949,126.5928,43.86076,1,1,9,25,7
129,2688,126.52351,43.81532,1,1,9,22,8
53,1103,126.5688,43.80237,14,1,8,21,13
53,1103,126.57495,43.83079,1,1,8,3,9
31,435,126.56124,43.86125,1,1,6,2,8
129,2925,126.51407,43.81356,1,1,6,3,9
31,435,126.5619,43.86756,1,1,9,9,9
31,949,126.59112,43.84913,1,1,8,29,8
53,487,126.56363,43.78492,14,1,5,28,9
53,487,126.53072,43.80431,14,1,8,10,8
53,75,126.57674,43.82514,1,1,8,19,9
31,949,126.59305,43.85446,14,1,6,6,13
129,2925,126.51793,43.831,1,1,7,6,8
53,75,126.56687,43.82054,14,1,7,28,8
31,4849,126.57339,43.85316,1,1,8,19,8
165,1656,126.54615,43.91156,1,1,5,22,13
53,4474,126.55555,43.81819,14,1,9,10,7
53,1103,126.56176,43.81297,4,1,7,11,11
53,1103,126.57672,43.82757,1,1,6,8,13
31,949,126.59093,43.84706,1,1,8,27,8
53,487,126.58767,43.78046,1,1,6,9,14
53,1103,126.57077,43.80427,1,1,10,2,10
31,435,126.54963,43.87305,1,1,9,22,7
31,435,126.56305,43.86928,1,1,8,1,8
53,75,126.56384,43.82542,14,1,6,27,14
53,4474,126.56088,43.80977,4,1,7,28,8
53,487,126.58493,43.80258,14,1,8,17,8
165,3156,126.55,43.91158,14,1,5,14,10
53,4474,126.5588,43.80234,1,1,7,14,11
31,4849,126.57516,43.83933,1,1,9,17,8
129,2925,126.51876,43.82045,1,1,8,13,9
31,4849,126.57397,43.83913,1,1,6,10,9
129,2665,126.54131,43.84844,1,1,8,7,9
129,2925,126.52406,43.83753,1,1,5,31,10
53,487,126.53468,43.80836,1,1,8,25,8
31,4849,126.57555,43.84284,1,1,9,20,8
129,2688,126.53297,43.82524,1,1,8,9,9
53,4474,126.54365,43.8138,1,1,9,18,12
31,435,126.55956,43.87138,1,1,8,16,7
53,4474,126.55756,43.80074,1,1,8,28,8
53,75,126.57529,43.82299,1,1,9,4,8
31,1558,126.53917,43.8702,1,1,9,8,10
31,4849,126.56841,43.84676,14,1,8,27,10
53,75,126.57099,43.8206,1,1,9,17,8
53,1103,126.59511,43.83173,1,1,7,26,9
53,4474,126.54583,43.81095,1,1,6,17,15
31,435,126.55202,43.87193,1,1,7,3,7
129,2688,126.51762,43.80971,1,1,9,30,9
53,75,126.56643,43.81977,14,1,6,3,7
129,2688,126.51622,43.81015,1,1,7,16,8
31,949,126.59044,43.85278,1,1,6,18,15
31,949,126.58817,43.86289,1,1,6,16,7
53,75,126.56622,43.8297,1,1,7,24,8
129,2665,126.55501,43.85425,1,1,8,25,7
53,1103,126.57121,43.83091,14,1,7,5,9
31,435,126.5598,43.86541,7,1,8,17,7
129,638,126.54525,43.83671,1,1,7,26,9
129,2688,126.51945,43.81074,1,1,8,16,8
53,75,126.5509,43.83044,1,1,7,27,8
31,4849,126.57086,43.84221,1,1,9,3,8
53,4474,126.55821,43.81956,14,1,9,6,17
53,4474,126.55964,43.80779,1,1,9,4,9
31,949,126.59227,43.84769,1,1,6,1,8
129,638,126.54514,43.83671,1,1,7,28,8
165,1656,126.55807,43.90856,14,1,10,10,8
165,1656,126.75331,43.95575,14,1,9,17,9
129,2688,126.53184,43.82527,1,1,8,6,8
31,4849,126.56982,43.83958,14,1,5,29,8
53,75,126.55807,43.8332,1,1,9,5,9
129,2665,126.54608,43.84524,1,1,8,14,9
129,2688,126.52064,43.81914,1,1,7,20,8
31,435,126.55278,43.87212,1,1,8,26,8
31,949,126.59304,43.85449,14,1,5,31,16
31,435,126.56342,43.86718,1,1,9,30,8
129,2925,126.51307,43.81332,1,1,9,6,7
53,4474,126.55409,43.80606,1,1,7,30,8
129,2688,126.52507,43.82309,1,1,6,9,14
53,75,126.5781,43.82592,1,1,7,19,8
31,435,126.55196,43.85793,14,1,9,28,8
31,4849,126.56673,43.8466,7,1,7,18,7
53,75,126.55336,43.82546,1,1,7,29,8
129,2688,126.52136,43.81243,1,1,7,14,8
31,435,126.55228,43.87471,1,1,5,30,15
53,1103,126.56971,43.8322,1,1,8,30,9
53,487,126.58911,43.77452,14,1,7,1,9
165,1656,126.56831,43.92767,14,1,9,22,9
31,949,126.59117,43.84988,1,1,6,28,13
129,2688,126.51462,43.82112,1,1,8,21,9
165,2709,126.56315,43.91039,7,1,8,7,9
53,487,126.52934,43.80509,14,1,8,8,9
53,487,126.53299,43.80562,1,1,8,14,8
53,1103,126.59123,43.82973,1,1,7,25,9
53,4474,126.54639,43.81788,14,1,9,5,9
31,435,126.55557,43.86248,14,1,9,9,8
129,3458,126.54654,43.85186,14,1,5,23,10
165,3867,126.61854,43.89244,14,1,7,27,8
129,638,126.56104,43.84087,1,1,6,28,13
129,2688,126.52276,43.81391,1,1,9,25,8
129,2665,126.54515,43.84385,1,1,8,15,8
53,487,126.54565,43.7935,14,1,8,11,9
129,2688,126.53269,43.82744,1,1,9,23,8
31,4849,126.58312,43.84303,1,1,9,30,8
31,435,126.55055,43.86115,1,1,9,18,8
165,1656,126.56828,43.92104,14,1,7,18,8
31,435,126.55926,43.87031,1,1,9,2,7
53,1103,126.56911,43.80935,1,1,9,5,16
129,2688,126.52008,43.81577,1,1,9,29,8
129,2665,126.55022,43.85308,14,1,8,27,7
53,1103,126.60645,43.82794,1,1,5,31,10
31,435,126.56321,43.86588,1,1,6,4,18
53,75,126.56546,43.82244,1,1,7,18,8
129,2925,126.517,43.82524,1,1,6,28,10
129,2925,126.51279,43.81398,1,1,6,3,11
129,638,126.54628,43.83731,1,1,7,31,13
31,435,126.55281,43.8722,1,0,9,25,12
31,4849,126.5699,43.85202,14,1,9,22,8
31,949,126.59077,43.85154,1,1,9,15,9
129,161,126.55418,43.85097,14,1,6,17,13
53,487,126.55976,43.78882,14,1,8,17,8
129,3458,126.55989,43.85511,14,1,6,27,9
31,949,126.58988,43.86083,1,1,6,18,7
53,487,126.55455,43.78722,14,1,8,2,8
31,435,126.55429,43.87165,1,1,7,20,7
53,487,126.53126,43.80378,14,1,5,29,15
129,323,126.51491,43.8121,1,1,9,27,9
31,4849,126.57593,43.84487,1,1,8,31,13
31,949,126.59566,43.84541,14,1,7,21,7
53,487,126.55172,43.78856,14,1,7,26,8
129,2925,126.52085,43.82164,14,1,7,31,13
53,75,126.56789,43.82334,1,1,6,11,8
129,2688,126.51934,43.81004,1,1,9,4,9
129,3458,126.5039,43.8028,1,1,5,29,14
31,4609,126.54959,43.8603,3,1,6,17,12
53,1103,126.57855,43.82973,1,1,6,30,10
53,487,126.51863,43.80067,14,1,9,14,8
129,2688,126.52505,43.81664,1,1,9,9,8
53,75,126.57603,43.82591,1,1,9,27,8
31,949,126.58658,43.85978,1,1,9,4,8
53,75,126.55799,43.82493,10,1,7,6,8
31,4849,126.57548,43.83897,1,1,7,11,7
129,2688,126.53122,43.82801,14,1,7,18,8
165,1656,126.54622,43.91667,1,1,8,27,8
53,4474,126.54514,43.81589,1,1,8,16,8
129,2925,126.51689,43.81878,1,1,7,26,9
53,75,126.56758,43.82598,1,1,7,6,9
53,1087,126.57259,43.83146,1,1,6,19,10
165,3867,126.64498,43.87354,14,1,7,27,8
53,1103,126.59624,43.82819,14,1,8,2,10
31,435,126.5515,43.87086,1,0,5,24,12
31,4849,126.56713,43.84765,7,1,8,13,8
129,2665,126.54906,43.84874,14,1,8,5,9
53,979,126.55059,43.8138,2,1,6,8,13
165,3156,126.54858,43.91544,14,1,7,7,10
129,2688,126.53146,43.82832,14,1,7,31,13
53,75,126.56425,43.8274,14,1,8,26,9
31,1558,126.54173,43.86841,1,1,9,7,10
31,949,126.59504,43.85355,1,1,6,1,8
165,1656,126.56219,43.92121,14,1,6,29,9
129,1520,126.55858,43.85548,1,1,9,23,8
53,4474,126.55176,43.81151,14,1,7,27,8
31,4849,126.57613,43.83978,1,1,8,29,13
53,487,126.5277,43.79998,14,1,7,1,8
53,487,126.57953,43.78361,14,1,8,16,9
129,2925,126.48779,43.8185,14,1,8,6,9
53,1177,126.59033,43.78967,14,1,6,3,7
129,638,126.5589,43.84017,1,1,8,3,9
129,2925,126.51544,43.81605,1,1,9,10,8
129,1520,126.54263,43.84158,1,1,10,1,7
31,949,126.58983,43.86337,1,1,7,30,13
129,638,126.55253,43.84312,7,1,7,2,9
165,3156,126.54504,43.90526,1,0,5,27,10
129,3458,126.5599,43.85502,14,1,5,17,10
165,3156,126.5446,43.90552,1,0,5,17,10
53,487,126.55007,43.79056,1,1,7,17,8
165,1656,126.54767,43.91273,1,1,9,6,9
53,75,126.56716,43.82312,1,1,9,21,9
53,75,126.57091,43.82907,1,1,9,30,12
53,487,126.54703,43.79273,14,1,9,2,8
129,2665,126.55158,43.84626,1,1,8,9,9
53,4474,126.54419,43.81561,1,1,8,27,8
31,949,126.59325,43.83975,1,1,7,18,8
53,1103,126.57116,43.81052,1,1,9,23,12
165,3156,126.55614,43.91387,1,0,7,21,10
53,487,126.59479,43.77874,14,1,9,11,8
31,949,126.59221,43.84092,1,1,7,12,7
129,2688,126.52678,43.82588,1,1,9,12,8
129,2925,126.51657,43.81687,1,1,6,18,9
129,2688,126.50385,43.80285,1,1,8,31,7
53,4474,126.55868,43.80144,1,1,9,28,8
53,1103,126.57265,43.81288,1,1,7,26,14
53,487,126.54976,43.79082,1,1,7,7,9
31,949,126.59032,43.84606,1,1,7,7,7
129,638,126.54659,43.84586,1,1,7,7,9
31,435,126.57604,43.86983,1,1,6,18,17
53,487,126.52933,43.80495,14,1,9,5,9
129,2688,126.521,43.81736,1,1,7,13,8
31,4849,126.57849,43.84238,1,1,6,27,15
129,2925,126.5272,43.83583,14,1,8,1,9
129,2925,126.51286,43.81243,1,1,6,8,10
53,1103,126.60494,43.82808,1,1,8,16,10
53,75,126.56574,43.81513,14,1,9,18,8
53,75,126.56306,43.81944,14,1,9,30,8
53,4474,126.5495,43.8191,1,1,9,12,10
31,435,126.56022,43.87177,1,1,7,17,8
31,435,126.55279,43.87224,1,1,6,28,13
129,2665,126.5657,43.84937,7,1,8,13,8
129,2925,126.51609,43.83232,1,1,8,5,11
53,1103,126.57246,43.83155,1,1,9,29,9
129,2665,126.55351,43.84735,14,1,8,17,8
129,2688,126.51562,43.8067,1,1,8,24,8
53,487,126.53106,43.80404,14,1,8,24,8
53,4474,126.54333,43.81953,1,1,8,1,8
53,1103,126.5956,43.83227,1,1,6,17,10
53,487,126.53656,43.80654,1,1,8,25,8
165,1656,126.56537,43.92126,14,1,9,20,8
53,1103,126.57074,43.80659,1,1,8,20,14
129,2688,126.53071,43.82135,1,1,8,12,14
53,1103,126.57089,43.80644,1,1,6,29,14
53,2615,126.55871,43.80233,1,1,6,13,9
31,4849,126.57443,43.84904,1,1,10,2,8
53,75,126.57105,43.8291,1,1,9,28,8
53,75,126.55229,43.82717,14,1,9,1,9
31,4849,126.5835,43.83747,14,1,8,12,15
31,435,126.56286,43.8619,1,1,9,22,7
31,949,126.59191,43.84582,4,1,9,3,8
129,1520,126.55009,43.84729,1,1,9,18,9
53,75,126.57389,43.82651,1,1,5,29,8
53,2618,126.56696,43.83268,14,1,6,8,12
31,949,126.59325,43.84851,1,1,9,14,7
53,4474,126.55764,43.82295,10,1,8,10,8
53,1103,126.5801,43.82843,1,1,9,15,10
31,435,126.55271,43.87128,1,1,5,28,15
31,435,126.55229,43.8747,1,1,6,3,14
31,4849,126.58346,43.83993,1,1,8,28,8
129,2688,126.51236,43.81834,1,1,8,5,14
165,1656,126.56643,43.93985,14,1,7,29,8
53,487,126.53549,43.80836,1,1,9,27,8
53,1087,126.57436,43.83109,1,1,6,18,10
129,2925,126.51617,43.81811,1,1,7,31,13
53,75,126.56193,43.82634,1,1,8,23,8
31,4849,126.57588,43.84629,1,1,7,1,7
31,435,126.55902,43.8688,1,1,7,4,7
165,3156,126.55698,43.91468,1,0,7,1,8
53,4474,126.55166,43.81642,14,1,8,16,8
31,152,126.56074,43.88357,14,1,6,4,12
165,1656,126.56372,43.92306,14,1,8,3,8
53,75,126.56839,43.8128,1,1,8,20,15
129,1520,126.55255,43.84582,1,1,9,2,7
31,4849,126.57352,43.83894,1,1,7,14,8
31,949,126.59579,43.85357,1,1,8,20,8
129,2925,126.52339,43.83663,1,1,7,9,9
165,1656,126.54948,43.92435,14,1,8,24,9
129,2925,126.5233,43.83678,1,1,7,2,9
31,949,126.59237,43.86246,1,1,5,21,8
129,2925,126.51324,43.83369,1,1,8,11,11
165,3156,126.54878,43.91682,14,1,8,18,9
129,2688,126.52029,43.80854,1,1,9,15,8
31,4849,126.57385,43.84521,14,1,6,1,8
31,4849,126.57718,43.83967,14,1,5,20,8
31,1558,126.54332,43.86242,1,1,10,13,15
129,2688,126.5195,43.8107,1,1,8,13,8
31,4849,126.57648,43.85102,1,1,9,9,8
129,1520,126.56073,43.84579,14,1,9,14,8
53,75,126.57348,43.8191,1,1,6,9,9
129,2925,126.51195,43.83315,1,1,8,15,8
129,2925,126.51982,43.82744,1,1,6,10,9
129,2688,126.51587,43.80976,1,1,8,27,7
53,4474,126.55258,43.81802,14,1,7,27,8
165,3156,126.55393,43.91282,1,1,8,15,9
53,75,126.56733,43.8172,1,1,7,3,8
31,435,126.55125,43.87451,1,1,9,24,8
129,2925,126.51623,43.8195,14,1,7,23,8
31,2208,126.54342,43.86291,1,1,6,7,9
165,1656,126.55998,43.91807,14,1,8,25,9
53,4474,126.54327,43.82014,1,1,9,11,8
129,1520,126.54661,43.85124,14,1,9,2,7
53,487,126.55372,43.79029,0,1,9,17,7
53,75,126.54619,43.82325,1,1,9,9,8
53,4474,126.55042,43.81631,1,1,7,15,9
129,2688,126.52343,43.82632,1,1,9,18,9
31,4849,126.56792,43.84125,14,1,7,15,15
31,4849,126.56974,43.84898,14,1,7,27,8
129,2665,126.56615,43.85718,1,1,8,11,8
31,4849,126.5747,43.83774,0,1,7,22,7
129,87,126.55752,43.84084,1,1,10,17,9
31,4849,126.5687,43.84403,14,1,5,29,14
53,979,126.55109,43.80454,1,1,6,10,8
31,435,126.56228,43.87149,1,1,6,11,8
129,2925,126.52098,43.82405,14,1,9,9,9
53,4474,126.54622,43.81568,1,1,8,8,10
53,1103,126.57255,43.80726,1,1,7,14,16
31,949,126.58831,43.85583,14,1,6,28,8
31,949,126.59177,43.84058,1,1,6,8,13
165,1656,126.55546,43.9115,14,1,9,12,10
53,75,126.57676,43.82473,1,1,5,29,15
31,4849,126.58014,43.84347,1,1,9,9,8
129,87,126.54619,43.83971,12,1,10,14,8
31,4849,126.57789,43.84454,1,1,9,25,8
129,2925,126.51284,43.81381,1,1,6,10,9
53,75,126.55197,43.83028,1,1,9,1,9
129,2688,126.52656,43.81628,1,1,9,23,8
53,487,126.58428,43.78227,1,1,9,11,8
31,435,126.55555,43.86011,1,1,8,13,7
129,1520,126.54124,43.84639,1,1,10,11,8
31,435,126.57708,43.86857,14,1,6,18,17
31,4849,126.56856,43.84395,14,1,8,18,15
31,435,126.56586,43.87059,1,1,9,7,16
31,949,126.58709,43.8406,14,1,9,26,7
129,2688,126.53197,43.82397,1,1,7,27,9
53,1103,126.56996,43.80986,1,1,7,20,13
129,638,126.5477,43.83862,14,1,7,30,10
53,1177,126.60725,43.78439,14,1,6,3,7
53,75,126.5651,43.82112,14,1,6,10,8
129,638,126.55162,43.84011,1,1,6,11,10
53,4474,126.55849,43.80877,1,1,7,31,9
129,87,126.55862,43.8444,1,1,10,12,10
31,4849,126.57,43.85057,7,1,7,9,8
31,435,126.55613,43.87232,1,1,6,12,13
53,4474,126.55854,43.80867,1,1,7,20,8
53,1087,126.57082,43.80651,1,1,6,19,17
165,1656,126.55686,43.90969,1,1,7,29,8
53,75,126.56889,43.81906,1,1,7,7,9
31,949,126.58877,43.84513,14,1,9,2,7
129,2925,126.5194,43.82639,1,1,6,27,9
31,4849,126.57479,43.83778,0,1,5,17,9
129,638,126.54489,43.83745,1,1,7,29,9
129,638,126.54754,43.84116,14,1,7,18,8
129,2665,126.56048,43.84887,14,1,8,30,7
53,4474,126.55763,43.80878,1,1,8,10,8
31,4849,126.58176,43.83658,10,1,9,9,8
165,3156,126.55411,43.90057,14,1,8,1,9
53,4474,126.55448,43.80577,1,1,6,16,9
31,435,126.55475,43.87351,1,1,7,15,7
129,2925,126.52713,43.83588,14,1,9,21,8
129,638,126.56102,43.84071,1,1,8,2,9
31,949,126.59375,43.86272,14,1,6,4,16
31,435,126.5528,43.87225,1,1,7,20,7
31,2208,126.54644,43.8751,1,1,5,30,13
165,1656,126.56317,43.9213,1,1,8,1,8
31,435,126.55969,43.8703,1,1,10,1,9
129,2925,126.5186,43.83268,1,1,9,14,8
53,487,126.55282,43.81325,14,1,6,17,14
53,75,126.57728,43.81872,14,1,6,13,8
129,2688,126.51316,43.81742,1,1,8,24,8
31,4849,126.56671,43.84339,0,1,8,31,13
129,638,126.54581,43.83714,1,1,7,15,8
53,4474,126.5497,43.82017,1,1,9,17,8
31,949,126.58787,43.84886,1,1,9,3,7
129,2925,126.49787,43.81948,14,1,8,1,9
53,1103,126.57201,43.81203,1,1,6,19,18
165,1656,126.54573,43.9104,1,1,8,27,8
31,949,126.58638,43.84584,14,1,5,21,8
31,435,126.5621,43.86661,1,1,9,5,8
53,1103,126.57228,43.8309,14,1,8,17,9
31,949,126.59419,43.86247,14,1,6,27,8
53,75,126.55586,43.83309,1,1,5,28,9
53,487,126.54233,43.79145,14,1,7,9,7
165,3156,126.54468,43.90451,1,1,6,29,9
53,75,126.54754,43.82853,1,1,8,28,8
165,1656,126.57302,43.93179,1,1,8,7,10
53,4474,126.55287,43.82036,7,1,9,12,10
165,1656,126.575,43.93129,1,1,8,20,9
129,2925,126.51736,43.83074,1,1,7,4,9
53,4474,126.54971,43.81542,1,1,9,29,8
53,75,126.55975,43.82519,1,1,8,27,8
53,487,126.58302,43.7818,1,1,6,7,18
129,2688,126.51769,43.80769,1,1,7,11,8
31,4849,126.57724,43.83779,14,1,8,11,8
31,4849,126.57396,43.84649,12,1,9,18,8
31,4849,126.57957,43.84138,1,1,9,29,8
53,4474,126.54201,43.81831,1,1,9,1,9
31,4849,126.57491,43.85043,1,1,7,12,11
53,487,126.54417,43.79231,14,1,8,13,9
129,638,126.54553,43.83899,14,1,7,1,9
129,2688,126.52877,43.82412,1,1,8,28,8
53,4474,126.55262,43.81803,14,1,7,18,16
129,2925,126.52178,43.82201,14,1,9,7,7
129,2665,126.55998,43.85511,14,1,8,11,8
53,4474,126.55674,43.81056,14,1,8,16,8
53,1103,126.57089,43.80929,1,1,9,28,13
53,75,126.55495,43.82379,10,1,6,6,18
129,638,126.54818,43.84039,14,1,6,4,14
53,75,126.54878,43.82963,1,1,8,25,8
31,435,126.55528,43.86009,1,1,9,15,8
31,949,126.59254,43.85374,14,1,6,10,8
31,4849,126.56767,43.84589,7,1,6,9,9
53,487,126.54291,43.79176,14,1,6,8,15
53,1103,126.59514,43.83168,1,1,7,19,8
129,2688,126.53382,43.82693,1,1,8,15,8
31,4849,126.56917,43.83959,13,1,8,16,7
53,487,126.53402,43.80298,14,1,6,11,13
31,949,126.5939,43.84013,1,1,9,29,8
165,3156,126.54591,43.90724,14,0,6,19,10
53,1177,126.61397,43.79945,14,1,6,18,9
129,323,126.51621,43.81799,1,1,9,27,9
129,2688,126.53001,43.82634,1,1,6,18,14
129,2925,126.51768,43.8307,1,1,8,1,9
165,3156,126.54652,43.9087,1,0,5,27,10
165,290,126.55155,43.9062,1,1,9,24,8
53,75,126.57052,43.82419,1,1,8,12,9
129,3458,126.54669,43.85123,14,1,6,27,10
31,435,126.54889,43.87209,1,1,9,24,8
53,75,126.57726,43.81888,14,1,9,24,8
31,1558,126.54152,43.86875,1,1,9,10,9
53,1103,126.57149,43.81264,1,1,8,7,13
53,487,126.54705,43.79263,14,1,6,29,10
129,2925,126.5192,43.82739,1,1,8,21,8
129,2688,126.53299,43.82533,1,1,7,5,8
31,949,126.59197,43.84685,1,1,6,29,14
165,1656,126.55681,43.91501,1,1,9,8,13
129,2688,126.52104,43.81599,1,1,6,4,16
53,75,126.57679,43.82511,1,1,5,30,13
129,2925,126.5187,43.82044,1,1,7,6,8
129,2688,126.51985,43.8247,1,1,8,27,8
129,2688,126.52489,43.82227,14,1,9,10,8
53,75,126.56113,43.82728,14,1,8,26,9
129,638,126.55571,43.84021,1,1,7,12,8
129,1520,126.55162,43.84627,1,1,9,9,9
31,435,126.56194,43.86973,1,1,9,4,8
31,4849,126.58346,43.84143,1,1,7,30,8
31,4849,126.56759,43.84981,7,1,7,25,7
129,2688,126.53222,43.82531,1,1,8,2,9
165,1656,126.56215,43.92808,14,1,7,6,9
53,1103,126.59298,43.83138,1,1,6,8,12
31,4849,126.5718,43.85135,14,1,8,29,13
31,949,126.59539,43.84209,1,1,8,19,8
53,1103,126.5713,43.80971,1,1,6,19,17
31,4849,126.56986,43.83898,1,1,9,9,8
165,3156,126.55584,43.91212,14,0,7,20,8
53,75,126.55796,43.82498,10,1,8,15,8
129,2688,126.51659,43.8183,1,1,8,8,15
129,2925,126.51695,43.82545,1,1,7,6,8
31,1558,126.54175,43.86366,1,1,9,3,10
31,4849,126.56864,43.84447,10,1,8,23,9
165,1656,126.55647,43.91239,14,0,6,18,9
53,75,126.55481,43.82597,1,1,7,21,8
31,435,126.56215,43.86626,1,1,7,16,7
31,949,126.59222,43.85311,14,1,7,22,7
53,75,126.55613,43.82434,10,1,8,10,13
31,4849,126.58009,43.84355,1,1,6,16,7
31,4609,126.56243,43.8618,1,1,6,17,12
53,75,126.55495,43.82581,1,1,8,24,8
53,487,126.57876,43.78241,14,1,7,12,8
129,2688,126.54448,43.83903,14,1,5,29,19
53,487,126.53067,43.80451,14,1,9,26,8
53,75,126.5646,43.81519,1,1,9,2,8
129,2688,126.52028,43.81105,1,1,6,27,15
129,1520,126.56607,43.85702,1,1,9,5,7
53,75,126.54698,43.82468,0,1,9,26,8
165,1656,126.55372,43.93117,1,1,8,31,8
129,2688,126.52997,43.82797,14,1,7,28,8
129,2688,126.52089,43.82084,1,1,6,14,9
31,4849,126.57396,43.83918,1,1,10,1,7
31,435,126.54905,43.87245,1,1,6,9,15
53,75,126.56006,43.82522,1,1,8,21,9
53,75,126.56641,43.83051,1,1,6,14,8
31,949,126.58798,43.86292,1,1,8,4,8
31,4849,126.57439,43.83954,1,1,8,8,8
53,1103,126.57085,43.80935,1,1,8,31,13
53,4474,126.55564,43.81983,14,1,9,25,8
31,435,126.55195,43.85709,14,1,9,18,8
129,2688,126.52701,43.81414,1,1,9,30,9
31,4849,126.57523,43.84236,1,1,7,12,11
31,949,126.59224,43.8401,1,1,5,25,14
165,3156,126.54355,43.91433,1,1,8,11,9
53,4474,126.54339,43.81577,1,1,10,1,8
53,75,126.5658,43.82961,7,1,7,31,8
53,75,126.56222,43.82603,1,1,8,4,8
165,1656,126.55915,43.91827,14,1,8,7,10
53,487,126.52974,43.80523,14,1,8,19,9
53,487,126.58775,43.78063,1,1,9,8,9
165,1656,126.54439,43.90477,1,1,9,10,9
53,1087,126.57003,43.80714,1,1,6,17,14
165,3156,126.54945,43.91006,14,0,5,17,10
165,3156,126.54643,43.9077,1,1,5,17,10
31,4849,126.57583,43.83912,1,1,8,14,8
53,1103,126.56099,43.80776,14,1,7,16,13
129,638,126.54874,43.84593,1,1,7,20,8
53,75,126.56978,43.81879,1,1,9,5,9
165,3156,126.55232,43.91075,1,1,6,18,19
165,1656,126.54407,43.91489,1,1,9,1,8
53,75,126.56656,43.83016,1,1,8,13,9
53,75,126.56661,43.81818,14,1,7,10,8
31,435,126.56344,43.86659,1,1,7,25,14
31,435,126.5644,43.86103,1,1,10,1,7
165,1656,126.57157,43.91848,1,1,8,26,8
129,2665,126.53648,43.84779,1,1,8,5,9
129,2925,126.51559,43.81353,1,1,8,13,8
53,4474,126.55643,43.80066,1,1,6,16,9
129,1520,126.54378,43.84272,1,1,9,23,8
53,1756,126.58848,43.82337,14,1,6,19,14
53,979,126.55512,43.80739,1,1,5,29,14
129,638,126.55765,43.84432,14,1,7,13,9
129,2925,126.52014,43.82756,1,1,6,15,9
53,979,126.55545,43.80668,1,1,5,29,8
31,4849,126.57984,43.84092,1,1,8,13,8
31,949,126.59165,43.84584,1,1,8,11,8
31,4849,126.58388,43.84656,0,1,8,8,8
31,4849,126.58158,43.8452,1,1,8,31,13
129,1520,126.5547,43.8518,1,1,9,3,7
53,75,126.56585,43.83056,7,1,7,9,7
129,2665,126.54909,43.84887,14,1,8,23,9
31,435,126.56241,43.86167,1,1,8,21,7
165,1656,126.5578,43.91247,14,1,9,10,9
129,2688,126.51465,43.81939,14,1,6,15,9
53,75,126.56409,43.82444,12,1,9,5,9
165,3156,126.55006,43.91033,14,1,8,12,9
165,1656,126.55687,43.91546,1,1,9,11,9
31,2208,126.54355,43.86619,1,1,5,24,11
31,949,126.58844,43.85705,1,1,9,11,8
31,949,126.58827,43.85971,1,1,9,25,7
129,2925,126.52334,43.83672,1,1,7,18,9
31,4849,126.58143,43.8423,1,1,9,28,8
129,2925,126.49302,43.81747,1,1,8,13,9
31,4849,126.57394,43.85706,0,1,9,21,9
165,3156,126.54968,43.9069,1,1,5,20,10
165,1656,126.57491,43.91707,1,1,8,11,8
165,1656,126.56688,43.93864,14,1,7,22,9
129,2688,126.53484,43.8277,1,1,6,18,14
165,1656,126.54353,43.91429,1,1,8,31,8
53,487,126.59383,43.77901,14,1,8,18,8
53,1103,126.57184,43.83109,14,1,7,28,9
129,2665,126.55271,43.84666,1,1,8,10,13
53,75,126.55949,43.83322,1,1,8,8,9
53,75,126.56561,43.82515,14,1,7,21,8
165,1656,126.57223,43.91176,14,1,5,29,8
165,3156,126.55775,43.91247,14,1,8,19,9
165,1656,126.5725,43.91818,1,1,7,25,9
129,2925,126.52324,43.83669,1,1,6,13,10
53,487,126.54223,43.79246,14,1,7,16,8
53,1756,126.59013,43.82217,1,1,6,4,11
129,1520,126.55446,43.84593,14,1,9,17,7
31,435,126.55282,43.8722,1,1,6,17,12
31,435,126.54994,43.8691,1,1,9,13,8
31,4849,126.58267,43.83667,14,1,5,20,8
53,4474,126.55879,43.80235,1,1,6,30,8
129,161,126.54147,43.84741,1,1,6,13,11
53,4474,126.54555,43.81178,1,1,8,24,8
53,4474,126.54349,43.81792,1,1,8,31,8
129,2688,126.51698,43.81188,1,1,8,28,7
53,1103,126.57041,43.83209,1,1,7,13,10
129,2688,126.51769,43.81235,1,1,6,14,9
31,435,126.56283,43.86171,1,1,7,17,7
129,2688,126.52868,43.81959,14,1,7,8,8
53,4474,126.55702,43.80825,1,1,7,25,8
129,1520,126.5474,43.84611,1,1,10,3,8
31,4849,126.5931,43.8429,14,1,8,3,13
129,1520,126.54345,43.85064,1,1,9,15,8
53,4474,126.54254,43.81722,1,1,8,22,8
129,2925,126.51765,43.81976,1,1,8,16,8
31,949,126.59105,43.84154,1,1,9,17,8
53,75,126.55755,43.83295,1,1,9,18,8
53,1103,126.57107,43.80447,1,1,8,18,13
129,2688,126.53276,43.82256,1,1,7,7,14
129,2688,126.52141,43.82056,1,1,7,26,8
31,4849,126.57338,43.85006,14,1,7,21,7
31,435,126.55307,43.87417,1,1,9,12,7
129,161,126.56216,43.85022,1,1,6,18,20
53,75,126.56784,43.82337,1,1,8,10,8
53,1103,126.57221,43.81122,1,1,9,30,13
53,75,126.56594,43.83051,7,1,7,19,8
129,2688,126.53056,43.82041,1,1,9,3,7
165,3156,126.5545,43.91201,1,1,7,24,9
31,949,126.58731,43.84069,14,1,5,30,14
53,2615,126.55881,43.80223,1,1,6,13,9
165,3156,126.54791,43.90916,1,1,6,18,9
31,435,126.56417,43.86161,1,1,7,3,7
31,435,126.55476,43.8602,14,1,9,11,8
53,4474,126.55561,43.80407,1,1,9,25,8
129,2925,126.52144,43.82239,14,1,8,22,9
165,3156,126.54656,43.90968,1,0,6,26,9
53,1103,126.58112,43.82862,1,1,8,24,10
129,2925,126.51486,43.83334,1,1,8,9,9
129,2688,126.51729,43.80801,1,1,8,6,8
31,1558,126.53917,43.8702,1,1,9,7,10
53,3939,126.56127,43.82731,14,1,5,29,8
129,1520,126.56532,43.85494,14,1,10,14,8
31,435,126.55874,43.87158,1,1,6,25,13
129,2925,126.516,43.81439,1,1,8,25,7
165,1656,126.56496,43.92665,14,1,8,15,9
53,487,126.53476,43.80897,1,1,8,12,9
31,949,126.59323,43.85464,14,1,6,13,8
129,2925,126.5192,43.82778,1,1,9,8,7
31,949,126.59363,43.83975,1,1,6,14,8
165,1656,126.54841,43.91403,1,0,6,17,14
31,4849,126.56987,43.85017,14,1,6,8,15
53,1103,126.57276,43.81053,1,1,8,9,12
31,4849,126.58307,43.84527,14,1,7,31,12
129,2925,126.521,43.82405,14,1,6,17,11
129,2925,126.5176,43.82879,14,1,9,12,7
53,4474,126.55868,43.79948,1,1,9,9,8
53,1103,126.56984,43.8322,1,1,7,14,14
165,1656,126.55946,43.9238,14,1,9,4,8
31,2208,126.53791,43.87125,1,1,6,8,11
31,4849,126.56888,43.85265,14,1,8,19,8
129,2688,126.52559,43.8151,1,1,6,12,9
53,1103,126.59302,43.8313,1,1,7,20,9
53,1177,126.58894,43.79086,14,1,6,8,7
31,3073,126.54768,43.86898,1,1,5,30,14
129,2688,126.51585,43.8082,1,1,7,6,8
53,218,126.60363,43.83466,4,1,10,15,9
165,2709,126.56853,43.90344,1,0,9,17,8
53,75,126.57296,43.82404,1,1,8,6,8
129,2688,126.52008,43.82546,1,1,7,19,8
31,4849,126.57363,43.84461,7,1,6,5,16
53,75,126.56615,43.81725,1,1,6,9,9
129,2925,126.51665,43.83091,1,1,9,15,8
129,2688,126.53437,43.82876,1,1,6,12,9
31,949,126.59032,43.85263,1,1,5,20,14
31,949,126.59095,43.8635,1,1,9,13,7
31,4849,126.57984,43.83923,14,1,8,12,8
53,1087,126.57681,43.82719,1,1,6,18,10
31,435,126.5541,43.87342,1,0,9,26,8
53,4474,126.55377,43.81919,14,1,9,27,8
31,1558,126.57149,43.85195,14,1,10,21,8
31,3073,126.54983,43.87037,1,1,6,6,9
165,1656,126.57042,43.92941,1,1,8,11,8
165,1656,126.53101,44.1766,14,1,5,14,11
31,949,126.5937,43.84846,1,1,8,23,7
53,1103,126.57072,43.80641,1,1,8,21,13
129,1520,126.55213,43.85076,14,1,9,2,11
129,1520,126.54802,43.8465,1,1,9,25,8
53,487,126.57951,43.78365,14,1,9,22,9
129,2688,126.5214,43.81005,1,1,9,28,9
31,435,126.55274,43.87218,1,1,6,18,13
165,1656,126.57275,43.92273,1,1,8,30,8
53,1103,126.57842,43.82919,1,1,6,14,10
129,1520,126.5607,43.85306,1,1,9,1,7
53,75,126.55598,43.83213,1,1,9,2,13
129,2688,126.52497,43.81393,1,1,7,14,8
31,949,126.58894,43.8625,1,1,9,6,8
53,75,126.56582,43.82959,7,1,6,18,9
31,949,126.59388,43.84008,1,1,9,11,8
129,1520,126.5495,43.85261,14,1,10,1,7
31,949,126.5892,43.84125,1,1,8,20,8
53,4474,126.54873,43.8175,1,1,9,4,8
129,2688,126.52526,43.82395,1,1,8,16,8
31,949,126.59253,43.83956,1,1,5,31,17
53,4474,126.56053,43.81702,14,1,7,2,12
53,487,126.55407,43.79007,0,1,6,13,9
129,2925,126.51665,43.83277,1,1,6,15,9
31,949,126.59072,43.84655,1,1,9,5,8
129,638,126.54624,43.83776,1,1,8,1,9
165,3156,126.54639,43.91268,1,0,5,20,10
129,1520,126.54133,43.84595,1,1,9,28,9
129,2688,126.5282,43.81817,14,1,6,17,14
129,638,126.5517,43.8402,1,1,7,7,9
31,4849,126.58156,43.83805,14,1,8,17,7
129,2925,126.52062,43.82622,1,1,9,10,9
53,4474,126.55118,43.80453,1,1,9,14,9
129,2688,126.52936,43.82136,1,1,8,28,8
31,4849,126.57267,43.84188,1,1,8,13,8
129,2688,126.52131,43.81304,1,1,7,25,8
165,1656,126.5703,43.92901,1,1,10,12,9
31,435,126.55301,43.87298,1,1,5,18,8
129,2925,126.51548,43.83018,14,1,6,18,14
53,4474,126.54293,43.81384,1,1,8,23,8
53,1103,126.57247,43.81003,1,1,8,14,13
53,1103,126.57653,43.82972,1,1,7,14,9
31,4849,126.57957,43.83728,14,1,6,10,9
53,75,126.5549,43.82487,1,1,7,9,7
129,2688,126.52793,43.82263,14,1,9,3,7
129,2688,126.52738,43.82388,1,1,7,23,8
53,1103,126.60336,43.82887,1,1,9,18,9
165,1656,126.56037,44.00281,14,0,5,24,9
31,4849,126.58043,43.84464,1,1,9,29,8
129,1520,126.55484,43.85113,1,1,9,10,8
31,1558,126.57547,43.85143,1,1,10,5,8
129,2925,126.52329,43.83677,1,1,6,9,9
129,2688,126.52591,43.82452,1,1,6,17,14
129,1520,126.55611,43.85141,1,1,9,30,9
129,2925,126.52346,43.83651,1,1,9,7,7
129,1520,126.54596,43.84635,1,1,9,28,9
53,75,126.57895,43.82001,14,1,8,13,9
31,4849,126.57492,43.8422,14,1,10,2,8
129,638,126.54566,43.84274,0,1,7,4,10
31,4849,126.57513,43.84625,14,1,8,16,7
129,2688,126.51959,43.81598,1,1,9,28,9
31,949,126.59072,43.85148,1,1,9,14,7
53,75,126.56579,43.8296,7,1,9,18,8
53,1103,126.56768,43.80676,1,1,7,12,12
129,638,126.54664,43.83699,1,1,7,27,10
129,2925,126.51888,43.82134,1,1,6,9,9
129,2688,126.52859,43.82542,1,1,7,17,14
53,1103,126.5695,43.80765,1,1,6,30,18
53,75,126.57583,43.82497,1,1,7,3,8
165,1656,126.5533,43.91115,1,1,5,17,10
31,4849,126.5747,43.85196,1,1,9,6,8
165,1656,126.56074,43.92115,14,1,6,3,11
129,638,126.56529,43.84471,7,1,7,5,9
53,4474,126.55446,43.80394,1,1,9,23,9
53,75,126.55689,43.82427,10,1,9,1,9
129,2925,126.52256,43.83803,1,1,9,5,8
31,435,126.55051,43.86117,1,1,9,19,7
31,152,126.56988,43.8871,14,1,6,5,13
165,1656,126.55784,43.91243,14,1,8,22,8
53,1103,126.57291,43.80964,1,1,7,31,13
129,2688,126.53318,43.82549,1,1,9,11,8
53,4474,126.55437,43.8058,1,1,7,6,8
53,75,126.54551,43.8226,14,1,8,20,8
129,2688,126.51366,43.81823,1,1,8,12,8
53,75,126.57143,43.82858,1,1,7,3,8
31,4849,126.58453,43.84169,1,1,9,1,9
31,435,126.55568,43.86241,14,1,8,7,8
31,4849,126.58254,43.84544,14,1,8,28,8
31,949,126.59428,43.85127,1,1,7,28,7
165,3156,126.55226,43.90976,1,1,6,29,9
53,1177,126.57436,43.81164,14,1,6,6,9
53,487,126.55522,43.78983,0,1,7,11,8
53,3559,126.57167,43.79394,1,1,5,29,9
53,75,126.5664,43.81444,1,1,10,1,8
53,1756,126.58841,43.82335,14,1,6,19,14
31,4849,126.5683,43.84227,1,1,7,27,8
165,3156,126.55461,43.91457,14,0,5,29,10
31,949,126.58944,43.86157,1,1,7,17,8
129,2925,126.51827,43.82359,14,1,8,20,9
31,4849,126.58267,43.84271,1,1,9,4,8
53,4474,126.54504,43.81146,1,1,9,3,8
129,2688,126.51802,43.81628,1,1,8,8,9
31,949,126.59172,43.84066,1,1,7,18,8
129,2925,126.52321,43.83662,1,1,5,29,9
129,87,126.55418,43.83919,1,1,10,5,8
31,4849,126.5798,43.84554,14,1,8,3,7
53,75,126.57544,43.82594,1,1,7,21,8
53,1103,126.56955,43.83094,14,1,9,17,10
165,3156,126.54854,43.90066,1,0,6,27,9
53,1103,126.57293,43.81111,1,1,9,21,14
129,638,126.55635,43.84176,1,1,7,3,9
53,75,126.54376,43.81912,14,1,8,18,8
53,75,126.5759,43.825,1,1,8,27,8
53,4474,126.54891,43.81711,1,1,8,10,8
53,75,126.56373,43.81396,14,1,8,22,16
53,1103,126.57206,43.83151,1,1,9,26,9
31,435,126.54905,43.86915,1,1,9,4,13
31,949,126.59244,43.83943,1,1,9,27,8
53,75,126.57428,43.82262,1,1,8,6,8
129,2688,126.51138,43.80844,1,1,7,18,8
53,1103,126.59648,43.83259,1,1,9,17,10
53,75,126.5667,43.81221,14,1,7,30,16
129,2688,126.52227,43.8266,1,1,7,25,8
129,2925,126.52289,43.83467,14,1,7,27,9
31,435,126.56237,43.87037,1,1,6,28,13
129,2925,126.51211,43.83375,1,1,6,3,11
31,435,126.56529,43.86227,1,1,9,9,8
129,161,126.54911,43.84884,14,1,6,13,11
31,3073,126.55303,43.86834,1,1,6,18,13
31,435,126.55416,43.8724,1,1,8,9,7
53,1103,126.56872,43.80703,1,1,6,1,15
53,487,126.52106,43.79846,1,1,6,30,12
129,638,126.55103,43.83994,1,1,6,28,10
53,4474,126.55871,43.8165,1,1,10,1,8
129,2688,126.53071,43.82129,1,1,7,16,8
31,435,126.55906,43.86524,7,1,8,4,8
129,2688,126.5033,43.80146,1,1,8,14,15
53,75,126.55395,43.8256,1,1,8,28,8
129,2665,126.56291,43.84556,14,1,8,31,7
53,75,126.55422,43.82507,1,1,7,27,8
53,4474,126.55199,43.8041,1,1,6,24,8
53,1103,126.57847,43.82984,1,1,7,26,10
129,2925,126.52076,43.827,1,1,7,29,9
129,2688,126.52594,43.81157,4,1,9,1,7
53,75,126.5622,43.82165,10,1,6,11,8
31,949,126.58695,43.84319,1,1,5,27,8
31,435,126.5485,43.87279,1,1,8,8,8
53,75,126.54857,43.82209,0,1,8,26,8
31,949,126.59103,43.84188,1,1,5,20,14
31,435,126.55142,43.87074,1,1,5,26,13
53,487,126.58337,43.78254,1,1,7,21,8
129,638,126.54568,43.83684,1,1,6,28,10
129,2665,126.56391,43.85751,7,1,8,20,8
53,1103,126.58976,43.83048,1,1,9,3,10
53,487,126.52639,43.79953,14,1,9,1,8
129,2925,126.51689,43.8314,1,1,9,8,7
53,1103,126.57076,43.80879,1,1,7,25,13
53,487,126.55002,43.79131,1,1,7,25,8
129,2665,126.55234,43.85267,14,1,8,30,7
165,2709,126.58401,43.89649,12,0,6,5,9
31,435,126.56222,43.87339,14,1,7,1,7
31,435,126.55289,43.87219,1,1,8,27,9
129,2688,126.5049,43.80257,1,1,6,30,15
129,2688,126.52136,43.81315,1,1,7,30,10
31,4849,126.57224,43.85214,14,1,7,24,7
165,3156,126.55563,43.91592,14,0,5,27,10
53,75,126.55383,43.82553,1,1,8,25,8
53,4474,126.54479,43.81417,1,1,8,24,8
129,1520,126.56373,43.85646,14,1,10,2,8
53,75,126.55132,43.82958,1,1,8,23,8
53,75,126.57418,43.82663,1,1,9,25,8
53,1103,126.57274,43.80864,1,1,6,19,18
165,1656,126.56615,43.92742,14,1,8,20,9
165,2709,126.56504,43.89861,14,0,5,27,8
53,1103,126.57689,43.82712,1,1,8,2,10
53,75,126.55092,43.83035,1,1,7,10,8
53,1103,126.56532,43.83194,0,1,9,22,9
165,1656,126.57099,43.89977,14,1,10,17,9
53,75,126.5739,43.82672,1,1,7,27,9
129,2688,126.51199,43.81762,1,1,9,9,16
129,2665,126.56427,43.8493,7,1,8,17,8
53,4474,126.55279,43.81278,14,1,9,22,9
31,4849,126.57353,43.83986,1,1,7,30,8
53,1103,126.58092,43.82837,1,1,9,18,9
31,435,126.56657,43.87121,1,1,6,6,19
31,435,126.55551,43.8624,14,0,9,26,8
129,3408,126.53208,43.86672,1,1,5,18,15
31,435,126.56313,43.86919,1,1,6,30,9
129,2688,126.505,43.80383,1,1,6,29,9
129,2925,126.54003,43.84571,1,1,7,1,8
31,949,126.59013,43.84854,1,1,9,30,8
129,2665,126.54024,43.84936,1,1,8,23,9
129,638,126.55878,43.84431,1,1,7,7,9
53,75,126.56841,43.82331,1,1,5,30,9
165,1656,126.55071,43.91247,1,1,8,21,14
129,2688,126.51693,43.81178,1,1,9,19,8
31,435,126.55557,43.86237,14,1,9,7,8
53,75,126.57401,43.82186,1,1,9,17,12
53,487,126.55334,43.78775,14,1,9,1,9
53,1103,126.57085,43.80653,1,1,6,27,16
31,4849,126.57901,43.83735,1,1,7,30,8
53,4474,126.55566,43.8041,1,1,9,10,7
53,1103,126.56607,43.83208,14,1,9,6,10
129,1520,126.5402,43.84841,1,1,9,7,7
129,2688,126.51509,43.8088,1,1,9,20,9
53,1103,126.57442,43.83093,1,1,8,22,10
31,949,126.59402,43.84801,1,1,7,26,7
53,487,126.52113,43.79843,1,1,6,9,9
31,949,126.58877,43.84357,1,1,9,17,8
53,1103,126.57048,43.81098,1,1,9,25,13
31,4849,126.57907,43.84229,1,1,6,13,9
31,949,126.59242,43.84458,1,1,8,3,7
129,1520,126.55272,43.84632,1,1,10,12,10
31,949,126.59033,43.83986,1,1,7,23,9
129,161,126.54596,43.84932,14,1,6,17,18
129,2688,126.51684,43.81186,1,1,8,27,7
129,2665,126.54976,43.84808,1,1,8,27,7
53,75,126.5667,43.81414,14,1,8,30,8
53,4474,126.55892,43.80252,1,1,7,7,9
53,75,126.5738,43.82022,1,1,7,7,9
31,949,126.59091,43.86038,1,1,6,3,12
31,949,126.5874,43.84062,14,1,6,15,7
165,3156,126.55808,43.91674,14,1,8,3,9
53,1103,126.60063,43.83294,14,1,8,27,9
53,75,126.56958,43.82007,1,1,8,25,9
31,4849,126.58331,43.84037,1,1,6,12,9
31,949,126.59037,43.85303,1,1,7,10,7
53,1103,126.5701,43.80441,1,1,7,9,12
53,487,126.55124,43.78679,14,1,8,8,10
53,1103,126.57012,43.81156,1,1,7,2,11
53,75,126.55723,43.82473,10,1,5,17,8
53,1103,126.60119,43.83407,1,1,6,9,9
129,2925,126.51648,43.83097,1,1,7,26,9
129,2925,126.52334,43.83677,1,1,7,8,8
53,487,126.52889,43.80516,14,1,8,8,9
31,4322,126.54613,43.87721,1,1,5,28,8
129,1520,126.55124,43.8489,1,1,9,11,8
129,323,126.52098,43.82088,1,1,9,29,9
129,2665,126.54677,43.8472,4,1,8,4,8
165,1656,126.54896,43.9009,1,1,5,31,15
165,1656,126.5544,43.90811,1,1,5,27,10
53,75,126.55786,43.82481,10,1,8,10,13
31,435,126.55985,43.86873,1,1,8,29,9
53,4474,126.54732,43.81985,14,1,7,26,9
165,290,126.55229,43.90865,14,1,9,30,8
129,2925,126.5163,43.82514,1,1,7,30,9
129,2688,126.51187,43.8081,1,1,9,6,14
31,435,126.55258,43.87293,1,1,9,14,7
31,949,126.59429,43.84155,14,1,8,19,8
129,1520,126.55448,43.85042,1,1,10,4,8
129,161,126.55389,43.85259,14,1,6,13,11
129,2925,126.51139,43.83292,1,1,8,29,9
129,1520,126.55349,43.84764,14,1,9,18,9
165,3156,126.54724,43.91432,1,1,6,18,9
53,1103,126.5692,43.8094,1,1,5,31,20
165,3156,126.55258,43.90103,0,1,8,2,9
31,435,126.53535,43.85113,14,1,6,11,8
31,4849,126.57457,43.83886,1,1,8,13,8
53,75,126.56404,43.82484,12,1,9,21,9
129,3458,126.56003,43.85346,1,1,5,17,10
53,487,126.54549,43.79263,14,1,7,27,8
53,1103,126.59916,43.83411,1,1,7,31,9
53,75,126.56526,43.8303,7,1,6,14,8
53,75,126.55318,43.83052,1,1,7,29,8
129,2665,126.54145,43.84821,1,1,8,14,9
129,2925,126.51317,43.81282,1,1,8,9,9
129,2688,126.52619,43.8201,1,1,7,6,8
165,3156,126.55678,43.91516,1,1,7,26,9
165,2709,126.56222,43.89979,1,1,7,31,9
165,1656,126.52692,43.93357,14,1,7,18,8
53,4474,126.55191,43.80375,1,1,7,24,8
31,4849,126.56722,43.84683,7,1,7,20,7
53,4474,126.54589,43.81094,1,1,9,20,8
53,75,126.56369,43.81949,14,1,7,29,8
129,2688,126.52887,43.82313,1,1,6,13,14
31,949,126.58765,43.83953,14,1,9,14,7
53,4474,126.54592,43.8102,1,1,8,2,8
129,2688,126.51261,43.81883,14,1,6,27,15
31,435,126.55553,43.86018,1,1,8,29,8
53,4474,126.55845,43.8087,1,1,8,4,8
129,2688,126.53173,43.82151,1,1,8,10,12
53,4474,126.5533,43.82005,7,1,9,26,8
165,1656,126.57133,43.91961,14,1,7,16,9
165,3156,126.54629,43.90684,14,1,8,3,9
129,2688,126.52745,43.82456,1,1,9,3,7
129,2925,126.51955,43.81918,1,1,9,25,8
31,4849,126.5743,43.84401,7,1,8,1,7
53,75,126.57072,43.82995,1,1,9,2,13
129,2688,126.52008,43.81255,1,1,7,27,9
53,75,126.56756,43.82858,1,1,9,24,8
129,161,126.56152,43.84581,14,1,6,14,10
53,4474,126.5563,43.81237,1,1,8,18,8
129,1520,126.54395,43.85073,1,1,10,6,8
129,2665,126.55676,43.84582,14,1,8,3,8
53,1103,126.57262,43.81289,1,1,9,23,12
165,290,126.54422,43.91412,1,1,9,14,10
31,949,126.59571,43.84178,1,1,8,14,8
129,2925,126.51592,43.81407,1,1,9,25,8
53,75,126.55115,43.83078,1,1,7,17,8
129,2925,126.51911,43.82732,1,1,6,29,8
53,1103,126.56102,43.80833,0,1,5,17,14
53,75,126.55359,43.82291,1,1,8,31,9
129,2925,126.51862,43.83267,1,1,6,30,9
129,2925,126.51804,43.83116,1,1,8,14,9
31,4849,126.57125,43.84346,1,1,6,10,9
53,4474,126.54452,43.81481,1,1,7,18,8
129,2665,126.55734,43.84969,1,1,8,26,7
129,638,126.54351,43.84013,3,1,7,9,9
129,638,126.54717,43.841,14,1,8,4,9
129,2688,126.52168,43.82589,1,1,9,12,15
31,949,126.59292,43.84171,14,1,6,11,9
165,2709,126.57008,43.89746,14,1,9,24,8
53,4474,126.5457,43.81077,1,1,8,30,8
31,949,126.58689,43.84023,14,1,9,11,8
31,4849,126.56977,43.85211,14,1,7,26,7
31,949,126.59325,43.85467,14,1,9,19,7
31,435,126.55287,43.87229,1,1,9,22,7
53,75,126.56654,43.81982,14,1,8,7,9
31,949,126.59199,43.84671,1,1,7,5,8
129,2688,126.51853,43.81162,1,1,6,17,14
129,2925,126.51519,43.82506,1,1,8,1,9
31,949,126.58783,43.83811,14,1,6,5,14
129,2688,126.52658,43.81532,1,1,9,21,7
53,75,126.56893,43.81414,1,1,8,4,16
129,1520,126.56422,43.85708,14,1,9,28,9
31,435,126.56484,43.86953,1,1,9,3,14
129,2925,126.49322,43.81329,1,1,8,7,9
129,2665,126.53715,43.84576,1,1,8,23,9
129,2688,126.53296,43.82537,1,1,9,22,8
31,4849,126.56661,43.84395,14,1,6,10,9
165,1656,126.55589,43.91395,1,1,9,22,9
129,2688,126.52636,43.82392,1,1,7,6,8
53,1103,126.57135,43.81303,1,1,6,25,16
129,2688,126.52289,43.82392,1,1,7,18,8
129,2945,126.5143,43.81552,14,1,10,1,8
31,4849,126.57276,43.83926,1,1,8,20,8
53,75,126.56605,43.81287,14,1,5,30,14
53,487,126.52374,43.80068,1,1,8,10,14
53,1103,126.58978,43.83043,1,1,8,10,13
53,4474,126.55753,43.80072,1,1,8,17,8
129,2688,126.51641,43.80906,1,1,8,5,8
31,4849,126.58327,43.83898,14,1,5,16,9
31,949,126.59669,43.84748,14,1,9,8,8
129,2665,126.56524,43.85425,14,1,8,16,8
53,75,126.55057,43.82186,1,1,6,8,12
129,638,126.54622,43.83747,1,1,6,7,10
165,1656,126.55638,43.91444,1,1,10,7,8
53,4474,126.54539,43.81943,14,1,9,26,8
53,75,126.55556,43.83304,1,1,9,19,8
53,75,126.57049,43.82659,1,1,9,1,9
129,2688,126.52255,43.82042,14,1,8,16,8
165,1656,126.55849,44.00281,14,1,7,26,9
31,4849,126.56707,43.83926,12,1,8,12,8
53,1103,126.57224,43.83088,14,1,6,27,9
53,4474,126.54342,43.82128,1,1,9,3,8
31,435,126.55324,43.87381,1,0,5,21,14
53,4474,126.54635,43.81603,1,1,7,6,8
31,949,126.58739,43.84669,1,1,6,11,15
165,3156,126.54841,43.90067,1,0,6,1,10
53,75,126.57594,43.82381,1,1,9,1,9
165,1656,126.5729,43.91836,1,1,9,15,9
129,3458,126.50983,43.81156,1,1,5,29,14
129,2925,126.51004,43.823,1,1,8,3,9
129,2688,126.51436,43.81976,14,1,6,4,17
53,75,126.57844,43.82166,1,1,7,12,8
31,4849,126.57439,43.84262,14,1,9,10,8
53,75,126.56718,43.82308,1,1,6,1,8
129,2665,126.56085,43.85283,1,1,8,3,8
31,4849,126.57965,43.84124,1,1,5,31,9
31,4849,126.567,43.84746,7,1,8,2,8
53,487,126.53541,43.8083,1,1,6,3,13
53,1103,126.56977,43.80951,1,1,7,4,14
53,1103,126.60638,43.82792,1,1,7,23,9
31,1558,126.56769,43.87776,1,1,9,10,8
165,1656,126.54825,43.90707,1,1,9,29,9
129,2688,126.53274,43.82433,1,1,7,23,8
129,3458,126.50892,43.8116,1,1,6,6,10
53,487,126.52978,43.80535,14,1,7,21,8
31,949,126.58794,43.84737,1,1,5,17,8
31,949,126.5848,43.84701,3,1,9,27,8
129,2688,126.52733,43.81566,1,1,6,13,14
129,2688,126.52706,43.8219,1,1,6,9,14
53,1103,126.56699,43.83235,14,1,8,3,9
31,949,126.59337,43.85478,14,1,5,24,8
53,4474,126.55648,43.8006,1,1,6,18,12
129,2688,126.52896,43.82245,14,1,7,7,14
129,2925,126.51403,43.81355,1,1,6,8,10
129,2665,126.55235,43.84793,1,1,8,31,7
129,2688,126.52352,43.8154,1,1,6,14,15
31,4849,126.58151,43.83803,14,1,6,1,8
165,3156,126.5509,43.91072,14,1,8,2,9
165,3156,126.54655,43.90959,1,1,8,3,9
53,75,126.56501,43.81891,14,1,9,20,8
31,949,126.58601,43.85883,14,1,6,29,9
31,435,126.55763,43.86912,1,1,6,30,9
31,435,126.5511,43.8717,1,1,8,27,9
129,2688,126.51681,43.81175,1,1,10,1,7
53,75,126.56672,43.82559,14,1,6,19,10
129,2688,126.53236,43.8242,1,1,7,7,20
53,1103,126.57106,43.81046,1,1,8,23,14
31,4849,126.57088,43.84227,1,1,7,25,7
31,435,126.53247,43.86915,14,1,8,29,8
53,1103,126.57082,43.80657,1,1,6,4,19
31,4849,126.57286,43.83925,1,1,8,31,13
53,1103,126.59978,43.82639,14,1,8,28,9
129,2688,126.53281,43.8248,1,1,7,20,8
31,4322,126.54546,43.87773,1,1,5,29,19
129,1520,126.5409,43.843,1,1,9,2,7
53,75,126.54857,43.8258,14,1,6,8,12
165,1656,126.55518,43.91552,14,1,5,19,19
165,1656,126.56778,43.89917,14,1,5,29,8
31,435,126.55959,43.87065,1,1,8,11,12
53,1103,126.56884,43.83013,14,1,8,24,10
53,4474,126.54992,43.82085,14,1,9,13,8
129,87,126.55605,43.84449,14,1,10,13,8
129,2925,126.51671,43.81369,1,1,7,9,8
31,435,126.55281,43.87227,1,1,8,23,10
31,435,126.5631,43.87239,14,1,6,10,8
31,4849,126.56787,43.84561,7,1,6,5,13
129,638,126.54182,43.84086,1,1,6,12,9
53,3559,126.57548,43.80241,14,1,5,30,18
53,75,126.55552,43.8331,1,1,8,10,8
31,435,126.55563,43.86248,14,1,6,26,8
31,949,126.59106,43.84171,1,1,7,4,7
53,1103,126.58103,43.82867,1,1,6,28,9
129,2688,126.53073,43.82775,1,1,8,15,8
31,949,126.59394,43.84014,1,1,6,12,11
129,2688,126.51815,43.80966,1,1,8,13,8
53,75,126.57734,43.81889,14,1,8,7,9
165,1656,126.54756,43.91103,1,1,8,28,8
53,1103,126.56981,43.80384,1,1,10,1,12
165,1656,126.57831,43.91677,14,1,5,29,8
53,1103,126.57784,43.82953,1,1,9,19,9
165,1656,126.5683,43.92035,1,1,7,11,8
31,4849,126.57178,43.84363,1,1,8,11,9
31,4849,126.57182,43.8415,1,1,9,20,8
129,2925,126.51539,43.8161,1,1,8,15,8
53,487,126.57944,43.78362,14,1,8,19,9
165,1656,126.55462,43.91018,14,1,5,20,11
129,2925,126.51446,43.81293,1,1,6,3,11
31,4849,126.56997,43.84842,1,1,7,19,7
165,3156,126.54878,43.91243,1,1,7,24,9
53,75,126.56427,43.82149,7,1,8,14,8
31,435,126.55953,43.8707,1,1,8,6,14
129,2688,126.53027,43.82213,14,1,7,15,8
31,4322,126.58648,43.86041,1,1,6,6,10
53,1103,126.56724,43.80759,1,1,6,12,15
53,1103,126.57047,43.80777,1,1,8,30,13
129,1520,126.5426,43.84727,1,1,9,3,11
53,1103,126.59569,43.83212,1,1,8,19,10
129,2665,126.54407,43.84457,14,1,8,26,7
31,4849,126.57287,43.84937,7,1,7,15,8
165,3156,126.55207,43.90775,14,1,7,25,10
53,75,126.56647,43.82379,14,1,9,26,8
53,75,126.57662,43.82516,1,1,5,30,13
31,4849,126.58381,43.84171,1,1,9,11,9
129,2925,126.51739,43.83079,1,1,9,1,7
53,4474,126.55834,43.7995,1,1,8,15,8
53,487,126.58677,43.78072,1,1,5,29,15
165,1656,126.61158,43.88986,14,1,10,10,8
31,4849,126.5819,43.83935,14,1,8,5,7
31,949,126.58984,43.83798,1,1,5,30,14
31,4849,126.58311,43.83893,14,1,8,11,8
53,487,126.54971,43.79024,1,1,8,1,8
31,949,126.59241,43.84242,1,1,7,28,7
31,949,126.59034,43.85275,1,1,8,14,8
53,1103,126.56651,43.82869,1,1,7,29,10
53,75,126.56721,43.81524,1,1,7,29,8
31,435,126.56045,43.86466,7,1,9,27,8
53,2618,126.5698,43.83222,1,1,6,8,12
129,638,126.55408,43.8392,1,1,6,3,14
53,75,126.57838,43.82165,1,1,9,14,9
53,75,126.56781,43.82346,1,1,8,31,9
53,4474,126.55435,43.81763,14,1,8,19,9
129,2688,126.52836,43.82468,1,1,8,10,12
53,1103,126.57018,43.83129,14,1,7,25,9
31,152,126.56634,43.88657,14,1,6,5,13
31,2208,126.54202,43.86994,1,1,5,27,11
53,4474,126.55112,43.81899,14,1,8,28,8
53,75,126.56902,43.82787,1,1,7,7,9
53,75,126.5537,43.82542,1,1,7,27,8
31,949,126.58681,43.8403,14,1,6,18,18
31,1558,126.57119,43.8725,1,1,10,6,7
53,4598,126.5978,43.81712,14,1,6,19,10
31,435,126.54955,43.87301,1,1,7,22,7
53,4474,126.55652,43.80055,1,1,7,29,8
129,1520,126.56214,43.85015,1,1,9,23,8
165,3156,126.54663,43.90905,1,1,6,18,10
31,435,126.55484,43.8735,1,1,7,27,8
31,4849,126.57531,43.83957,1,1,5,17,8
53,1103,126.56796,43.83226,14,1,9,25,9
31,3073,126.54989,43.87021,1,1,6,17,11
165,1656,126.54284,43.91148,14,1,10,11,9
53,4474,126.55255,43.81194,14,1,7,4,13
31,4849,126.57475,43.85506,1,1,9,11,11
31,435,126.55283,43.87219,1,1,7,14,13
53,1103,126.56527,43.83191,0,1,9,29,9
31,4849,126.57416,43.84227,14,1,6,1,8
129,2688,126.51793,43.81562,14,1,8,2,10
53,4474,126.55885,43.80263,1,1,8,22,8
165,3156,126.55253,43.90104,0,0,6,16,9
31,949,126.58714,43.86304,1,1,7,10,7
53,1103,126.57579,43.82908,1,1,9,19,9
53,1103,126.57915,43.82581,12,1,7,20,9
31,4849,126.5682,43.83926,13,1,7,18,7
165,3156,126.5589,43.9166,14,1,6,30,10
53,487,126.55542,43.79019,0,1,8,1,8
53,4474,126.56071,43.80974,4,1,9,30,8
53,75,126.56765,43.81463,14,1,7,14,16
165,2709,126.56779,43.8997,14,1,9,14,8
129,2688,126.52449,43.82274,1,1,9,27,9
53,4474,126.56019,43.8127,14,1,7,11,7
129,1520,126.54413,43.85039,1,1,9,12,7
53,4474,126.5589,43.80257,1,1,7,18,15
53,75,126.56592,43.83065,7,1,8,20,8
129,638,126.54142,43.84594,1,1,7,28,8
53,75,126.55459,43.82466,1,1,8,27,8
165,3156,126.5552,43.91562,14,0,6,15,8
53,487,126.57643,43.78011,1,1,9,27,8
165,2709,126.56,43.90323,14,0,6,17,8
53,487,126.57793,43.77846,1,1,7,6,8
129,2688,126.51683,43.80752,1,1,8,21,8
129,2688,126.51446,43.80854,1,1,7,8,8
53,4474,126.55215,43.81586,14,1,9,15,10
129,2688,126.52836,43.8243,1,1,9,29,8
129,1520,126.56557,43.8479,7,1,10,7,8
53,75,126.56856,43.82333,1,1,5,29,15
129,2665,126.55778,43.85293,14,1,8,13,9
129,638,126.5466,43.83692,1,1,8,2,9
53,487,126.52457,43.80369,1,1,10,2,8
31,435,126.55275,43.87212,1,1,6,12,13
53,75,126.55051,43.82492,1,1,7,22,8
53,487,126.52298,43.79956,1,1,7,20,8
129,638,126.55863,43.84118,1,1,7,4,10
129,2688,126.51698,43.81181,1,1,9,22,8
53,1103,126.56722,43.80749,1,1,8,17,13
165,2709,126.56105,43.89921,1,1,8,14,9
129,1520,126.55229,43.84801,1,1,9,10,8
53,1103,126.59497,43.83167,1,1,7,15,10
53,75,126.56309,43.83196,14,1,7,23,7
31,4849,126.57194,43.83899,1,1,9,28,8
165,1656,126.57842,43.89431,14,1,10,5,9
31,435,126.56102,43.87026,1,1,9,16,8
165,1656,126.5434,43.91728,14,1,9,8,9
53,1103,126.57626,43.8289,1,1,7,16,9
53,1103,126.57718,43.82949,1,1,6,3,14
129,2688,126.51656,43.80901,1,1,6,28,20
53,75,126.56331,43.82242,1,1,9,5,9
165,1656,126.57168,43.91847,1,1,8,23,9
53,4474,126.55177,43.8193,14,1,9,26,8
129,2688,126.52385,43.81971,1,1,7,4,9
31,435,126.55271,43.87227,1,1,9,28,8
129,2688,126.53299,43.82478,1,1,7,24,8
165,1656,126.55419,43.90842,1,1,8,25,9
53,75,126.56656,43.82856,1,1,8,15,8
165,2709,126.56387,43.8981,1,1,8,1,8
53,75,126.56558,43.81299,14,1,8,14,8
165,1656,126.55197,43.90469,1,0,6,15,7
31,435,126.53248,43.86914,14,1,8,27,9
31,4849,126.58039,43.83822,14,1,8,15,8
53,75,126.5598,43.82587,13,1,7,10,8
53,1103,126.565,43.83143,14,1,7,12,9
129,2688,126.53229,43.82426,1,1,7,19,8
129,2688,126.51685,43.8213,14,1,6,10,15
53,1103,126.57261,43.81063,1,1,6,10,15
31,949,126.59304,43.85271,14,1,7,18,8
31,949,126.59486,43.85096,1,1,8,11,8
129,2688,126.51251,43.81735,1,1,9,5,8
31,4849,126.57546,43.85151,1,1,9,11,9
31,949,126.58929,43.85767,1,1,5,20,8
53,4474,126.55908,43.81474,1,1,8,18,8
129,2925,126.51554,43.81532,14,1,6,9,9
31,949,126.59111,43.84984,1,1,6,1,8
53,75,126.56407,43.81519,1,1,9,30,8
53,4474,126.54586,43.811,1,1,8,28,8
53,487,126.52433,43.80101,1,1,9,25,8
31,435,126.56064,43.87249,14,1,6,13,8
53,1103,126.59332,43.8316,1,1,8,2,10
31,4849,126.57211,43.84466,1,1,9,17,8
165,3156,126.54938,43.90917,1,1,7,27,9
129,2925,126.51719,43.83338,1,1,7,19,8
165,1656,126.55784,43.89906,1,1,7,28,9
165,3156,126.54931,43.90726,1,1,7,7,10
31,4849,126.5799,43.8451,1,1,7,30,8
53,75,126.54865,43.82963,1,1,10,1,8
31,4849,126.58411,43.83897,1,1,6,15,8
31,2208,126.54392,43.87576,1,1,6,17,11
31,435,126.57684,43.86777,1,1,9,5,16
31,949,126.59079,43.86297,1,1,9,28,8
31,949,126.58645,43.86002,1,1,8,19,8
165,2709,126.56251,43.90141,1,1,7,9,8
53,1103,126.57071,43.80653,1,1,6,4,18
129,1520,126.56242,43.85014,1,1,9,17,7
31,435,126.56159,43.85811,14,1,7,8,8
53,1103,126.60597,43.82836,1,1,8,27,9
129,2925,126.49356,43.81336,1,1,8,1,9
31,949,126.59074,43.85151,1,1,6,30,9
165,1656,126.56076,43.92102,14,0,6,12,8
53,75,126.55253,43.8247,1,1,7,16,8
53,75,126.56136,43.8242,1,1,8,28,8
53,1103,126.57286,43.80802,1,1,6,10,14
31,4849,126.57813,43.84309,1,1,8,4,14
53,1103,126.60499,43.82805,1,1,7,28,9
129,1520,126.55493,43.8542,1,1,9,8,7
129,2925,126.51628,43.82529,1,1,6,9,9
129,2688,126.53005,43.81911,1,1,9,7,7
129,2688,126.52299,43.82109,14,1,6,13,14
31,4849,126.57134,43.83881,1,1,8,30,8
165,3156,126.55131,43.91064,14,1,8,19,9
53,4474,126.55891,43.81228,14,1,9,16,14
129,2688,126.52734,43.82708,1,1,8,28,15
31,949,126.59108,43.84171,1,1,8,19,8
165,1656,126.57275,43.92308,1,1,7,13,9
53,75,126.547,43.82902,1,1,9,7,8
165,3156,126.54997,43.91638,14,1,8,4,8
31,435,126.55287,43.87217,1,1,8,27,9
53,75,126.57182,43.8203,1,1,7,8,8
129,2688,126.5202,43.80855,1,1,6,1,13
31,435,126.57093,43.86826,14,1,7,3,7
53,4474,126.55188,43.80463,1,1,7,1,9
165,290,126.55062,43.9082,14,1,9,27,9
129,87,126.556,43.84183,1,1,10,15,10
53,487,126.58514,43.78229,1,1,6,15,8
129,1520,126.55876,43.84655,14,1,9,1,7
165,1656,126.56021,43.92007,4,0,6,27,10
129,588,126.53728,43.83365,1,1,9,23,8
129,2688,126.53079,43.82476,1,1,8,2,9
129,2688,126.53083,43.82135,1,1,9,6,8
129,2688,126.51911,43.82876,1,1,8,8,15
53,4474,126.55757,43.8008,1,1,9,14,9
129,1520,126.54416,43.84165,10,1,9,27,9
31,4849,126.58158,43.84523,1,1,7,3,8
129,2665,126.56032,43.85357,1,1,8,3,8
165,2709,126.565,43.90145,14,0,6,12,7
31,949,126.59108,43.84116,1,1,8,10,7
165,3156,126.54616,43.91675,1,1,7,14,9
53,1103,126.58036,43.82793,1,1,9,27,9
53,1103,126.57165,43.81096,1,1,6,15,16
129,2665,126.56072,43.84582,14,1,8,2,9
31,4849,126.57144,43.84055,1,1,6,24,9
31,949,126.59237,43.85273,14,1,6,7,14
129,2688,126.53229,43.82266,1,1,8,11,11
165,1656,126.5624,43.91428,14,1,7,21,8
31,949,126.58971,43.8584,1,1,8,28,8
165,1656,126.54284,43.91502,14,1,7,17,8
129,2302,126.54319,43.85018,1,1,7,13,8
31,435,126.55003,43.86207,14,0,9,29,7
165,1656,126.56432,43.92842,14,1,8,26,8
53,4474,126.54497,43.81943,14,1,8,11,9
53,1103,126.58032,43.82798,1,1,7,4,10
53,75,126.57293,43.82717,1,1,6,12,8
53,75,126.5626,43.82696,1,1,7,18,8
31,435,126.56126,43.86123,1,1,5,31,9
129,2925,126.51206,43.8323,1,1,6,29,8
165,3156,126.54875,43.91148,1,1,6,26,9
31,4322,126.54979,43.88348,7,1,6,6,15
53,1103,126.56522,43.83208,0,1,7,26,9
31,949,126.59383,43.8488,1,1,8,27,8
129,2665,126.55401,43.85019,14,1,8,25,7
53,75,126.56433,43.81466,1,1,7,27,9
53,1103,126.56742,43.80983,1,1,9,13,14
31,4849,126.58321,43.8461,14,1,6,10,9
129,638,126.55149,43.84255,14,1,7,10,8
129,2925,126.50774,43.82044,1,1,8,10,14
165,2709,126.56773,43.89663,14,1,9,25,8
165,1656,126.56001,43.92417,14,1,9,14,9
31,2208,126.5368,43.87591,14,1,5,29,9
31,4849,126.5697,43.84769,14,1,7,2,8
165,3156,126.54902,43.90081,1,1,8,13,9
129,638,126.54829,43.83885,14,1,6,9,9
53,1103,126.57497,43.83061,1,1,7,9,9
129,638,126.54466,43.83746,1,1,6,10,9
129,2688,126.51752,43.81665,1,1,7,4,14
31,435,126.56166,43.87141,1,1,7,24,7
129,2688,126.53019,43.81909,1,1,9,6,8
129,638,126.55291,43.83881,1,1,7,17,9
129,2688,126.51816,43.80968,1,1,8,7,9
129,1520,126.54038,43.84924,1,1,10,12,10
53,75,126.54802,43.82445,1,1,6,15,8
31,4849,126.53917,43.87016,1,1,8,31,9
53,1103,126.56021,43.80409,14,1,7,25,13
53,979,126.55177,43.81168,14,1,6,10,8
53,4474,126.54525,43.8159,1,1,8,1,8
53,4474,126.54375,43.81903,14,1,7,26,9
53,4474,126.54346,43.8183,1,1,9,12,10
53,75,126.57882,43.82509,14,1,9,6,8
53,487,126.59197,43.77656,14,1,9,1,9
53,75,126.5532,43.83057,1,1,7,15,8
53,4474,126.56075,43.81939,14,1,8,6,8
31,4849,126.57208,43.83882,1,1,9,16,13
129,2688,126.51463,43.82119,1,1,9,11,16
129,2925,126.51659,43.82551,1,1,8,14,9
31,435,126.57598,43.86634,14,1,7,20,13
31,4849,126.57887,43.84501,14,1,9,21,9
129,2688,126.5024,43.80185,1,1,8,28,8
53,75,126.56569,43.82504,14,1,8,6,8
53,487,126.58779,43.78059,1,1,8,27,8
31,4849,126.57731,43.83782,14,1,6,15,8
53,1103,126.59354,43.83156,1,1,6,15,10
53,487,126.52883,43.80671,14,1,8,20,8
129,2688,126.50986,43.81123,1,1,9,14,9
129,2688,126.52291,43.81507,1,1,7,30,10
53,75,126.5684,43.82302,1,1,7,26,8
129,638,126.5447,43.83747,1,1,6,7,11
129,638,126.56137,43.83997,14,1,7,30,10
31,435,126.55284,43.87225,1,1,7,6,7
165,1656,126.56165,43.92836,14,1,7,23,8
31,4849,126.57851,43.83727,1,1,7,29,8
129,2688,126.51823,43.81323,1,1,8,18,8
53,487,126.52555,43.79984,14,1,9,6,9
129,2688,126.5314,43.82843,14,1,8,15,8
31,949,126.59041,43.85262,1,1,6,8,9
53,4474,126.54237,43.82044,1,1,8,11,9
53,75,126.56144,43.82328,1,1,7,23,7
165,290,126.55915,43.9185,14,1,9,9,9
31,435,126.56359,43.8654,1,1,9,19,7
31,4849,126.56804,43.85178,14,1,9,14,8
53,4474,126.54815,43.81713,1,1,9,29,8
31,4849,126.58054,43.84331,1,1,6,26,12
129,1520,126.53746,43.84727,1,1,9,24,8
31,435,126.5594,43.86081,14,1,9,10,8
129,2665,126.54354,43.85079,1,1,8,17,8
53,4474,126.55668,43.81408,1,1,9,21,9
53,1103,126.56525,43.83201,0,1,9,23,9
31,949,126.59212,43.8435,1,1,9,23,7
129,2925,126.51509,43.8333,1,1,6,16,8
165,1656,126.57417,43.93127,1,1,7,5,9
165,2709,126.56547,43.91461,14,1,5,25,9
165,1656,126.55774,43.91238,14,1,8,31,14
31,4849,126.57426,43.84228,14,1,8,22,9
53,4474,126.5481,43.81413,14,1,7,7,8
129,1520,126.56333,43.84933,0,1,9,14,8
31,949,126.59105,43.8529,1,1,9,6,8
31,435,126.55213,43.87203,1,1,7,20,7
31,435,126.55281,43.87226,1,1,9,27,8
31,949,126.58767,43.84133,14,1,8,17,7
53,487,126.52636,43.80026,14,1,7,10,8
165,2709,126.57356,43.89996,14,1,9,15,8
129,2688,126.51819,43.812,1,1,8,11,11
31,4849,126.57199,43.83903,1,1,8,12,15
31,4849,126.57963,43.84128,1,1,7,3,8
165,1656,126.56883,43.92754,14,1,8,4,8
53,1103,126.59912,43.83405,1,1,6,13,9
53,487,126.55332,43.78772,14,1,9,8,9
53,1103,126.5737,43.83118,1,1,7,15,10
165,3156,126.54548,43.91148,1,0,6,8,9
53,2060,126.55922,43.81342,14,1,6,1,8
129,2688,126.52915,43.82005,1,1,9,8,7
129,1520,126.56478,43.8535,14,1,10,7,8
129,323,126.50395,43.80362,1,1,9,28,10
53,3030,126.5156,43.80705,1,0,9,20,13
165,1656,126.52952,43.93308,14,1,7,26,8
31,1558,126.58356,43.84643,0,1,10,6,7
53,1103,126.56799,43.83225,14,1,8,4,9
31,435,126.55993,43.87207,1,1,9,1,8
165,1656,126.54954,43.90796,1,0,6,4,9
53,1103,126.57031,43.83083,14,1,9,13,10
165,1656,126.57374,43.91735,4,1,9,16,9
165,1656,126.57241,43.93059,1,1,9,8,13
31,949,126.58647,43.86041,1,1,9,7,8
31,949,126.59432,43.85069,1,1,9,28,8
53,1103,126.60148,43.83285,14,1,7,12,9
31,4849,126.58036,43.8383,14,1,6,9,9
53,487,126.59084,43.77447,14,1,7,22,8
31,435,126.56201,43.87109,1,1,8,29,8
31,4849,126.57887,43.83894,14,1,9,19,7
31,435,126.55667,43.86049,1,1,5,31,9
129,1520,126.54352,43.85078,1,1,9,5,7
129,1520,126.56188,43.85702,1,1,9,3,7
129,2688,126.53424,43.82873,1,1,7,14,9
31,435,126.55628,43.87226,1,1,7,9,8
129,2925,126.51299,43.83241,1,1,7,27,10
53,75,126.55628,43.83296,1,1,8,2,8
53,4474,126.54718,43.81686,14,1,9,18,8
129,2665,126.54315,43.84932,1,1,8,13,8
31,4849,126.57215,43.84457,1,1,8,4,14
165,3156,126.55212,43.90932,1,0,5,29,10
53,75,126.55608,43.83216,1,1,6,13,8
165,3156,126.54881,43.91148,1,1,7,26,9
31,949,126.58786,43.84898,1,1,7,4,7
165,1656,126.56629,43.91308,14,1,5,30,9
53,75,126.56624,43.82079,14,1,6,12,8
53,75,126.56731,43.81636,1,1,8,28,9
165,1656,126.57834,43.89441,14,1,10,5,9
53,75,126.54656,43.8262,1,1,8,1,8
53,75,126.57043,43.82742,1,1,8,16,9
31,435,126.55811,43.87,1,1,9,15,8
129,2688,126.51817,43.81624,1,1,8,21,9
129,2925,126.50138,43.81935,14,1,8,10,8
53,1103,126.57085,43.80653,1,1,7,31,13
53,75,126.56734,43.81271,14,1,8,17,8
53,4474,126.55644,43.81578,1,1,7,13,8
129,2688,126.53286,43.82535,1,1,9,9,8
129,2688,126.52511,43.82259,1,1,8,31,7
53,75,126.57561,43.82546,1,1,6,13,8
53,487,126.52304,43.80049,1,1,8,29,9
129,2688,126.53219,43.82262,1,1,8,12,14
165,3156,126.55211,43.90945,1,1,8,11,9
53,4474,126.56001,43.81461,14,1,7,18,9
31,4849,126.5833,43.83761,14,1,5,31,9
53,75,126.57004,43.82436,1,1,5,29,15
53,1103,126.60255,43.83276,14,1,7,15,10
53,854,126.574,43.79435,1,1,6,19,15
129,2665,126.54416,43.8445,14,1,8,20,8
53,4474,126.56029,43.81894,14,1,8,5,8
53,75,126.57521,43.82294,1,1,8,30,8
53,75,126.57232,43.81932,1,1,9,2,8
129,1520,126.56193,43.85077,1,1,10,17,8
129,87,126.55251,43.83911,14,1,10,15,11
53,75,126.57731,43.82085,14,1,7,2,8
129,1520,126.56204,43.85385,1,1,10,13,8
129,2688,126.52818,43.82678,1,1,8,24,7
129,2688,126.5271,43.82454,1,1,6,14,9
31,949,126.59446,43.84237,14,1,8,13,8
31,4849,126.5803,43.84212,1,1,8,13,8
53,1103,126.56475,43.80865,1,1,7,9,12
53,4474,126.55659,43.81225,1,1,8,30,8
53,487,126.55009,43.7911,1,1,9,24,9
31,4849,126.56806,43.84115,14,1,9,15,7
53,1103,126.56944,43.80759,1,1,9,10,14
129,638,126.56152,43.84231,14,1,7,18,9
53,75,126.56804,43.82082,1,1,8,12,9
165,3156,126.54861,43.90763,1,1,5,20,10
53,75,126.56485,43.82194,14,1,8,21,9
129,2688,126.51793,43.81041,1,1,6,11,9
53,4474,126.55697,43.81612,1,1,7,31,8
31,435,126.55287,43.8722,1,1,9,9,8
53,4474,126.54557,43.81653,1,1,8,23,8
53,4474,126.55834,43.79962,1,1,8,10,8
31,4849,126.57636,43.83905,1,1,8,23,9
31,4849,126.56909,43.83962,13,1,6,10,9
165,1656,126.56613,43.92895,14,1,9,14,9
129,638,126.54559,43.83686,1,1,7,31,13
165,1656,126.51892,43.94319,14,1,6,30,10
53,1103,126.57123,43.80979,1,1,8,1,13
31,4849,126.57723,43.83777,14,1,6,1,8
53,1087,126.57681,43.82746,1,1,6,18,10
129,638,126.54989,43.84729,1,1,7,27,16
53,75,126.56655,43.82866,1,1,6,27,8
53,75,126.57601,43.82598,1,1,5,29,15
53,4474,126.55118,43.80448,1,1,6,18,12
31,4849,126.57482,43.85052,1,1,6,29,14
53,75,126.572,43.82048,1,1,7,6,9
129,2925,126.51408,43.81358,1,1,7,27,9
129,2688,126.51171,43.80809,1,1,9,11,16
53,75,126.57178,43.82125,1,1,6,1,14
53,1103,126.57341,43.81296,1,1,6,9,13
165,3156,126.54546,43.91142,1,1,8,12,9
165,1656,126.51897,43.94319,14,1,9,5,9
31,435,126.55326,43.87188,1,1,5,31,18
53,1103,126.57574,43.83047,1,1,6,12,9
31,949,126.54621,43.8669,1,1,5,17,15
165,1656,126.56034,44.0028,14,1,9,20,8
31,4849,126.57579,43.85263,1,1,5,24,16
53,1103,126.57236,43.8286,3,1,7,30,8
53,1103,126.57569,43.83045,1,1,5,17,12
53,4474,126.54608,43.81459,1,1,6,27,9
53,75,126.57093,43.82928,1,1,8,3,8
53,4474,126.55068,43.81314,2,1,8,19,9
53,487,126.55316,43.7879,14,1,7,30,8
31,435,126.55684,43.86005,1,1,9,7,8
53,75,126.56403,43.827,14,1,9,24,8
53,75,126.56585,43.83055,7,1,9,17,7
53,1103,126.59936,43.82673,14,1,8,10,9
53,75,126.56391,43.8158,1,1,8,27,16
165,1656,126.56916,43.92147,14,1,9,18,9
53,75,126.57056,43.82275,14,1,8,31,9
31,4849,126.58123,43.84556,14,1,8,30,8
53,4474,126.54639,43.81789,14,1,9,9,9
31,435,126.54926,43.87351,1,1,9,24,8
129,2688,126.51578,43.80816,1,1,8,2,9
53,75,126.54413,43.82447,1,1,7,30,8
53,75,126.55461,43.82465,1,1,8,23,8
31,4849,126.57366,43.84463,7,1,7,17,8
53,4474,126.55111,43.8045,1,1,9,21,9
165,1656,126.55291,43.90815,14,1,7,6,9
129,2688,126.5127,43.81701,1,1,8,3,8
31,949,126.58774,43.84899,1,1,9,11,8
31,435,126.55234,43.87343,1,1,9,1,8
165,1656,126.5527,43.90543,1,1,6,18,14
31,435,126.55284,43.87229,1,1,8,5,8
129,638,126.55315,43.84105,1,1,7,29,9
129,638,126.56518,43.8448,7,1,6,28,10
53,1103,126.57908,43.82578,12,1,9,2,9
31,949,126.58809,43.84808,1,1,6,1,8
31,949,126.5943,43.85313,1,1,8,24,8
129,1520,126.54421,43.84861,14,1,9,10,8
53,75,126.57753,43.82659,1,1,7,7,9
31,949,126.59582,43.84182,1,1,9,30,8
165,3156,126.54819,43.91202,1,1,7,6,9
129,2925,126.51619,43.81796,1,1,7,9,8
129,638,126.55415,43.84022,1,1,6,27,10
165,290,126.55694,43.91464,1,1,9,20,9
129,2688,126.53246,43.82498,1,1,8,19,9
53,1103,126.56315,43.80828,14,1,9,29,14
129,2925,126.51653,43.81467,1,1,8,1,9
53,487,126.54588,43.79308,14,1,9,29,8
53,75,126.56548,43.82671,14,1,8,6,8
129,2688,126.51671,43.80806,1,1,6,27,15
31,949,126.58846,43.84776,1,1,9,1,9
53,1103,126.56994,43.8089,1,1,7,12,12
53,1103,126.60396,43.82879,1,1,7,12,9
31,435,126.55438,43.86066,14,1,8,5,8
53,1103,126.56327,43.80824,14,1,9,30,13
53,75,126.56926,43.81612,1,1,7,5,8
129,2925,126.52325,43.8367,1,1,7,18,9
31,435,126.5631,43.86913,1,1,6,15,7
129,2925,126.51611,43.81295,1,1,5,29,9
129,2688,126.53379,43.82721,1,1,7,17,14
31,949,126.59077,43.85148,1,1,9,28,8
53,1103,126.57944,43.82897,1,1,9,17,10
53,1103,126.56716,43.80755,1,1,9,7,14
31,4849,126.56765,43.84584,7,1,9,24,9
31,949,126.5937,43.84138,14,1,6,17,13
53,75,126.56583,43.83056,7,1,7,30,8
53,4474,126.55551,43.80417,1,1,8,24,8
53,1103,126.60067,43.82598,14,1,7,12,9
31,2208,126.53789,43.87115,1,1,5,28,13
31,435,126.55706,43.85868,1,1,6,6,8
129,638,126.55413,43.83912,1,1,6,9,9
53,75,126.56583,43.81233,14,1,8,27,16
31,4849,126.5735,43.84263,12,1,8,5,7
129,638,126.54806,43.83831,14,1,8,1,9
53,4474,126.54631,43.81575,1,1,9,3,8
53,75,126.5677,43.81703,1,1,9,7,8
53,2618,126.5705,43.83204,1,1,6,7,9
31,949,126.59221,43.84239,1,1,9,16,8
129,323,126.52098,43.82404,14,1,9,28,10
129,2688,126.5156,43.82081,1,1,9,20,9
31,4849,126.57079,43.84211,1,1,7,6,7
53,1103,126.57818,43.82612,1,1,9,18,9
129,2665,126.55331,43.84617,1,1,8,27,7
129,638,126.56049,43.84224,4,1,7,21,8
129,161,126.53775,43.84618,1,1,6,16,9
129,2688,126.51857,43.81341,1,1,9,7,7
165,1656,126.57284,43.91871,1,0,6,27,10
31,435,126.55908,43.8688,1,1,5,25,16
129,2665,126.56511,43.85287,4,1,8,22,9
165,1656,126.54868,43.90764,1,1,9,28,9
53,75,126.54407,43.82448,1,1,9,3,8
31,4849,126.58308,43.84517,14,1,6,28,8
31,4849,126.57321,43.8392,1,1,7,9,8
31,4849,126.58415,43.8377,14,1,8,18,7
129,323,126.52365,43.83646,1,1,9,28,9
129,638,126.56534,43.84106,14,1,6,27,10
31,4849,126.57192,43.83899,1,1,8,8,8
129,2688,126.51505,43.8194,14,1,8,26,10
129,1520,126.55152,43.8495,3,1,9,27,8
129,2688,126.52507,43.82184,14,1,6,18,14
53,1103,126.57044,43.83193,1,1,6,11,12
129,2925,126.51721,43.83082,1,1,6,9,9
165,1656,126.56603,43.90669,14,1,7,19,8
31,4849,126.57874,43.83766,1,1,6,12,9
31,949,126.58637,43.8596,1,1,6,12,9
53,318,126.57993,43.78436,14,1,5,14,9
53,75,126.56293,43.81662,1,1,9,20,8
31,435,126.5522,43.8724,1,0,5,20,13
165,1656,126.55193,43.90137,14,1,8,27,8
53,75,126.54814,43.82889,1,1,8,16,8
165,1656,126.55536,43.9316,14,0,6,8,8
31,949,126.59229,43.84002,1,1,7,26,7
53,4474,126.54947,43.81826,1,1,7,18,13
53,4474,126.55443,43.80391,1,1,8,2,8
53,75,126.56866,43.8288,1,1,7,14,9
53,75,126.56412,43.8194,14,1,7,28,8
129,2665,126.54665,43.85128,14,1,8,27,7
129,2688,126.53198,43.82122,1,1,9,3,7
53,1103,126.57531,43.82949,3,1,8,23,10
31,435,126.55879,43.86999,1,1,8,12,11
129,2688,126.51689,43.81065,1,1,8,28,7
129,2925,126.51699,43.82547,1,1,6,14,9
31,949,126.58865,43.8496,1,1,8,24,8
53,1103,126.56529,43.83197,0,1,5,17,11
129,638,126.55354,43.83963,1,1,7,10,8
31,949,126.59335,43.84173,14,1,8,14,8
53,1103,126.56769,43.80844,1,1,9,29,14
53,75,126.57725,43.82206,1,1,7,30,8
53,2618,126.57505,43.8307,1,1,6,8,12
31,949,126.59098,43.84121,1,1,8,26,8
129,2925,126.51573,43.83259,1,1,6,1,8
53,75,126.55371,43.82549,1,1,7,6,8
129,2925,126.51829,43.82214,14,1,6,28,10
129,2688,126.53374,43.82693,1,1,8,21,8
165,1656,126.55916,43.91833,14,1,5,29,10
31,435,126.56285,43.86699,1,1,7,3,7
129,1520,126.5565,43.84634,4,1,9,3,7
129,2688,126.54443,43.839,14,1,6,3,9
53,1103,126.57086,43.80649,1,1,7,20,13
165,3156,126.55365,43.89981,14,0,5,17,10
31,949,126.59385,43.84875,1,0,10,1,7
129,1520,126.55017,43.84957,14,1,9,7,7
129,2925,126.51293,43.814,1,1,8,4,9
53,487,126.5331,43.80457,1,1,10,1,8
165,1656,126.54588,43.90969,1,1,8,24,9
31,4849,126.57385,43.84424,7,1,5,28,8
53,1103,126.56432,43.80947,4,1,9,12,15
53,979,126.55537,43.80651,1,1,5,31,9
165,3156,126.54821,43.907,1,0,7,4,9
129,3458,126.54285,43.83508,1,1,5,29,11
165,2709,126.57674,43.8946,14,0,5,28,8
129,638,126.55998,43.84451,3,1,7,11,8
53,75,126.55276,43.82775,1,1,7,17,8
129,323,126.52048,43.82656,1,1,9,27,9
53,1103,126.57026,43.81047,1,1,8,16,15
53,1103,126.60407,43.82875,1,1,7,31,9
53,487,126.59533,43.7791,14,1,9,29,8
129,2665,126.54653,43.84377,14,1,8,24,7
129,3458,126.54433,43.85013,1,1,5,18,10
165,1656,126.54813,43.90071,1,1,9,7,9
31,949,126.59044,43.85573,14,1,9,1,9
129,2688,126.5229,43.82423,1,1,9,6,14
165,1656,126.56081,43.92119,14,1,5,31,10
129,638,126.54475,43.83733,1,1,7,20,8
129,2688,126.52025,43.80855,1,1,8,25,7
129,2925,126.51983,43.82817,1,1,8,24,8
165,3156,126.54774,43.91116,1,1,8,1,9
31,949,126.58961,43.86247,1,1,9,14,7
53,1103,126.56093,43.8075,14,1,9,19,14
165,1656,126.54894,43.90085,1,1,9,6,9
31,949,126.59565,43.85349,1,1,9,10,8
165,3156,126.5517,43.91239,1,1,7,13,9
53,487,126.49169,43.74162,14,1,7,20,8
53,4474,126.55319,43.81788,14,1,7,18,9
31,4849,126.57389,43.85451,1,1,9,22,8
129,2688,126.51654,43.80898,1,1,8,17,8
129,2665,126.54027,43.84837,1,1,8,30,7
53,2289,126.56944,43.80824,1,1,5,29,13
129,2665,126.55335,43.84788,14,1,8,13,9
129,1520,126.55501,43.85423,1,1,9,2,12
129,2688,126.52025,43.81586,1,1,7,1,8
53,487,126.53579,43.80369,14,1,7,24,8
129,2688,126.53262,43.82469,1,1,7,2,9
53,75,126.54607,43.82268,1,1,6,12,8
31,4849,126.57547,43.8388,14,1,6,30,9
129,2688,126.52002,43.81573,1,1,8,22,9
53,1103,126.57305,43.8124,1,1,9,9,16
129,2925,126.52341,43.82094,14,1,7,15,8
165,3156,126.55101,43.91211,1,0,6,9,8
53,1103,126.56696,43.83236,14,1,8,14,9
31,4849,126.58112,43.84396,1,1,5,21,9
31,435,126.55587,43.86015,1,1,7,6,7
129,2665,126.54534,43.84338,1,1,8,21,8
31,435,126.55272,43.87213,1,1,9,13,8
53,75,126.56905,43.82039,1,1,8,17,8
129,2925,126.51319,43.83209,14,1,7,19,8
31,4849,126.57266,43.85482,4,1,8,12,15
53,75,126.57066,43.82991,1,1,5,30,9
53,75,126.55226,43.82112,14,1,7,22,8
31,435,126.55114,43.87296,1,1,6,8,13
31,435,126.55286,43.87222,1,1,7,23,7
31,435,126.55765,43.86975,1,1,5,30,15
129,2925,126.50416,43.81474,1,1,8,12,9
129,161,126.55935,43.85296,1,1,6,17,12
31,435,126.56002,43.85753,1,1,9,21,9
129,2688,126.52831,43.81475,1,1,7,17,14
165,1656,126.5509,43.90217,14,1,6,18,9
53,487,126.52375,43.80341,1,1,8,4,8
129,2665,126.55598,43.846,14,1,8,2,9
53,979,126.54504,43.81069,1,1,6,3,7
129,1520,126.54904,43.84886,14,1,9,10,8
53,1103,126.6038,43.82915,1,1,8,12,9
129,2925,126.51777,43.83065,1,1,7,14,9
53,1103,126.60204,43.83032,1,1,9,23,8
53,487,126.52776,43.79991,14,1,8,13,9
53,1103,126.57273,43.83149,1,1,8,16,10
129,2688,126.53313,43.82552,1,1,9,10,8
53,75,126.55106,43.83069,1,1,7,5,8
165,1656,126.54824,43.90056,1,1,9,29,9
129,2925,126.51036,43.83327,1,1,7,31,13
31,435,126.55034,43.87254,1,1,9,2,8
53,75,126.56583,43.83057,7,1,6,27,8
31,435,126.56216,43.86335,1,1,8,27,8
31,4849,126.57547,43.85153,1,1,7,10,7
165,1656,126.54981,43.90848,14,1,8,24,9
31,2208,126.53749,43.87463,14,1,6,18,14
129,638,126.54615,43.83733,1,1,7,18,9
31,2208,126.53908,43.87029,1,1,5,28,13
31,4849,126.57701,43.83963,14,1,9,11,9
31,949,126.59573,43.84173,1,1,9,20,8
53,1103,126.57133,43.81301,1,1,9,30,13
53,1103,126.57187,43.8311,14,1,7,10,9
53,75,126.55421,43.82541,1,1,9,1,9
53,75,126.57456,43.82815,1,1,6,1,8
129,2925,126.515,43.81161,1,1,9,10,8
31,949,126.59099,43.85041,1,1,6,9,9
53,2615,126.5557,43.80318,1,1,6,14,9
129,2688,126.52217,43.82542,1,1,7,17,9
129,1520,126.5635,43.84546,14,1,10,10,9
129,2925,126.51755,43.82098,1,1,7,31,13
31,949,126.59321,43.83972,1,1,6,29,9
53,854,126.57047,43.79515,1,1,6,19,15
31,1558,126.53902,43.87019,1,1,9,7,10
31,4849,126.57438,43.84414,7,1,7,2,8
31,4849,126.58559,43.84457,14,1,6,8,9
31,435,126.55954,43.86029,14,1,9,7,8
165,290,126.54664,43.90969,1,1,9,18,9
31,2208,126.53911,43.87017,1,1,5,29,14
53,2618,126.56711,43.83255,14,1,6,3,7
31,435,126.55289,43.87221,1,1,8,27,9
31,949,126.58783,43.86295,1,1,9,30,8
165,3156,126.55316,43.91029,1,1,8,3,9
53,75,126.5698,43.81836,1,1,8,19,9
53,1103,126.57116,43.81148,1,1,6,7,16
53,1103,126.56956,43.80763,1,1,8,14,13
53,4474,126.55174,43.81732,14,1,9,7,8
129,1520,126.56014,43.85618,1,1,9,7,7
53,1103,126.57267,43.81291,1,1,7,20,13
165,1656,126.54645,43.90872,1,1,8,8,9
129,3458,126.55961,43.85525,14,1,5,17,10
129,2688,126.52704,43.82182,1,1,6,29,8
129,2688,126.52923,43.82045,1,1,8,8,8
31,949,126.58757,43.83968,14,1,8,29,8
53,75,126.5691,43.8204,1,1,8,23,9
129,2688,126.52844,43.82463,1,1,8,29,9
53,75,126.55087,43.82717,1,1,8,7,8
53,979,126.55878,43.80803,1,1,5,29,14
31,949,126.58781,43.84882,1,1,6,29,9
129,2688,126.51673,43.80756,1,1,6,10,8
53,75,126.55629,43.833,1,1,9,21,9
31,4849,126.57509,43.83937,1,1,8,22,9
53,4474,126.55545,43.8056,1,1,8,18,8
53,4474,126.54325,43.81525,1,1,6,19,16
53,1103,126.56727,43.83244,14,1,9,7,10
129,1520,126.54217,43.84012,4,1,9,3,7
31,4849,126.58102,43.84263,1,1,9,3,8
53,4474,126.55946,43.819,14,1,8,28,8
31,435,126.56453,43.87303,1,1,9,10,9
53,4474,126.5563,43.81356,1,1,9,2,14
129,638,126.56454,43.84495,14,1,7,23,10
31,949,126.59246,43.84452,1,1,9,26,7
53,1103,126.56947,43.8111,1,1,9,2,16
53,75,126.56542,43.82257,1,1,9,4,9
53,4474,126.55613,43.80438,1,1,8,10,16
31,949,126.591,43.84126,1,1,9,30,8
31,4849,126.57841,43.84237,1,1,6,17,13
31,949,126.59495,43.84615,14,1,8,21,8
53,75,126.56631,43.81449,1,1,9,19,8
31,4849,126.56792,43.83917,13,1,6,18,14
165,3156,126.55489,43.91591,14,0,5,20,10
31,949,126.59134,43.86151,1,1,8,10,7
31,2208,126.54077,43.87514,14,1,6,18,14
165,1656,126.55186,43.90884,14,0,6,2,9
53,75,126.56584,43.82129,14,1,9,1,16
53,487,126.56831,43.76905,14,1,6,8,15
31,4849,126.57021,43.8525,14,1,9,24,9
31,435,126.56194,43.86902,1,1,7,1,7
53,1103,126.56605,43.83208,14,1,7,3,8
129,161,126.54405,43.85039,1,1,6,9,14
53,1103,126.57011,43.81158,1,1,6,18,16
53,1103,126.58006,43.82848,1,1,5,30,13
129,2925,126.51403,43.81348,1,1,5,29,9
31,435,126.54954,43.87414,1,1,9,12,8
53,1103,126.57059,43.83193,1,1,7,25,9
165,1656,126.56437,43.925,14,1,8,21,9
129,2665,126.5465,43.85194,14,1,8,14,9
129,2925,126.51816,43.82352,14,1,6,15,9
31,949,126.59406,43.8523,1,1,8,22,8
53,1103,126.57092,43.83149,1,1,8,16,10
53,1103,126.57722,43.8294,1,1,8,29,9
129,2688,126.5285,43.8218,14,1,8,29,9
31,4849,126.57496,43.85074,1,1,6,8,15
53,979,126.55657,43.80061,1,1,5,30,17
53,75,126.54399,43.82309,1,1,8,22,8
31,435,126.55389,43.87448,1,0,9,26,8
31,4849,126.57562,43.85334,1,1,8,18,7
53,487,126.54757,43.79242,14,1,6,3,13
53,1103,126.56594,43.83218,14,1,8,26,9
53,75,126.56415,43.8151,1,1,6,11,15
31,949,126.5895,43.8436,1,1,9,25,7
53,1103,126.57165,43.81245,1,1,5,17,14
129,638,126.55084,43.84005,14,1,6,10,9
53,75,126.56398,43.81429,1,1,9,17,8
31,4849,126.57303,43.84125,14,1,8,15,8
129,2925,126.51574,43.81492,1,1,8,26,7
165,2709,126.56345,43.91242,1,1,8,3,9
165,1656,126.57309,43.9301,1,0,6,10,8
165,3156,126.54977,43.91078,14,0,5,19,9
129,2925,126.49813,43.81807,1,1,8,12,9
31,4849,126.57607,43.85055,1,1,8,2,8
31,949,126.59013,43.84716,1,1,6,3,12
53,1103,126.59949,43.83509,1,1,7,3,8
31,4849,126.56928,43.85444,14,1,7,26,7
129,1520,126.56564,43.85184,3,1,9,15,8
129,1520,126.54876,43.85032,14,1,9,12,7
165,3156,126.55066,43.90593,1,1,8,5,9
31,4849,126.58355,43.84669,0,1,8,24,9
53,487,126.53685,43.80494,14,1,8,8,10
129,2688,126.51658,43.82112,14,1,8,13,9
31,949,126.59179,43.84065,1,1,7,29,8
31,949,126.59324,43.83985,1,1,7,21,7
31,949,126.5902,43.8391,1,1,9,8,8
53,487,126.52316,43.80005,1,1,7,13,8
31,4849,126.56941,43.84318,14,1,9,29,8
31,4849,126.5672,43.84915,7,1,9,29,8
53,75,126.55565,43.83308,1,1,8,10,13
165,290,126.55042,43.91154,14,1,9,24,8
129,1520,126.56609,43.85716,1,1,9,4,9
129,2688,126.53295,43.82531,1,1,9,8,8
31,4609,126.55096,43.86014,1,1,6,17,12
129,638,126.56228,43.84359,14,1,7,23,8
53,75,126.56576,43.81639,1,1,8,24,9
53,75,126.55315,43.83045,1,1,7,14,9
53,75,126.54312,43.82377,1,1,7,10,8
129,2665,126.55047,43.84729,1,1,8,11,11
31,949,126.59257,43.86309,1,1,6,1,13
129,2688,126.51705,43.80949,1,1,8,11,8
129,2665,126.5518,43.84694,1,1,8,22,9
129,1520,126.55725,43.84778,14,1,9,4,9
129,638,126.54528,43.83676,1,1,6,29,8
129,2665,126.56273,43.85662,14,1,8,28,7
53,2452,126.55125,43.78687,14,1,6,3,12
31,435,126.55995,43.87219,1,1,8,24,8
31,4849,126.57362,43.84361,7,1,8,25,15
165,3156,126.5488,43.91134,1,0,6,12,8
31,1558,126.56098,43.86153,1,1,10,7,7
31,949,126.59114,43.84887,1,1,5,16,8
165,3156,126.54647,43.90773,1,0,5,23,9
53,487,126.59363,43.77838,14,1,7,26,8
53,75,126.56889,43.81438,1,1,9,2,13
31,4849,126.56727,43.84699,7,1,9,22,8
129,2688,126.52423,43.82236,14,1,7,31,13
31,1558,126.54438,43.86961,1,1,10,7,14
129,2665,126.5427,43.84416,1,1,8,12,9
53,487,126.5424,43.79145,14,1,6,16,9
31,435,126.55907,43.86276,7,1,9,10,8
53,4474,126.55722,43.81349,1,1,7,30,8
53,487,126.54154,43.79274,14,1,8,29,9
129,2925,126.52242,43.82346,14,1,7,20,8
53,1103,126.59651,43.83244,1,1,8,10,13
129,2925,126.51309,43.81422,1,1,9,3,7
53,1103,126.59296,43.83137,1,1,8,12,9
53,1103,126.57065,43.80606,1,1,6,4,18
165,1656,126.55091,43.90241,14,1,8,6,12
129,638,126.54348,43.84127,3,1,7,12,8
31,949,126.59388,43.84019,1,1,8,5,7
31,4849,126.57575,43.84858,1,1,7,18,7
165,1656,126.54099,43.91394,14,0,6,18,9
129,2688,126.52003,43.8158,1,1,6,10,9
129,2925,126.51236,43.81346,1,1,8,28,7
129,2925,126.51339,43.83402,1,1,5,29,9
53,75,126.54484,43.82436,1,1,6,14,8
165,2709,126.5594,43.8975,1,1,8,27,8
31,949,126.59535,43.85391,1,1,8,13,7
31,949,126.58775,43.86073,1,1,6,1,13
129,2925,126.51504,43.81161,1,1,6,27,9
165,1656,126.55894,43.92126,14,1,9,3,9
53,4474,126.54881,43.81996,14,1,8,26,8
53,1103,126.57082,43.83085,14,1,8,12,9
53,4474,126.55546,43.80653,1,1,7,1,9
53,4474,126.54278,43.81565,1,1,7,30,8
31,435,126.56355,43.86688,1,1,8,24,8
53,75,126.55242,43.82624,1,1,8,14,8
31,4849,126.57897,43.84232,1,1,6,3,16
31,949,126.59211,43.8498,14,1,9,8,8
53,1103,126.56528,43.83203,0,1,8,12,9
53,75,126.57058,43.82748,1,1,8,21,9
53,4474,126.55668,43.81063,14,1,8,12,9
165,3156,126.54747,43.91336,1,0,5,19,9
129,2925,126.51339,43.83251,1,1,9,7,7
31,435,126.56513,43.86325,1,1,9,15,8
53,1103,126.58987,43.83042,1,1,9,26,9
31,4849,126.5675,43.84972,7,1,10,2,8
53,4474,126.54978,43.81531,1,1,8,27,8
129,2688,126.52919,43.82035,1,1,8,10,12
53,4474,126.55513,43.80688,1,1,8,20,8
53,75,126.56909,43.82078,1,1,9,11,8
31,152,126.57077,43.8878,14,1,6,4,12
31,949,126.58877,43.83751,10,1,6,15,7
31,435,126.55192,43.85701,14,1,10,1,7
129,2688,126.51795,43.81643,1,1,9,23,9
129,2688,126.52896,43.82011,1,1,8,2,9
31,435,126.5602,43.85796,14,1,9,23,7
53,75,126.57726,43.81881,14,1,9,2,8
31,4849,126.57791,43.84216,1,1,5,24,9
31,435,126.55279,43.8722,1,1,9,13,8
129,2688,126.5305,43.82368,1,1,7,30,15
31,4849,126.5724,43.85196,14,1,9,9,8
31,435,126.56228,43.86332,1,1,5,18,8
31,4849,126.57442,43.84449,7,1,9,5,8
53,4474,126.54246,43.81725,1,1,9,12,10
53,75,126.56563,43.81312,14,1,9,22,9
129,2688,126.52025,43.81036,1,1,9,2,11
53,1103,126.57038,43.83086,14,1,7,4,10
53,1087,126.57875,43.82739,1,1,6,17,10
31,435,126.55278,43.87221,1,1,8,1,7
31,435,126.54995,43.86137,1,1,6,13,8
31,949,126.59292,43.85441,14,1,9,2,7
53,4474,126.54888,43.81839,1,1,9,20,8
129,2688,126.52294,43.8185,1,1,7,8,8
53,4474,126.55704,43.81602,1,1,8,14,8
129,2688,126.52529,43.82393,1,1,9,9,9
31,4849,126.56668,43.84665,7,1,7,14,8
31,435,126.56218,43.86652,1,1,9,28,8
129,2688,126.52439,43.82003,1,1,6,30,10
165,3156,126.54966,43.9069,1,1,6,18,10
165,1656,126.57035,43.92895,1,1,9,13,9
53,487,126.52022,43.8035,14,1,7,14,9
165,3156,126.54143,43.91836,14,0,5,20,10
53,4474,126.55596,43.8045,1,1,9,15,10
129,2688,126.53622,43.82926,1,1,9,24,8
165,1656,126.54476,43.91458,1,1,8,31,8
165,3156,126.55113,43.91219,1,1,7,14,9
129,2665,126.56079,43.84973,1,1,8,6,8
129,638,126.55108,43.84348,9,1,7,10,8
129,1520,126.54178,43.84533,1,1,9,22,8
129,1520,126.54895,43.8488,14,1,10,1,7
129,2925,126.52009,43.82752,1,1,9,13,9
53,487,126.59332,43.77808,14,1,7,25,8
31,435,126.5541,43.87317,1,1,9,27,8
53,75,126.57268,43.82391,1,1,9,19,8
53,487,126.52489,43.80138,1,1,8,11,9
31,949,126.58523,43.84686,1,1,7,28,7
129,2665,126.56541,43.84598,14,1,8,31,7
129,2688,126.53514,43.82932,1,1,8,28,8
31,435,126.55778,43.87107,1,1,8,2,8
31,949,126.59602,43.84494,14,1,9,30,8
53,75,126.56916,43.8204,1,1,8,9,9
53,3559,126.59219,43.81803,14,1,5,29,17
31,435,126.55883,43.85963,14,1,8,20,7
31,4849,126.52316,43.83185,1,1,9,7,8
129,2925,126.5215,43.8368,1,1,9,18,9
165,2709,126.56055,43.90828,14,1,8,11,8
165,1656,126.55349,43.90745,1,1,8,8,9
53,4474,126.5613,43.8175,14,1,8,29,9
129,2688,126.52669,43.81635,1,1,9,30,9
31,435,126.55191,43.85712,14,1,7,9,8
31,435,126.56056,43.86857,1,1,6,14,8
53,4474,126.55487,43.80246,14,1,6,17,9
53,4474,126.56072,43.81948,14,1,7,30,8
129,2925,126.51749,43.81829,1,1,8,19,9
165,3156,126.54768,43.91371,1,0,6,3,9
31,949,126.58987,43.84046,1,1,8,6,7
53,4474,126.54589,43.81102,1,1,9,2,14
31,949,126.59277,43.84827,1,1,6,18,15
53,75,126.55976,43.83346,1,1,9,2,13
53,75,126.57429,43.82261,1,1,6,4,14
53,75,126.56595,43.83066,7,1,8,25,8
53,1103,126.56672,43.82396,14,1,9,23,9
31,435,126.56072,43.87109,1,1,6,18,13
129,2688,126.50437,43.80246,1,1,6,16,8
129,2688,126.51582,43.80786,1,1,8,15,8
53,1103,126.56608,43.83214,14,1,7,30,8
53,75,126.56992,43.81959,14,1,6,15,8
31,4849,126.56729,43.84696,7,1,9,14,8
31,949,126.58781,43.837,14,1,6,6,14
31,2208,126.53902,43.87015,1,1,5,29,14
53,3559,126.56028,43.79905,1,1,5,29,9
31,435,126.55569,43.86236,14,1,8,31,8
129,638,126.55512,43.84401,14,1,6,8,9
53,4474,126.54409,43.81461,1,1,8,26,9
165,3156,126.55053,43.90412,1,1,6,29,9
31,435,126.54913,43.87226,1,0,5,16,12
129,2925,126.51926,43.82719,1,1,7,12,8
129,2665,126.54906,43.84877,14,1,8,27,7
31,4849,126.58132,43.84061,1,1,5,31,15
31,4849,126.57877,43.83815,1,1,9,25,8
129,87,126.552,43.83859,1,1,10,3,8
53,487,126.55302,43.7941,14,1,6,12,9
53,4474,126.55864,43.80806,1,1,9,12,10
31,949,126.59257,43.8395,1,1,8,12,8
129,638,126.54572,43.84276,0,1,7,13,8
53,75,126.57433,43.8226,1,1,8,29,9
53,4474,126.55486,43.8025,14,1,9,21,9
31,1558,126.55196,43.85793,14,1,10,8,8
53,1103,126.60321,43.82984,1,1,6,29,8
53,4474,126.5571,43.82018,14,1,7,26,9
129,2925,126.51213,43.83296,1,1,9,20,9
31,949,126.59255,43.83945,1,1,6,6,13
165,1656,126.57289,43.91797,14,1,7,8,9
31,435,126.55167,43.87347,1,1,6,1,13
53,75,126.56825,43.82995,14,1,9,20,8
31,435,126.55564,43.8624,14,1,8,13,7
31,949,126.59436,43.84463,14,0,10,1,8
129,2688,126.53017,43.82634,1,1,7,27,9
53,1103,126.57192,43.83169,1,1,7,20,9
129,638,126.54485,43.83737,1,1,6,7,11
53,4474,126.54265,43.81673,1,1,8,22,8
165,1656,126.56829,43.92766,14,1,8,16,10
31,4849,126.58317,43.83868,14,1,9,18,8
31,1558,126.56723,43.8396,12,1,10,12,9
165,2709,126.56803,43.89927,14,0,5,12,9
53,1103,126.56437,43.80959,4,1,7,30,13
53,1103,126.57433,43.83101,1,1,8,17,9
31,4849,126.58207,43.83987,1,1,9,10,8
129,1520,126.5427,43.84986,1,1,9,20,9
53,1103,126.5763,43.82883,1,1,7,6,9
129,638,126.54548,43.83638,1,1,6,27,10
53,4474,126.55244,43.81837,14,1,9,3,8
129,2925,126.51708,43.81879,1,1,7,8,8
31,949,126.58789,43.86066,1,1,7,15,8
129,2688,126.51408,43.80794,1,1,6,13,14
129,2925,126.52105,43.83601,1,1,9,22,8
31,4609,126.56538,43.86222,1,1,6,18,12
31,949,126.58847,43.85703,1,1,6,9,8
129,2688,126.52055,43.81614,1,1,9,17,7
31,949,126.58915,43.85992,1,1,7,28,7
31,4322,126.5488,43.88331,7,1,6,6,15
53,487,126.58304,43.78215,1,1,7,23,7
31,1558,126.54093,43.86623,1,1,9,2,11
129,2925,126.50776,43.81979,1,1,8,4,9
129,2688,126.52363,43.81663,1,1,6,28,10
53,75,126.55433,43.82537,1,1,8,21,9
129,2925,126.51786,43.83276,1,1,8,11,10
53,1103,126.56791,43.83221,14,1,8,24,10
31,435,126.55557,43.86232,14,1,9,1,8
53,4474,126.54501,43.81943,14,1,9,16,8
129,638,126.55108,43.83996,1,1,6,28,10
165,3156,126.55485,43.89971,1,1,8,4,8
53,1103,126.56712,43.80759,1,1,9,4,16
31,949,126.5892,43.86009,1,1,5,21,8
53,75,126.5538,43.82333,1,1,5,17,8
129,2925,126.51727,43.82485,14,1,6,15,9
129,2688,126.53556,43.82832,1,1,7,5,8
31,4849,126.58282,43.84184,1,1,6,27,15
31,4849,126.57654,43.84921,1,1,9,30,8
53,75,126.56574,43.82126,14,1,9,11,9
53,4474,126.55856,43.80844,1,1,7,6,8
53,1177,126.57363,43.80869,7,1,6,18,13
53,75,126.54875,43.82228,0,1,8,8,9
31,4849,126.58309,43.83868,14,1,8,17,7
53,1103,126.60488,43.82797,1,1,8,7,10
129,2688,126.53277,43.82249,1,1,8,9,9
31,4849,126.57005,43.8484,1,1,6,29,14
165,1656,126.54496,43.90506,1,1,9,8,9
129,638,126.54949,43.83779,10,1,7,8,8
165,2709,126.56611,43.91216,14,1,8,14,9
165,3156,126.55525,43.91553,14,0,6,30,10
31,949,126.59248,43.83958,1,1,6,28,9
129,2925,126.51056,43.83259,1,1,8,17,8
53,487,126.53258,43.8061,1,1,8,27,14
31,949,126.59245,43.83947,1,1,7,15,8
165,3156,126.54942,43.90755,1,1,7,29,9
53,75,126.56004,43.82528,1,1,8,14,8
129,2688,126.52396,43.81475,1,1,9,27,9
165,1656,126.53063,43.92918,14,1,5,28,9
129,638,126.55151,43.83923,14,1,7,28,8
31,949,126.58772,43.84162,14,1,9,27,8
53,75,126.55326,43.83043,1,1,8,30,8
53,487,126.54825,43.79269,14,1,7,6,8
31,949,126.59065,43.84733,1,1,6,11,15
31,949,126.58733,43.83998,14,1,8,2,8
129,2925,126.51534,43.81397,1,1,8,6,8
53,75,126.56966,43.81835,1,1,7,18,8
165,3156,126.54151,43.91801,14,1,5,18,10
165,1656,126.55493,43.90898,1,1,8,1,8
129,2925,126.52335,43.83662,1,1,6,10,9
53,487,126.53444,43.80701,14,1,9,4,8
31,949,126.59394,43.85658,14,1,7,22,7
53,4474,126.54593,43.81021,1,1,8,14,8
53,75,126.56321,43.82237,1,1,7,6,9
165,1656,126.57436,43.89548,14,1,10,15,9
165,2709,126.56215,43.89971,1,0,6,8,7
53,1103,126.57853,43.82989,1,1,6,12,9
31,949,126.58963,43.86014,1,1,6,4,16
53,75,126.56816,43.81397,1,1,9,7,8
129,2925,126.52332,43.83667,1,1,6,30,10
53,1103,126.57165,43.81251,1,1,8,19,14
165,1656,126.55588,43.90989,1,0,6,13,8
129,2665,126.55841,43.84737,14,1,8,20,8
53,75,126.57607,43.82599,1,1,8,20,15
53,1103,126.59468,43.83205,1,1,9,15,10
53,1103,126.606,43.82835,1,1,8,13,9
31,4849,126.58109,43.83879,14,1,5,19,9
129,2688,126.51615,43.82074,14,1,8,13,9
165,1656,126.56225,43.92128,14,1,7,9,8
53,1103,126.59854,43.82732,14,1,7,27,9
53,1103,126.57201,43.81217,1,1,7,9,14
31,4849,126.57178,43.84771,1,1,7,30,8
53,75,126.56575,43.81917,14,1,7,23,8
165,1656,126.55265,43.90502,1,1,7,25,9
53,1103,126.56987,43.80761,1,1,6,13,15
31,435,126.55272,43.87218,1,1,7,7,7
53,4474,126.54425,43.81667,1,1,9,9,9
31,949,126.59141,43.86148,1,1,8,30,8
129,2688,126.52301,43.8167,1,1,9,24,8
129,161,126.56624,43.85623,14,1,6,18,15
31,435,126.56191,43.86769,1,1,8,1,8
165,3156,126.54638,43.9126,1,1,8,3,9
31,4322,126.56403,43.88419,14,1,5,29,8
129,1520,126.56413,43.84542,14,1,9,5,7
53,4474,126.55475,43.81743,1,1,9,1,9
53,75,126.56348,43.82237,1,1,8,1,8
31,4849,126.57041,43.84755,1,1,7,7,7
53,4474,126.54519,43.81548,1,1,8,21,8
129,2302,126.55503,43.85091,1,1,7,13,8
129,2925,126.52226,43.83664,1,1,9,8,7
129,2665,126.54312,43.8431,1,1,8,30,7
53,4474,126.54969,43.81544,1,1,8,15,8
165,1656,126.57331,43.91806,1,1,8,27,8
31,4849,126.57384,43.84419,7,1,5,30,15
31,4849,126.58308,43.83854,14,1,6,15,8
53,1103,126.57339,43.81285,1,1,9,17,14
129,2688,126.51857,43.81157,1,1,6,15,9
31,4849,126.5837,43.84644,0,1,6,30,9
129,2925,126.51628,43.81639,1,1,8,7,9
53,487,126.55445,43.7874,14,1,8,27,8
31,949,126.58756,43.84325,1,1,9,21,9
129,2925,126.51376,43.81512,1,1,7,23,8
53,75,126.56383,43.81703,1,1,8,11,9
31,435,126.55799,43.86627,14,1,7,24,8
31,435,126.55083,43.86008,1,1,6,27,13
129,2925,126.51801,43.81998,1,1,9,15,8
53,75,126.56892,43.81412,1,1,8,6,8
129,2688,126.52934,43.81961,1,1,6,18,14
129,2925,126.51755,43.82081,1,1,9,19,8
31,4849,126.57605,43.84769,1,1,9,5,8
129,2688,126.53263,43.82474,1,1,8,28,7
53,75,126.56128,43.82528,10,1,8,28,8
53,75,126.54626,43.82275,1,1,9,24,8
129,2688,126.50424,43.80191,1,1,7,25,8
129,2688,126.51483,43.80896,1,1,9,29,8
129,2925,126.51324,43.81388,1,1,9,10,8
31,4849,126.57359,43.84454,7,1,9,11,9
31,949,126.59124,43.8555,14,1,8,30,8
129,2688,126.53257,43.8247,1,1,9,7,7
129,2925,126.51995,43.82743,1,1,8,26,7
129,638,126.55909,43.84356,1,1,7,6,9
31,4849,126.568,43.8395,13,1,9,7,8
129,2688,126.52744,43.82658,1,1,7,31,13
53,1103,126.56971,43.80376,1,1,9,8,15
129,2688,126.52013,43.81572,1,1,8,16,8
129,1520,126.55039,43.84915,14,1,9,26,8
31,4322,126.54777,43.88457,1,1,6,18,13
129,2665,126.56188,43.85719,1,1,8,8,8
31,435,126.55493,43.87312,1,0,5,24,12
31,4849,126.57516,43.83931,1,1,8,20,8
31,949,126.5958,43.8418,1,1,8,21,8
129,2688,126.52819,43.82677,1,1,6,8,14
31,435,126.55669,43.86046,1,1,9,28,8
53,1103,126.57501,43.82782,1,1,6,10,9
31,4849,126.57582,43.83902,1,1,6,7,8
129,2688,126.52143,43.81213,1,1,8,9,9
31,1558,126.5499,43.86904,1,1,10,15,14
165,3156,126.54914,43.90678,1,1,7,15,9
31,949,126.5908,43.84895,1,1,9,19,7
129,2925,126.51654,43.81453,1,1,8,13,9
31,435,126.54892,43.87318,1,1,7,4,7
53,75,126.56511,43.82566,1,1,9,27,8
31,4849,126.57398,43.857,0,1,6,7,14
53,1103,126.57207,43.83109,14,1,8,31,8
129,2688,126.52292,43.8151,1,1,6,17,18
31,4849,126.5693,43.84333,14,1,8,28,11
31,949,126.58977,43.85845,1,1,8,29,8
129,2688,126.52142,43.8122,1,1,7,6,8
53,75,126.56477,43.82767,14,1,9,16,8
129,2925,126.51609,43.81761,1,1,6,28,11
53,1103,126.59876,43.83374,1,1,8,25,9
129,161,126.55501,43.85423,1,1,6,16,9
53,4474,126.54405,43.81443,1,1,9,29,8
31,4849,126.57434,43.83969,1,1,6,9,9
129,2688,126.51681,43.81175,1,1,8,14,8
31,435,126.55931,43.87006,1,1,6,12,8
31,435,126.55938,43.87084,1,1,9,17,8
129,2688,126.51884,43.81739,14,1,8,30,13
31,949,126.58799,43.86342,1,1,5,18,8
53,1103,126.59125,43.82977,1,1,6,19,10
31,949,126.59321,43.83971,1,1,9,3,8
31,4849,126.57134,43.84298,1,1,5,16,9
31,949,126.58962,43.8511,1,1,8,24,8
31,949,126.58825,43.83975,14,1,9,26,7
129,2688,126.52409,43.81469,1,1,6,12,9
129,2688,126.51581,43.80797,1,1,6,11,9
129,2688,126.51662,43.82189,14,1,7,15,14
31,435,126.55041,43.86118,1,1,9,28,8
165,3156,126.55376,43.91917,14,1,8,14,9
53,1103,126.56738,43.83139,14,1,8,3,9
53,487,126.53534,43.80582,1,1,6,30,12
53,4474,126.55747,43.80089,1,1,8,26,9
53,1103,126.57211,43.83082,14,1,9,4,12
129,1520,126.56512,43.84642,7,1,9,14,8
31,435,126.56495,43.86025,1,1,6,14,7
53,75,126.57332,43.82151,1,1,8,8,18
53,1103,126.57768,43.82867,1,1,8,20,9
165,2709,126.56677,43.90682,14,0,6,10,7
129,2925,126.51283,43.81391,1,1,6,14,9
129,2925,126.51516,43.81677,1,1,6,16,8
165,1656,126.5706,43.92879,1,0,6,27,10
53,4474,126.54555,43.8153,1,1,9,26,8
53,4474,126.54339,43.8195,1,1,9,9,14
53,75,126.54993,43.82707,1,1,7,5,8
53,75,126.56729,43.82316,1,1,6,30,8
129,2945,126.52163,43.82454,1,1,10,1,8
129,638,126.55804,43.84437,14,1,8,3,9
53,1103,126.57127,43.81215,1,1,6,11,16
129,3458,126.53272,43.8309,1,1,6,3,15
165,3156,126.55544,43.91741,14,1,6,29,9
53,1103,126.5778,43.82873,1,1,9,4,12
53,4474,126.55663,43.81058,14,1,9,19,9
53,1756,126.5884,43.82349,14,1,6,1,15
53,75,126.56776,43.82571,1,1,8,3,8
31,4849,126.58372,43.84647,0,1,9,3,8
165,3156,126.55635,43.91457,1,1,5,20,10
31,435,126.55551,43.86023,1,1,7,22,10
53,75,126.55033,43.82541,1,1,8,9,9
31,949,126.59306,43.86203,1,1,7,25,7
129,638,126.56092,43.84073,1,1,7,17,9
31,949,126.593,43.86192,1,1,7,27,8
165,3156,126.55376,43.89971,14,1,8,17,9
31,4849,126.57397,43.83919,1,1,9,7,8
31,949,126.58978,43.84046,1,1,6,1,13
53,487,126.59192,43.77699,14,1,8,16,9
129,1520,126.55243,43.84957,14,1,9,1,7
31,435,126.55921,43.85773,14,1,9,28,8
165,3156,126.54708,43.91094,1,1,7,15,9
31,949,126.59237,43.84143,1,1,7,6,10
31,4849,126.57983,43.84553,14,1,8,29,13
129,3458,126.56571,43.85555,14,1,6,27,9
129,3458,126.50932,43.8118,1,1,6,3,14
31,1558,126.54164,43.86358,1,0,9,8,12
53,1103,126.57568,43.83054,1,1,8,19,10
31,4849,126.57597,43.84144,1,1,8,17,7
31,949,126.59384,43.84015,1,1,8,28,8
129,2688,126.52127,43.82488,1,1,8,23,9
165,1656,126.56903,43.92983,1,1,8,18,8
53,4474,126.55692,43.81607,1,1,7,30,8
31,949,126.58863,43.85497,14,1,9,23,7
53,4474,126.55752,43.80077,1,1,8,27,8
53,75,126.57019,43.82425,1,1,9,30,8
165,3156,126.55788,43.91241,14,1,8,14,9
129,2925,126.5242,43.83761,1,1,7,21,8
165,1656,126.54617,43.90678,14,1,8,6,12
53,75,126.56637,43.82699,14,1,8,30,8
31,949,126.59108,43.86235,1,0,10,1,7
31,949,126.59718,43.84634,14,1,5,24,14
129,1520,126.54488,43.84909,1,1,9,1,7
129,638,126.55247,43.8432,7,1,7,30,10
129,638,126.54389,43.84177,10,1,7,27,10
53,487,126.53689,43.807,1,1,8,18,8
165,3156,126.55073,43.91235,1,1,8,9,9
53,979,126.55555,43.80734,1,1,6,3,7
53,75,126.5699,43.8193,14,1,5,29,15
129,1520,126.53674,43.84829,1,1,9,14,8
129,1520,126.55339,43.84638,1,1,10,15,8
129,1520,126.55431,43.84602,14,1,9,18,9
53,4474,126.552,43.80408,1,1,6,19,13
129,161,126.54673,43.84886,14,1,6,15,10
129,1520,126.54403,43.85038,1,1,10,13,8
129,2688,126.52259,43.82658,1,1,6,15,9
165,1656,126.56858,43.90247,1,1,5,28,15
53,4474,126.56165,43.81931,3,1,8,28,8
53,1103,126.56551,43.82512,14,1,9,3,14
129,1520,126.55496,43.85418,1,1,9,3,7
53,4474,126.54615,43.81714,14,1,9,8,9
31,949,126.58977,43.84046,1,1,7,19,7
165,2709,126.56177,43.91611,14,1,8,2,8
31,949,126.59248,43.85607,14,1,9,13,7
53,75,126.56417,43.82449,12,1,6,19,14
53,487,126.59344,43.77807,14,1,8,4,11
129,638,126.56168,43.84019,1,1,6,27,10
165,3156,126.54998,43.9105,14,1,6,13,15
31,435,126.5496,43.87302,1,1,9,16,8
53,1103,126.56717,43.83243,14,1,9,21,9
31,949,126.5935,43.84173,14,1,8,8,8
129,638,126.55439,43.84128,1,1,7,21,9
53,487,126.54766,43.79306,14,1,9,26,8
53,75,126.56833,43.82302,1,1,7,6,8
165,3156,126.54859,43.90074,1,1,8,11,9
53,75,126.576,43.82396,1,1,9,8,9
31,435,126.5537,43.87108,1,1,9,30,8
31,949,126.58692,43.8486,1,1,8,3,7
129,2688,126.51571,43.8097,1,1,6,30,9
31,435,126.55027,43.87447,1,1,9,14,7
53,487,126.54253,43.79685,14,1,8,18,8
129,2665,126.56217,43.8546,1,1,8,24,8
53,75,126.56305,43.83198,14,1,7,27,8
53,75,126.57444,43.82065,14,1,8,29,9
31,4849,126.58245,43.84002,1,1,5,31,9
129,2688,126.51618,43.8087,1,1,9,10,8
129,588,126.53727,43.83379,1,1,9,26,15
31,949,126.59324,43.85478,14,1,8,26,8
53,1103,126.57289,43.80798,1,1,8,15,13
53,1103,126.5873,43.82903,1,1,9,16,9
53,487,126.59375,43.77903,14,1,9,14,9
53,1103,126.60409,43.82873,1,1,9,10,9
129,2925,126.51527,43.81385,1,1,6,10,9
31,2208,126.54255,43.87201,14,1,6,1,11
31,949,126.5884,43.86002,1,1,6,7,14
129,2925,126.51528,43.81384,1,1,8,9,9
53,75,126.57067,43.82288,14,1,7,23,8
53,487,126.52938,43.805,14,1,6,27,18
31,4849,126.57204,43.83898,1,1,5,17,8
129,2665,126.54195,43.84819,1,1,8,15,8
31,4849,126.57318,43.84424,7,1,7,9,8
53,1103,126.57088,43.80641,1,1,9,22,13
53,75,126.56542,43.82667,14,1,8,12,9
129,1520,126.54067,43.85001,1,1,9,8,7
31,4849,126.57757,43.84346,1,1,8,18,7
31,435,126.55177,43.87032,1,1,9,24,11
31,1558,126.54215,43.86441,1,1,9,2,11
53,75,126.54815,43.8289,1,1,8,21,8
129,638,126.54476,43.83745,1,1,7,4,10
53,4474,126.54355,43.81685,1,1,8,10,8
53,4474,126.5577,43.80861,1,1,8,30,8
31,949,126.58646,43.85974,1,1,9,24,8
53,1756,126.58474,43.82332,1,1,6,7,10
129,638,126.54077,43.834,14,1,7,15,8
53,75,126.5715,43.82258,1,1,8,11,9
129,2688,126.51577,43.80664,1,1,9,21,7
53,1103,126.57259,43.82994,3,1,7,3,8
31,435,126.5711,43.86298,14,1,7,30,8
129,2688,126.52023,43.8085,1,1,9,8,7
53,75,126.57438,43.82022,14,1,6,15,8
165,1656,126.5545,43.9343,14,1,6,28,8
165,1656,126.56603,43.92846,14,1,6,29,9
31,4849,126.57344,43.83811,0,1,10,1,7
129,638,126.54618,43.83731,1,1,7,28,8
53,75,126.54809,43.82458,1,1,9,1,9
53,4474,126.54743,43.81304,1,1,9,24,8
165,1656,126.55307,43.91188,1,1,8,21,14
31,949,126.59301,43.86205,1,1,7,17,8
31,949,126.58686,43.86213,1,1,6,19,8
53,75,126.55494,43.82133,10,1,7,28,8
129,2688,126.51513,43.81948,14,1,6,28,16
53,75,126.5744,43.82843,1,1,5,30,9
31,949,126.59494,43.85369,1,1,7,26,7
53,75,126.54835,43.82782,1,1,7,13,8
129,1520,126.55867,43.85,1,1,10,11,8
53,75,126.55324,43.8305,1,1,8,6,8
129,2688,126.512,43.81745,1,1,7,27,10
53,1103,126.56949,43.80592,1,1,7,4,14
129,2688,126.53075,43.82132,1,1,8,27,7
31,435,126.56183,43.86757,1,1,6,19,15
53,75,126.57766,43.82115,1,1,6,12,8
53,1103,126.57086,43.8065,1,1,9,8,15
31,949,126.59379,43.84848,1,1,6,14,8
53,75,126.57379,43.82665,1,1,8,8,10
53,75,126.57107,43.81961,14,1,9,6,9
129,2688,126.52736,43.82709,1,1,9,7,7
31,4849,126.5688,43.83917,13,1,6,6,8
129,1520,126.56081,43.85323,1,1,9,27,9
31,4849,126.58111,43.84348,1,1,8,2,11
31,4849,126.58029,43.83968,1,1,7,5,7
31,435,126.57686,43.86944,1,1,9,3,14
31,4849,126.56728,43.84689,7,1,7,3,8
129,87,126.54679,43.8372,1,1,10,5,8
165,3156,126.54974,43.90642,1,0,5,27,10
53,1103,126.59782,43.82797,14,1,5,30,13
53,1103,126.57223,43.83091,14,1,7,5,9
129,2688,126.51974,43.82027,1,1,6,14,9
129,2925,126.51502,43.81203,1,1,7,28,8
31,4849,126.58459,43.83915,1,1,9,24,9
31,949,126.58835,43.84372,1,1,9,12,8
129,2688,126.51232,43.80771,1,1,6,28,16
53,1103,126.56688,43.83249,14,1,7,30,8
129,2688,126.52478,43.82349,1,1,9,24,8
53,4474,126.54445,43.81644,1,1,8,16,8
31,435,126.55283,43.87212,1,1,6,14,14
129,638,126.54415,43.84446,14,1,7,10,8
129,2925,126.5087,43.82132,1,1,8,7,9
31,4849,126.57521,43.8417,1,1,8,19,8
31,4849,126.56708,43.8479,7,1,5,30,15
53,75,126.56359,43.81706,1,1,6,14,8
53,75,126.56904,43.81661,1,1,9,2,8
31,4849,126.57075,43.84218,1,1,7,22,7
53,75,126.56793,43.82085,1,1,6,19,14
129,2665,126.55824,43.84508,14,1,8,19,8
129,2688,126.53309,43.8255,1,1,6,12,16
31,949,126.54756,43.86891,1,1,5,16,13
165,3156,126.54597,43.90896,1,0,6,19,10
129,2665,126.56448,43.84868,7,1,8,6,8
53,487,126.52761,43.79992,14,1,8,20,8
31,435,126.56411,43.86017,1,1,9,9,8
165,1656,126.54983,43.90852,14,1,8,28,8
129,1520,126.56083,43.84571,14,1,9,24,8
31,949,126.59118,43.84928,1,1,5,17,8
165,1656,126.56495,43.92749,14,1,7,18,8
53,1103,126.60294,43.83273,14,1,8,28,9
31,4849,126.57951,43.8422,1,1,7,17,8
53,487,126.5475,43.79489,14,1,9,1,8
129,2688,126.5163,43.8071,1,1,7,31,13
31,4849,126.56821,43.84016,13,1,9,5,8
165,2709,126.56711,43.89894,14,1,5,17,9
165,1656,126.55464,43.91017,14,1,9,6,18
165,3156,126.5465,43.90744,1,1,8,13,9
31,3073,126.549,43.86929,1,1,5,30,13
165,1656,126.54383,43.9169,14,1,9,22,9
129,2925,126.51827,43.83186,1,1,6,13,10
31,949,126.58928,43.84964,1,1,5,30,14
165,1656,126.5504,43.90925,14,1,9,6,9
53,1756,126.5897,43.82245,1,1,6,17,9
165,1656,126.57092,43.93577,14,1,7,23,8
31,4849,126.57515,43.84615,14,1,7,22,7
31,4849,126.57022,43.84878,1,1,7,13,7
31,949,126.5919,43.83979,1,1,8,10,7
53,487,126.58502,43.78228,1,1,8,23,8
165,3156,126.54598,43.91132,1,1,5,14,10
53,487,126.52321,43.80004,1,1,10,2,8
165,1656,126.55719,43.9111,3,1,9,25,9
165,290,126.54839,43.91488,1,1,9,12,9
129,638,126.5602,43.84761,14,1,7,19,9
31,4849,126.56936,43.85136,7,1,7,24,7
53,75,126.57162,43.82852,1,1,6,14,8
129,2688,126.51309,43.81295,1,1,9,23,15
165,3156,126.54812,43.91203,1,1,6,18,9
165,2709,126.56187,43.90822,14,1,5,18,9
53,4474,126.54769,43.81434,14,1,9,7,8
165,3156,126.55324,43.90678,1,1,7,26,9
53,75,126.56258,43.82708,1,1,7,21,8
129,1520,126.54593,43.85044,14,1,9,8,7
53,1103,126.57232,43.81139,1,1,7,12,12
165,1656,126.55558,43.9121,14,1,8,24,9
53,1103,126.57076,43.83111,14,1,9,18,9
53,4474,126.54579,43.80985,1,1,7,23,7
31,949,126.58846,43.84767,1,0,10,1,7
53,979,126.55108,43.80451,1,1,6,8,13
53,4474,126.54526,43.81596,1,1,7,28,8
53,1103,126.57363,43.8312,1,1,9,1,9
129,2688,126.51932,43.81005,1,1,8,2,9
31,4849,126.57877,43.84346,1,1,9,30,8
129,2925,126.51393,43.81402,1,1,8,13,8
129,1520,126.54378,43.84488,14,1,9,1,7
165,1656,126.54439,43.91703,14,1,9,6,9
129,2925,126.51059,43.82167,1,1,8,6,9
53,75,126.56587,43.83055,7,1,9,10,7
129,1520,126.55356,43.8473,14,1,9,21,7
165,1656,126.68277,44.22334,14,1,5,20,11
53,75,126.5483,43.8279,1,1,7,10,8
31,4849,126.57534,43.84234,1,1,7,14,8
53,1103,126.58026,43.82794,1,1,6,7,10
53,75,126.57049,43.82647,1,1,8,3,8
129,2688,126.53317,43.82663,1,1,7,1,8
129,638,126.55631,43.8418,1,1,7,24,8
31,4322,126.56407,43.88214,14,1,5,31,16
31,949,126.59195,43.83971,1,1,9,14,7
53,487,126.54827,43.79264,14,1,8,16,9
165,1656,126.55114,43.90936,1,1,5,18,11
129,2925,126.51224,43.83322,1,1,6,4,11
53,1103,126.57286,43.80976,1,1,6,10,15
129,2925,126.51866,43.83251,1,1,7,15,8
165,1656,126.55308,43.90922,1,1,7,30,9
129,2925,126.51512,43.81128,1,1,6,3,9
53,3559,126.57761,43.79268,1,1,5,30,20
31,1558,126.58697,43.85407,1,1,10,10,9
129,2688,126.5201,43.81908,1,1,9,10,15
53,1103,126.56608,43.83217,14,1,8,1,9
53,1103,126.57208,43.83118,14,1,8,28,9
31,4849,126.56951,43.845,1,1,8,5,7
165,3156,126.55221,43.90964,1,1,7,15,9
129,2688,126.52463,43.81623,1,1,8,29,8
129,638,126.54858,43.83922,14,1,7,13,9
129,2688,126.53008,43.82723,1,1,8,2,9
165,1656,126.57159,43.92806,14,1,9,17,15
129,2688,126.51564,43.80673,1,1,8,1,8
53,1103,126.57622,43.82738,1,1,7,11,9
53,4474,126.54695,43.81056,1,1,9,2,14
31,435,126.55629,43.86455,7,1,8,4,8
129,638,126.5491,43.84301,1,1,7,25,8
129,638,126.5532,43.841,1,1,6,29,9
31,4849,126.57148,43.84824,1,1,8,11,15
31,949,126.58788,43.85932,1,1,6,29,9
31,4849,126.58111,43.84447,1,1,6,26,9
53,75,126.56738,43.82268,4,1,9,11,9
129,2925,126.51796,43.82669,1,1,9,8,7
31,435,126.55374,43.87095,1,1,9,13,7
31,435,126.56531,43.86198,1,1,8,21,7
31,4849,126.56962,43.84903,14,1,7,6,7
31,4849,126.56974,43.83958,14,1,7,7,7
129,2688,126.5244,43.82005,1,1,6,18,14
129,3853,126.46983,43.94751,3,1,6,8,15
31,949,126.59249,43.84212,1,1,6,19,13
31,4849,126.57347,43.83972,1,1,7,3,8
31,4849,126.57471,43.83765,0,1,7,14,7
53,1103,126.57193,43.83115,14,1,8,29,9
53,487,126.52519,43.80356,1,1,8,29,9
31,949,126.59104,43.84891,1,1,10,2,8
129,2688,126.51765,43.81236,1,1,7,25,8
53,75,126.56776,43.83022,1,1,6,3,7
53,1103,126.57959,43.82939,1,1,9,19,9
31,4849,126.57229,43.83965,1,1,5,31,15
53,1103,126.57574,43.82877,1,1,6,12,9
53,1103,126.56977,43.8322,1,1,7,21,8
129,2688,126.52037,43.81914,1,1,9,4,16
53,1103,126.56735,43.83258,14,1,9,19,9
129,161,126.5217,43.82583,1,1,6,9,9
129,1520,126.55997,43.85354,1,1,10,1,7
31,949,126.59331,43.83983,1,1,7,30,13
53,75,126.57528,43.82383,1,1,9,7,8
129,2688,126.5144,43.80889,1,1,9,1,7
129,2688,126.51795,43.81277,1,1,6,6,17
53,75,126.57035,43.82188,14,1,7,6,9
53,4474,126.55034,43.8199,14,1,8,3,9
31,4849,126.57829,43.84233,1,1,6,27,15
129,2665,126.56213,43.85676,1,1,8,8,8
129,1520,126.54167,43.84608,1,1,9,20,9
31,949,126.59174,43.84694,1,1,7,26,11
53,75,126.56604,43.82675,14,1,8,1,8
31,4849,126.57134,43.85197,14,1,8,26,9
165,1656,126.5634,43.9215,1,1,7,6,9
31,4849,126.57362,43.84229,14,1,6,18,14
53,3559,126.57345,43.79351,1,1,5,30,18
129,2688,126.52622,43.82027,1,1,9,22,8
53,75,126.57208,43.82652,14,1,7,16,8
31,4849,126.56713,43.84693,7,1,8,15,13
53,75,126.55427,43.82393,1,1,7,11,7
53,1103,126.57243,43.80706,1,1,7,25,13
31,4849,126.56743,43.84394,14,1,6,15,8
129,2925,126.51713,43.83303,1,1,6,4,11
129,638,126.54526,43.83674,1,1,6,27,10
129,2688,126.52021,43.80844,1,1,9,25,8
165,1656,126.57367,43.91239,14,1,7,28,8
53,75,126.57171,43.82077,1,1,7,25,8
31,4849,126.5727,43.84705,14,1,6,12,9
31,949,126.58758,43.84418,14,1,5,29,7
129,2688,126.51652,43.809,1,1,8,21,8
53,1103,126.56698,43.83263,14,1,8,13,9
53,4474,126.55933,43.81722,1,1,9,23,13
53,1103,126.56768,43.80783,1,1,8,3,14
53,1103,126.57165,43.80915,1,1,6,14,15
31,435,126.55051,43.86108,1,1,7,20,7
129,2925,126.5115,43.83297,1,1,9,12,7
31,4849,126.56743,43.85071,14,1,7,18,7
31,4849,126.5761,43.84761,1,1,6,7,14
129,2665,126.54857,43.84732,1,1,8,30,7
53,487,126.55143,43.79314,14,1,5,30,9
165,1656,126.55554,43.9338,14,1,9,5,9
53,1103,126.57267,43.83141,1,1,8,12,9
53,75,126.57744,43.82554,1,1,8,26,9
165,1656,126.55887,43.91402,14,1,6,14,9
53,1103,126.57646,43.82639,1,1,6,4,16
53,75,126.57642,43.82127,1,1,9,20,8
53,75,126.57668,43.82516,1,1,8,23,9
129,2302,126.55595,43.84608,14,1,7,12,8
165,1656,126.54641,43.90775,1,1,10,10,8
129,638,126.55443,43.84373,14,1,7,25,9
31,949,126.59325,43.83984,1,1,8,11,8
53,75,126.55605,43.82399,10,1,7,20,8
31,2208,126.53906,43.87027,1,1,5,24,11
129,638,126.5456,43.83696,1,1,7,19,9
53,3559,126.60053,43.82596,14,1,5,30,8
165,3156,126.55064,43.90266,14,1,8,4,8
31,1558,126.58708,43.88299,14,1,10,11,16
31,4322,126.54188,43.87762,14,1,6,18,17
31,949,126.59374,43.83972,1,1,5,25,14
31,435,126.56651,43.87201,1,1,6,1,18
53,487,126.52987,43.8053,14,1,9,14,8
129,2688,126.53192,43.82129,1,1,9,15,8
53,4474,126.54273,43.8182,1,1,6,27,14
31,4849,126.5697,43.85213,14,1,7,25,7
31,949,126.58886,43.83754,10,1,6,7,8
53,1103,126.60495,43.82894,1,1,10,2,10
31,435,126.54868,43.87197,1,1,7,8,8
31,949,126.58707,43.8638,1,1,9,5,8
31,4849,126.57556,43.84893,1,1,8,23,9
31,4849,126.57549,43.84508,1,1,7,17,8
53,75,126.56556,43.82618,1,1,8,8,10
31,4849,126.57847,43.84147,1,1,8,10,7
53,487,126.54953,43.79253,14,1,6,27,10
31,4849,126.57225,43.84328,1,1,6,15,8
129,2688,126.52385,43.81508,1,1,8,22,9
53,487,126.52369,43.80012,1,1,6,8,19
53,487,126.53628,43.80648,1,1,7,31,8
53,75,126.5506,43.83069,1,1,7,5,8
53,1103,126.57085,43.8065,1,1,8,25,14
129,2665,126.56123,43.85217,14,1,8,8,8
31,949,126.59414,43.85918,1,1,9,19,7
129,2688,126.52739,43.82701,1,1,5,31,19
31,949,126.58775,43.84229,1,1,6,12,12
165,1656,126.56665,43.92786,14,1,8,11,8
53,487,126.54596,43.79295,14,1,10,1,8
31,949,126.58762,43.85881,1,1,8,26,8
129,2925,126.51646,43.82021,14,1,6,13,9
53,75,126.57509,43.82781,1,1,9,17,7
53,1103,126.5698,43.80376,1,1,8,17,13
31,4849,126.57528,43.84245,1,1,7,2,8
129,2688,126.52733,43.82394,1,1,7,12,8
53,2452,126.5524,43.7879,14,1,6,1,13
31,4849,126.5787,43.84256,1,1,7,18,7
31,435,126.55286,43.8722,1,1,7,25,7
53,75,126.54829,43.82894,1,1,8,2,8
53,1103,126.57751,43.82264,1,1,6,4,9
165,3156,126.58457,43.89524,14,1,7,14,9
31,949,126.59002,43.83936,1,1,5,31,16
53,1103,126.57639,43.82849,1,1,8,2,10
129,2688,126.52185,43.81504,1,1,7,23,8
53,4474,126.54969,43.82016,1,1,8,19,9
31,4849,126.57059,43.85229,14,1,7,14,8
31,1558,126.57232,43.88035,14,1,9,9,7
53,1103,126.57132,43.8131,1,1,9,10,14
31,435,126.56224,43.8639,1,1,9,23,7
53,1103,126.58098,43.82833,1,1,8,13,9
129,2925,126.52162,43.83692,1,1,7,9,8
31,949,126.59235,43.84612,4,1,6,28,13
165,3156,126.5483,43.90057,1,1,6,26,9
129,161,126.55842,43.84739,14,1,6,12,10
129,2688,126.53131,43.82845,14,1,8,7,9
129,2925,126.51866,43.83251,1,1,8,30,7
31,4849,126.57418,43.85189,14,1,9,13,7
53,4474,126.55832,43.81435,0,1,7,22,8
53,487,126.54765,43.79317,14,1,8,22,9
53,487,126.54151,43.79285,14,1,9,21,9
129,1520,126.54888,43.84487,14,1,10,6,8
165,1656,126.54584,43.91135,1,1,8,23,9
129,638,126.55825,43.84079,1,1,7,8,8
129,2302,126.56376,43.85659,14,1,7,13,8
31,4849,126.57442,43.83891,1,1,5,21,9
165,1656,126.55419,43.95872,14,1,7,28,8
31,4322,126.54797,43.87541,1,1,5,29,13
129,2688,126.52469,43.82328,1,1,8,17,8
31,949,126.59419,43.8631,14,1,7,22,7
31,4849,126.56677,43.84324,0,1,8,23,9
53,854,126.59038,43.78956,14,1,6,18,13
53,854,126.56021,43.79914,1,1,6,19,15
31,949,126.59053,43.84935,14,1,6,27,8
53,75,126.57478,43.82409,1,1,9,27,8
129,1520,126.5633,43.84924,0,1,9,6,7
31,435,126.55716,43.87102,1,1,5,28,12
31,4849,126.57494,43.85594,14,1,9,9,8
53,487,126.59203,43.77698,14,1,8,31,8
31,435,126.55185,43.85717,14,1,7,7,7
53,487,126.52322,43.80129,1,1,8,12,9
53,75,126.56853,43.83108,14,1,8,13,9
165,3156,126.55227,43.91026,1,1,8,11,9
31,4849,126.57412,43.8423,14,1,7,14,8
53,3559,126.59328,43.81807,14,1,5,29,17
129,2925,126.51539,43.8139,1,1,8,20,9
53,75,126.55327,43.8305,1,1,7,29,8
129,2688,126.52293,43.82523,1,1,7,1,8
129,2925,126.51681,43.81943,14,1,8,30,7
129,1520,126.56002,43.85354,1,1,10,10,9
53,1103,126.60499,43.82806,1,1,9,2,8
53,75,126.56327,43.82237,1,1,9,21,9
129,2665,126.53741,43.84748,1,1,8,17,8
129,2925,126.52324,43.83663,1,1,7,16,9
31,4849,126.5729,43.83913,1,1,9,11,16
129,1520,126.56581,43.85701,1,1,10,6,8
129,638,126.54432,43.83863,14,1,6,8,9
31,435,126.55401,43.87311,1,1,6,1,13
31,4849,126.58211,43.83984,1,1,8,9,8
129,2688,126.51657,43.80897,1,1,9,11,8
53,4474,126.55986,43.81998,14,1,7,10,8
129,638,126.55743,43.8413,1,1,6,12,9
53,1103,126.57054,43.80354,14,1,7,8,12
165,1656,126.55673,43.90911,1,1,5,22,9
165,3156,126.54839,43.90698,1,1,8,10,11
31,4849,126.56677,43.84396,14,1,9,1,9
53,1103,126.57884,43.8274,1,1,7,21,8
53,75,126.57057,43.82316,14,1,5,29,8
53,487,126.58219,43.78294,1,1,6,16,9
165,3156,126.54456,43.914,1,0,6,13,8
53,75,126.57322,43.82145,1,1,9,30,8
129,638,126.54648,43.84497,14,1,7,7,9
165,1656,126.56083,43.91522,14,1,6,18,17
31,4849,126.57587,43.84402,1,1,8,15,8
129,2688,126.53271,43.8225,1,1,8,10,13
53,487,126.52719,43.80575,14,1,6,11,13
31,949,126.58736,43.84631,1,1,9,29,8
31,435,126.56497,43.86213,1,1,9,23,7
165,1656,126.5751,43.9302,1,1,10,26,8
53,75,126.5555,43.83304,1,1,10,2,8
129,1520,126.54656,43.84757,4,1,9,16,9
165,3156,126.55436,43.91056,14,1,7,6,9
53,487,126.52568,43.79981,14,1,8,24,8
31,949,126.59083,43.85147,1,1,9,20,8
165,1656,126.57181,43.91936,14,0,7,1,8
129,1520,126.54139,43.84854,1,1,9,5,7
165,1656,126.60392,43.87102,1,1,10,6,8
53,1103,126.57101,43.8074,1,1,9,26,13
53,1103,126.56702,43.80719,1,1,9,24,13
129,87,126.56039,43.84078,1,1,10,15,10
165,1656,126.5604,44.00287,14,1,8,20,17
165,2709,126.56062,43.90616,1,0,6,10,7
31,435,126.56002,43.86706,14,1,9,23,7
53,75,126.54731,43.82336,14,1,7,15,8
129,2688,126.51693,43.81241,1,1,8,22,9
53,487,126.55059,43.77783,14,1,7,6,8
31,949,126.59297,43.8628,1,1,7,14,8
53,1103,126.57035,43.81047,1,1,7,16,13
31,4849,126.57959,43.84545,14,1,5,16,9
165,3156,126.54633,43.91616,1,0,5,27,10
53,487,126.57945,43.78444,14,1,7,3,8
129,638,126.55425,43.84453,14,1,7,21,8
129,638,126.5564,43.8418,1,1,8,2,9
129,2925,126.5179,43.82587,1,1,8,10,13
129,638,126.56379,43.85657,14,1,6,29,14
165,1656,126.56601,43.92837,14,0,7,20,8
53,75,126.56768,43.83027,1,1,7,17,8
129,2925,126.5191,43.82889,1,1,9,25,8
31,435,126.57458,43.871,1,1,6,18,17
129,638,126.54567,43.83692,1,1,7,15,8
53,75,126.56566,43.82525,14,1,7,28,8
53,75,126.56055,43.82315,10,1,5,16,8
53,75,126.56848,43.81463,1,1,6,28,13
165,1656,126.5621,43.90987,0,1,7,28,8
129,638,126.54481,43.83737,1,1,7,26,9
129,2688,126.53206,43.82134,1,1,9,9,9
53,487,126.53698,43.805,14,1,6,18,19
53,75,126.56337,43.82293,1,1,8,24,9
31,949,126.59099,43.84127,1,1,7,2,8
31,435,126.56207,43.8693,1,1,8,8,8
165,1656,126.564,43.92926,14,1,8,18,8
129,2925,126.51302,43.814,1,1,9,16,9
53,4474,126.54471,43.81761,1,1,9,26,8
53,4474,126.55758,43.81285,1,1,8,14,8
53,75,126.57597,43.82593,1,1,7,13,8
129,1520,126.54196,43.8418,14,1,9,4,9
53,1103,126.59829,43.83412,1,1,9,9,10
129,2925,126.51786,43.83104,1,1,7,25,8
31,4322,126.54789,43.87546,1,1,6,18,13
53,1103,126.57131,43.83095,14,1,5,30,13
129,1520,126.53894,43.84025,14,1,9,3,7
31,4849,126.57476,43.84217,14,1,6,10,9
53,4474,126.55541,43.80281,1,1,9,29,8
31,949,126.59229,43.84765,1,1,8,9,7
129,2688,126.52904,43.82017,1,1,9,19,8
53,75,126.57585,43.82507,1,1,7,4,9
53,75,126.56805,43.82373,1,1,7,2,8
129,2688,126.5249,43.81392,1,1,8,26,10
53,4474,126.5478,43.81745,1,1,9,27,8
129,1520,126.56539,43.85429,14,1,9,15,8
53,75,126.57237,43.8222,1,1,6,15,8
129,87,126.54729,43.83953,14,1,10,13,8
53,75,126.57893,43.82508,14,1,8,16,9
165,1656,126.48932,44.16763,14,1,6,26,11
31,4849,126.58178,43.83683,10,1,6,8,9
31,4849,126.56899,43.84186,14,1,7,26,7
129,2925,126.51918,43.82661,1,1,7,25,9
31,949,126.59101,43.85297,1,1,9,27,8
165,1656,126.56697,43.92004,14,0,7,4,9
53,75,126.55328,43.82982,1,1,8,23,8
31,152,126.56713,43.8838,14,1,6,6,12
31,4849,126.58134,43.84329,1,1,6,15,8
53,4474,126.55199,43.80405,1,1,6,28,9
53,1103,126.56916,43.80882,1,1,6,18,14
31,949,126.58806,43.8447,14,1,5,20,8
53,1756,126.58637,43.82363,1,1,6,19,14
129,2688,126.52933,43.82561,1,1,8,10,12
129,3458,126.54666,43.8518,14,1,5,18,10
53,4474,126.55706,43.81364,1,1,7,17,8
31,4849,126.57359,43.84465,7,1,9,18,8
129,3458,126.54907,43.8488,14,1,5,16,10
53,1103,126.57074,43.80641,1,1,8,26,15
129,638,126.55553,43.83875,10,1,7,31,13
129,2688,126.52039,43.81028,1,1,7,5,8
31,4849,126.57148,43.85184,14,1,9,14,8
53,1103,126.57193,43.80969,1,1,8,11,15
129,2925,126.51715,43.82583,1,1,7,3,9
31,4114,126.54005,43.86849,1,1,6,18,8
31,4849,126.56804,43.84991,7,1,9,23,7
53,4474,126.54512,43.81056,1,1,6,30,11
53,4474,126.55906,43.80244,1,1,8,27,8
53,487,126.58518,43.78221,1,1,9,23,9
53,487,126.53659,43.80664,1,1,6,10,8
31,4849,126.58222,43.83719,14,1,8,1,7
31,949,126.5921,43.84062,1,1,9,2,7
129,161,126.5636,43.85066,14,1,6,19,16
53,75,126.57581,43.82505,1,1,8,4,9
53,75,126.56818,43.82987,14,1,9,26,8
53,75,126.55311,43.83046,1,1,8,29,9
165,1656,126.54801,43.93629,14,1,8,13,8
31,4849,126.57592,43.84156,1,1,6,28,8
129,3458,126.55218,43.8507,14,1,5,16,10
129,2688,126.52032,43.81036,1,1,9,9,8
31,4849,126.57589,43.84151,1,1,8,4,18
31,949,126.59433,43.85187,1,1,7,24,7
53,4474,126.54475,43.81712,1,1,10,2,8
53,1103,126.58816,43.82906,1,1,9,25,9
31,949,126.58706,43.84769,1,1,8,11,8
53,1103,126.5653,43.83194,0,1,8,27,9
129,638,126.56593,43.84819,7,1,7,26,14
129,2688,126.52351,43.8154,1,1,7,1,8
53,1103,126.57073,43.80654,1,1,6,9,13
53,75,126.56792,43.82084,1,1,9,30,8
31,4849,126.57652,43.85113,1,1,9,14,8
129,2925,126.5167,43.82586,1,1,8,30,7
165,3156,126.54856,43.90065,1,1,8,4,8
129,2688,126.53103,43.82288,1,1,8,5,8
31,4849,126.57888,43.8409,1,1,7,31,12
31,435,126.55271,43.87216,1,1,9,11,8
31,4849,126.56666,43.84665,7,1,6,14,8
165,1656,126.56579,43.9188,14,0,6,12,8
31,435,126.56238,43.87285,14,1,5,27,14
53,75,126.57324,43.82076,1,1,8,15,9
53,1103,126.56788,43.80171,1,1,6,17,15
53,1756,126.58493,43.82355,1,1,6,5,9
53,4474,126.55859,43.8087,1,1,8,6,8
53,4474,126.55653,43.8006,1,1,7,12,8
31,949,126.593,43.84171,14,1,7,18,8
53,1103,126.56092,43.80759,14,1,8,12,15
31,2208,126.53922,43.87053,1,1,5,29,14
53,4474,126.55543,43.81394,14,1,8,15,12
31,435,126.55003,43.86212,14,1,9,10,8
53,1103,126.57046,43.80358,14,1,9,17,15
165,1656,126.54913,43.90871,1,1,8,27,8
53,4474,126.55671,43.8106,14,1,9,24,14
129,2688,126.5154,43.80744,1,1,8,20,8
165,3156,126.55078,43.91031,14,0,6,3,9
31,949,126.5946,43.84393,14,1,8,17,7
165,1656,126.59339,43.89166,1,1,10,17,9
31,4849,126.56971,43.85205,14,1,7,8,8
31,4849,126.57378,43.8546,1,1,8,10,13
53,1103,126.56528,43.83196,0,1,9,3,10
31,435,126.55028,43.87452,1,1,9,2,8
53,487,126.54486,43.79476,10,1,8,29,9
53,4474,126.54304,43.82135,1,1,7,5,8
129,2688,126.52146,43.81303,1,1,8,15,8
31,949,126.5955,43.84569,14,1,8,10,7
31,435,126.55849,43.86114,14,1,7,26,7
31,4849,126.56801,43.85007,7,1,9,14,8
31,435,126.5488,43.8738,1,1,7,17,7
165,1656,126.52809,43.93332,14,1,10,7,8
53,4474,126.54649,43.81075,1,1,8,6,8
31,4849,126.56765,43.84187,14,1,9,15,7
129,1520,126.55997,43.85355,1,1,9,29,8
31,435,126.56247,43.86181,1,1,9,8,8
129,638,126.55884,43.84377,1,1,6,2,8
53,75,126.55723,43.82464,10,1,7,25,8
53,979,126.55344,43.80425,1,1,6,8,13
53,1103,126.57072,43.81303,1,1,9,6,15
31,1558,126.54818,43.86915,1,1,10,3,16
53,75,126.5718,43.82038,1,1,5,30,13
31,949,126.58839,43.85046,7,1,5,18,8
165,3156,126.54747,43.91342,1,1,7,15,9
165,2709,126.55835,43.90468,12,1,8,8,9
53,1103,126.57851,43.82976,1,1,6,15,10
31,4849,126.57553,43.85293,1,1,8,13,14
53,487,126.55989,43.78878,14,1,9,23,9
129,2302,126.53651,43.84766,1,1,7,12,8
31,4849,126.57293,43.84443,7,1,7,4,8
31,949,126.59177,43.85369,14,1,9,23,7
165,3156,126.5488,43.91134,1,1,7,31,9
31,949,126.59242,43.83941,1,0,6,24,15
53,1103,126.57138,43.80982,1,1,9,6,15
129,638,126.55548,43.84016,1,1,7,1,9
31,949,126.59093,43.84174,1,1,5,25,14
31,435,126.55621,43.87239,1,1,6,8,13
53,1103,126.57049,43.80789,1,1,8,21,13
53,75,126.5739,43.82013,1,1,9,4,9
129,1520,126.55539,43.85395,1,1,9,16,9
165,3156,126.54754,43.91461,1,0,5,26,10
53,75,126.56016,43.82047,4,1,7,13,8
129,2688,126.52569,43.81484,1,1,6,17,18
31,4849,126.57083,43.85157,14,1,5,18,15
165,1656,126.5783,43.89461,14,1,8,7,10
31,4849,126.57424,43.84235,14,1,8,4,14
129,638,126.54532,43.84346,1,1,7,15,8
53,4474,126.54251,43.81713,1,1,7,22,8
53,75,126.55619,43.83307,1,1,9,13,8
31,949,126.58689,43.86299,1,1,7,1,7
129,2688,126.52063,43.81289,1,1,9,18,9
129,2925,126.51627,43.8314,1,1,6,8,10
129,2688,126.51509,43.80956,1,1,7,6,8
31,4849,126.5815,43.84588,14,1,8,19,8
31,4322,126.56419,43.88202,14,1,5,29,8
129,161,126.54656,43.85129,14,1,6,15,10
31,435,126.55098,43.87205,1,1,6,15,7
165,2709,126.56306,43.90552,1,0,6,9,7
53,1103,126.58823,43.82875,1,1,5,29,9
129,2925,126.52712,43.83581,14,1,5,31,10
31,4849,126.56716,43.84925,7,1,10,1,7
129,2665,126.55384,43.85167,14,1,8,12,9
129,87,126.54477,43.83738,1,1,10,5,8
31,949,126.57817,43.87265,1,1,5,20,8
129,2688,126.50386,43.80282,1,1,7,27,10
53,487,126.55315,43.78799,14,1,6,29,9
31,4322,126.56387,43.88383,14,1,6,6,10
129,2688,126.53132,43.82794,14,1,8,12,14
53,1103,126.57132,43.81257,1,1,6,24,17
129,638,126.56367,43.84326,0,1,7,19,9
53,1103,126.57821,43.8281,1,1,9,20,8
129,2688,126.52361,43.81541,1,1,9,4,9
31,435,126.55026,43.87309,1,1,6,3,14
31,949,126.59707,43.84637,14,1,8,22,8
31,4849,126.57199,43.83904,1,1,7,12,11
129,1520,126.5546,43.84961,1,1,9,6,7
53,1103,126.57811,43.82818,1,1,8,27,8
129,2665,126.55505,43.85421,1,1,8,22,9
31,949,126.59414,43.85925,1,1,7,8,8
165,1656,126.56619,43.92884,14,1,7,7,10
129,1520,126.54487,43.84592,1,1,10,16,8
53,2060,126.55271,43.81284,14,1,6,1,8
53,4474,126.54973,43.81549,1,1,9,19,9
53,75,126.56663,43.81518,1,1,9,28,8
53,75,126.56816,43.81419,1,1,9,14,9
31,949,126.59309,43.85453,14,1,7,6,10
31,4849,126.57765,43.84432,1,1,9,24,9
31,4322,126.54258,43.87815,14,1,5,30,16
53,1103,126.57253,43.81299,1,1,7,22,12
31,4849,126.58321,43.83898,14,1,6,18,8
31,435,126.56243,43.86131,1,1,5,26,7
129,2665,126.54337,43.84842,1,1,8,12,9
165,3156,126.5519,43.90953,1,0,5,28,9
53,1103,126.57849,43.82956,1,1,7,15,10
53,979,126.5504,43.8206,14,1,6,9,8
165,1656,126.57099,43.93577,14,1,9,14,9
31,4849,126.57652,43.85117,1,1,7,24,7
165,1656,126.54834,43.9149,1,1,8,20,10
31,435,126.55195,43.87153,1,1,8,10,9
53,979,126.54599,43.81161,1,1,6,4,15
129,2688,126.52362,43.81544,1,1,8,31,7
31,4849,126.57245,43.84874,1,1,7,2,8
53,1103,126.57196,43.83117,14,1,8,21,10
31,4849,126.58291,43.84187,1,1,5,27,8
165,1656,126.56322,43.92298,4,1,8,13,8
129,638,126.54485,43.8374,1,1,7,2,9
31,949,126.59176,43.84061,1,1,9,13,7
53,4474,126.54575,43.81621,1,1,6,28,11
53,487,126.5532,43.78795,14,1,6,29,9
31,949,126.59539,43.8511,1,1,8,30,8
31,435,126.55107,43.87207,1,1,6,17,12
165,3156,126.55402,43.90859,1,0,6,27,9
53,75,126.57489,43.82401,1,1,9,24,8
31,435,126.57512,43.87028,1,1,9,19,12
31,435,126.56125,43.86181,1,1,7,9,8
129,2925,126.52338,43.83646,1,1,8,24,7
53,1103,126.57973,43.82754,1,1,7,3,8
53,75,126.55309,43.82328,1,1,8,19,9
129,87,126.54511,43.8368,1,1,10,5,8
53,4474,126.55463,43.80681,1,1,9,5,9
129,2688,126.53287,43.82521,1,1,9,1,7
129,1520,126.56142,43.85675,1,1,9,6,7
129,1520,126.56014,43.84878,14,1,9,18,9
129,2925,126.51542,43.81612,1,1,6,1,8
129,1520,126.54574,43.84398,14,1,10,14,8
53,75,126.56852,43.81703,1,1,8,21,9
31,1558,126.55965,43.86577,7,1,10,13,8
129,3458,126.51136,43.80849,1,1,5,29,14
53,4474,126.5494,43.81983,14,1,7,15,8
53,1103,126.5729,43.80802,1,1,8,22,15
31,949,126.58838,43.85043,7,1,6,30,9
129,638,126.55438,43.84125,1,1,7,18,9
31,4849,126.57218,43.83934,1,1,5,17,8
129,2665,126.54697,43.84428,14,1,8,10,13
31,435,126.54982,43.86095,1,1,5,30,8
165,1656,126.55862,43.93327,14,1,9,4,8
53,75,126.54616,43.82328,1,1,7,1,8
129,2925,126.5148,43.81031,14,1,8,13,9
31,4849,126.57004,43.83916,1,1,9,25,8
31,949,126.59502,43.85356,1,1,9,17,8
129,638,126.55754,43.84069,1,1,6,3,15
31,4849,126.57959,43.84433,1,1,6,7,8
53,1103,126.57165,43.81087,1,1,8,31,13
165,1656,126.56857,43.92061,1,1,7,3,8
31,1558,126.56291,43.88105,14,0,6,5,19
53,1103,126.575,43.83068,1,1,9,7,10
31,4849,126.56661,43.84665,7,1,5,29,8
165,1656,126.55345,43.91064,1,1,8,25,9
129,2665,126.55253,43.84175,1,1,8,18,8
31,4849,126.57142,43.83887,1,1,8,29,9
165,1656,126.58621,43.89409,1,1,10,15,9
31,949,126.59188,43.85281,14,1,7,13,8
53,487,126.57871,43.78475,14,1,7,14,10
129,1520,126.55081,43.84696,1,1,9,22,8
53,75,126.57079,43.82982,1,1,7,23,8
31,949,126.59034,43.85568,14,1,7,8,8
31,4849,126.58091,43.84276,1,1,5,16,9
53,487,126.57944,43.78378,14,1,8,20,8
53,75,126.56865,43.81771,1,1,6,9,9
53,75,126.56865,43.81572,1,1,9,7,8
165,3156,126.55103,43.91202,1,1,6,30,10
165,290,126.55324,43.91023,1,1,9,20,10
129,2688,126.53129,43.8281,14,1,6,14,15
53,75,126.56519,43.8164,1,1,9,11,9
31,949,126.59718,43.84633,14,1,8,14,8
31,949,126.59359,43.84166,14,1,7,17,8
53,1103,126.57483,43.83065,1,1,9,1,9
53,1103,126.57074,43.80657,1,1,6,27,16
31,435,126.56042,43.86063,1,1,9,23,7
129,87,126.5468,43.83978,14,1,10,8,8
129,1520,126.56609,43.85705,1,1,9,11,8
129,2688,126.5236,43.81677,1,1,9,11,8
129,2925,126.51814,43.81994,1,1,8,15,8
53,4474,126.55764,43.82292,10,1,8,6,14
165,2709,126.55907,43.90143,14,0,5,19,8
129,2688,126.53458,43.82731,1,1,8,12,14
31,4849,126.57308,43.84629,1,1,9,19,8
129,2688,126.53144,43.82838,14,1,9,11,16
53,4474,126.55113,43.80445,1,1,9,25,8
165,1656,126.55159,43.90822,14,1,9,2,9
165,3156,126.54784,43.91136,1,0,6,10,8
31,4849,126.58119,43.84393,1,1,8,11,8
129,638,126.53936,43.84312,14,1,7,15,8
129,2688,126.52812,43.82472,1,1,7,28,8
53,487,126.59376,43.77905,14,1,7,22,8
53,1103,126.57096,43.83159,1,1,9,14,9
129,638,126.54429,43.84406,1,1,7,9,9
129,2688,126.53031,43.82618,1,1,7,26,8
129,2688,126.52028,43.81579,1,1,7,27,9
165,1656,126.56689,43.92079,14,1,7,2,9
53,1103,126.57176,43.80932,1,1,9,12,15
129,2925,126.51146,43.83315,1,1,6,7,10
31,435,126.55142,43.87084,1,1,6,12,13
31,4849,126.57646,43.85112,1,1,5,18,15
165,1656,126.55178,43.90385,1,0,6,17,9
129,2665,126.54768,43.84782,1,1,8,17,8
165,1656,126.62362,43.88823,14,1,5,27,15
129,3458,126.54648,43.84665,1,1,6,27,10
53,75,126.57338,43.82148,1,1,9,11,8
53,75,126.57179,43.82134,1,1,9,2,8
31,4849,126.57166,43.84509,1,1,8,8,8
31,4849,126.57294,43.84452,7,1,9,11,16
53,1103,126.56569,43.80763,1,1,9,24,13
53,487,126.59345,43.77807,14,1,8,19,9
53,75,126.56943,43.83053,14,1,9,17,7
31,4849,126.58472,43.84412,14,1,6,28,8
53,1103,126.60138,43.83365,1,1,7,2,8
165,3156,126.54952,43.90621,1,1,7,25,10
165,3156,126.55156,43.9083,14,1,8,12,9
165,1656,126.55442,43.91002,14,1,5,15,14
165,2709,126.57352,43.91224,14,1,5,18,8
53,1103,126.57768,43.82854,1,1,5,29,14
53,487,126.55388,43.79095,0,1,8,17,8
129,2688,126.51563,43.81984,14,1,6,15,9
129,2688,126.50362,43.79755,14,1,7,19,8
165,1656,126.55107,43.9122,1,1,8,8,9
31,435,126.56282,43.86182,1,1,6,15,7
129,2925,126.51686,43.8306,1,1,6,29,8
31,4849,126.57899,43.83902,14,1,8,4,14
53,1103,126.60216,43.83254,14,1,9,22,9
53,75,126.574,43.82196,1,1,9,13,8
31,4849,126.57223,43.84461,1,1,9,30,8
129,2665,126.56232,43.84914,1,1,8,16,8
31,949,126.59194,43.84533,1,1,9,9,8
165,2709,126.56926,43.90138,1,1,8,19,9
165,3156,126.55323,43.91036,1,1,6,26,9
129,2925,126.51838,43.83096,1,1,9,16,9
53,4474,126.54468,43.81773,1,1,7,18,9
53,1103,126.5874,43.82925,14,1,8,20,9
53,4474,126.55559,43.81185,1,1,9,21,9
129,2925,126.51001,43.82296,1,1,8,9,9
129,1520,126.56407,43.85349,14,1,9,23,8
129,2925,126.51154,43.8335,1,1,9,21,8
129,2665,126.54127,43.84636,1,1,8,4,9
53,1103,126.57373,43.83111,1,1,8,13,9
129,87,126.55234,43.84374,7,1,10,16,8
53,1103,126.60398,43.82889,1,1,8,25,9
31,152,126.56838,43.8868,14,1,6,6,12
31,949,126.59245,43.84446,1,1,7,23,9
129,2688,126.53371,43.82707,1,1,6,13,9
165,1656,126.54806,43.90083,1,0,6,7,9
165,1656,126.55438,43.91008,14,0,6,2,14
53,4474,126.54203,43.81836,1,1,8,28,8
129,1520,126.54083,43.84692,1,1,9,24,8
165,1656,126.5754,43.92125,1,1,9,16,9
31,949,126.58826,43.83971,14,1,7,26,7
129,2925,126.52047,43.82656,1,1,7,24,8
53,1103,126.56989,43.80382,1,1,7,2,11
129,2665,126.56296,43.85402,1,1,8,16,8
31,949,126.59163,43.8419,1,1,6,10,8
53,1103,126.56953,43.80614,1,1,8,11,15
129,2665,126.54512,43.84833,1,1,8,9,9
31,4849,126.56776,43.84098,12,1,9,4,8
165,3156,126.55307,43.91197,1,1,8,16,10
53,1103,126.59513,43.83173,1,1,6,18,10
165,1656,126.55741,43.90969,1,1,5,30,9
53,487,126.53416,43.80565,1,1,9,15,12
31,2208,126.54185,43.86833,1,1,5,24,11
31,4849,126.57879,43.8381,1,1,8,1,7
53,75,126.55363,43.82491,1,1,8,18,8
53,1103,126.59656,43.83313,1,1,9,18,9
31,2208,126.53994,43.8739,14,1,6,1,8
53,1103,126.57919,43.82678,1,1,6,11,9
165,1656,126.62364,43.88886,14,0,6,19,18
31,2208,126.53781,43.87112,1,0,5,29,9
31,435,126.55549,43.86024,1,1,8,6,7
129,2925,126.51554,43.8118,1,1,6,10,9
53,75,126.57732,43.82087,14,1,6,27,9
53,487,126.52821,43.80612,14,1,9,6,9
129,2665,126.54657,43.85124,14,1,8,7,9
31,949,126.59557,43.84568,14,1,8,6,7
53,4474,126.55612,43.80885,1,1,8,26,9
31,4849,126.5731,43.84474,7,1,6,18,8
165,1656,126.55457,43.91002,14,1,9,6,9
53,1103,126.57942,43.8294,1,1,9,9,10
129,2925,126.51559,43.81802,1,1,8,29,9
53,75,126.56151,43.82325,1,1,8,7,9
165,2709,126.56709,43.90575,1,1,9,9,11
129,2925,126.51276,43.83229,1,1,8,2,9
165,1656,126.57308,43.92296,1,1,9,5,9
165,1656,126.56603,43.92836,14,1,10,5,9
129,2688,126.51583,43.80785,1,1,8,26,10
129,1520,126.55038,43.85309,14,1,9,15,8
31,435,126.55049,43.8611,1,1,9,27,8
53,1103,126.57265,43.81297,1,1,7,19,12
31,4849,126.57635,43.83916,1,1,9,7,8
31,949,126.59365,43.84427,1,1,7,15,8
53,75,126.55539,43.82099,10,1,7,17,8
53,1103,126.56746,43.83257,14,1,9,25,9
31,435,126.55927,43.87041,1,1,6,28,13
53,1103,126.5729,43.80797,1,1,8,23,14
31,4849,126.57357,43.84466,7,1,8,11,9
31,949,126.59679,43.84303,14,1,9,18,11
31,435,126.55181,43.85719,14,1,6,6,8
129,2688,126.53262,43.82244,1,1,6,14,15
31,435,126.55372,43.87449,1,1,8,10,12
31,949,126.5924,43.84447,1,1,6,14,8
53,979,126.55856,43.80186,1,1,6,3,7
31,4849,126.57861,43.83707,14,1,8,17,7
129,638,126.55428,43.84131,1,1,6,27,10
165,1656,126.55936,43.92109,14,1,6,19,13
53,2060,126.56114,43.8149,14,1,6,1,8
31,435,126.56281,43.86707,1,0,9,26,8
31,949,126.59205,43.86274,1,1,6,27,13
31,949,126.59361,43.84851,1,1,9,1,9
31,4849,126.5811,43.83871,14,1,9,7,8
31,4849,126.57306,43.85375,14,1,7,17,9
53,75,126.57728,43.81871,14,1,9,21,9
129,2688,126.52351,43.83642,1,1,9,23,15
31,4849,126.57805,43.83955,14,1,9,25,8
165,3156,126.54659,43.90951,1,1,7,24,9
129,2688,126.51569,43.80923,1,1,7,8,8
53,4474,126.54611,43.81207,1,1,6,27,9
53,75,126.56863,43.81764,1,1,7,10,8
53,75,126.5747,43.81993,1,1,9,20,8
129,638,126.55152,43.84366,9,1,6,19,15
53,75,126.56637,43.8269,14,1,8,20,8
31,949,126.58936,43.84089,1,1,9,19,7
31,435,126.56524,43.87042,1,1,6,7,17
53,75,126.56904,43.81417,1,1,8,26,9
31,949,126.59345,43.84165,14,1,6,17,7
53,75,126.5448,43.82439,1,1,7,17,8
31,4849,126.57875,43.84216,1,1,6,1,7
129,2925,126.51713,43.81817,1,1,7,31,13
53,2618,126.57175,43.83083,14,1,5,31,10
53,1103,126.59821,43.83412,1,1,8,31,8
31,435,126.55288,43.87224,1,1,7,31,13
31,4849,126.57982,43.84094,1,1,7,6,7
129,638,126.55765,43.84006,1,1,7,6,9
53,75,126.55389,43.83037,1,1,8,3,8
31,4849,126.574,43.83929,1,1,5,29,14
165,3156,126.54825,43.91099,1,1,7,27,9
129,638,126.56358,43.84068,14,1,7,2,9
31,949,126.59307,43.85456,14,1,8,19,8
31,435,126.55404,43.87306,1,1,6,15,7
53,487,126.59373,43.77905,14,1,8,22,9
129,638,126.55427,43.84445,14,1,7,23,9
165,1656,126.58435,43.91331,14,1,8,6,8
129,2925,126.5162,43.81301,1,1,8,28,7
31,4849,126.5695,43.84758,14,1,8,9,8
129,2688,126.50893,43.81125,1,1,9,10,9
53,487,126.52806,43.80628,14,1,7,15,8
31,435,126.56354,43.86885,1,1,9,30,8
53,75,126.57408,43.8227,1,1,7,15,9
129,2665,126.55084,43.84925,14,1,8,11,8
31,949,126.58946,43.84034,1,1,5,17,8
53,4474,126.55855,43.80873,1,1,6,29,8
53,4474,126.54778,43.81485,14,1,9,17,8
129,2665,126.55507,43.85414,1,1,8,26,7
53,2138,126.54788,43.79602,14,0,6,22,2
31,949,126.58921,43.86,1,1,9,22,7
31,435,126.5603,43.87202,1,1,6,9,8
53,1103,126.56521,43.83193,0,1,7,29,10
31,4849,126.58518,43.84217,1,1,9,25,8
31,435,126.55281,43.87223,1,1,8,23,8
31,4322,126.5455,43.88561,1,1,6,18,13
31,949,126.59094,43.84118,1,1,5,30,14
129,638,126.54884,43.84655,1,1,7,29,9
53,1103,126.59321,43.83155,1,1,7,27,9
129,2665,126.56186,43.85709,1,1,8,3,8
53,75,126.57612,43.82154,1,1,9,3,8
129,2688,126.52711,43.82747,1,1,6,10,9
31,949,126.58883,43.84699,4,1,6,15,7
31,4849,126.56717,43.84697,7,1,8,19,8
129,2688,126.5228,43.81684,1,1,7,27,9
53,75,126.55822,43.82476,10,1,8,31,9
129,87,126.5517,43.83962,1,1,10,5,8
31,949,126.587,43.86165,1,1,8,12,8
129,638,126.55777,43.84197,1,1,6,29,9
53,487,126.59343,43.77803,14,1,8,30,8
53,75,126.5456,43.8261,1,1,8,5,8
53,487,126.58422,43.78213,1,1,8,12,14
53,75,126.55736,43.82473,10,1,8,9,9
31,4849,126.58118,43.84341,1,1,9,30,8
31,949,126.59221,43.84146,1,1,7,18,8
31,949,126.58739,43.8495,1,1,9,28,8
165,3156,126.54785,43.91188,1,1,7,2,9
129,1520,126.55626,43.8468,14,1,9,19,8
129,2925,126.51305,43.81437,1,1,6,13,10
129,2688,126.53275,43.82463,1,1,7,26,8
31,435,126.55594,43.86028,1,1,8,19,7
31,4849,126.57863,43.84491,14,1,5,20,8
31,435,126.56223,43.86325,1,1,7,20,7
31,949,126.59481,43.85094,1,1,6,11,9
53,75,126.57297,43.82404,1,1,8,5,8
53,1103,126.57074,43.80641,1,1,6,1,15
129,2688,126.52183,43.81539,1,1,7,5,8
165,3156,126.55183,43.90152,14,0,7,5,9
53,487,126.54203,43.79213,14,1,9,29,8
53,487,126.46765,43.73916,14,1,7,15,9
53,1103,126.60407,43.82874,1,1,7,30,8
129,3853,126.47459,43.94347,1,1,6,8,15
31,4849,126.57286,43.85009,14,1,9,15,7
129,2925,126.51447,43.812,1,1,8,7,9
129,2688,126.51821,43.82282,14,1,9,8,14
129,638,126.56074,43.84113,1,1,8,4,9
53,1103,126.57088,43.80658,1,1,6,29,14
129,2688,126.51274,43.81895,14,1,9,10,15
31,4849,126.58209,43.84004,1,1,7,30,8
129,2688,126.5326,43.82755,1,1,5,29,13
31,4849,126.5678,43.84083,12,1,9,12,8
53,75,126.56127,43.82528,10,1,7,24,8
53,75,126.55325,43.83057,1,1,5,16,8
31,4849,126.57511,43.83935,1,1,8,31,13
53,1103,126.57948,43.8286,1,1,10,2,10
165,3156,126.54746,43.90963,1,0,7,4,9
129,161,126.54657,43.85181,14,1,6,13,17
31,435,126.55943,43.85945,14,1,8,26,8
31,4849,126.56716,43.84787,7,1,7,5,7
129,2925,126.51223,43.83396,1,1,9,8,7
53,4474,126.55545,43.81809,14,1,8,27,8
53,75,126.56746,43.81437,14,1,10,2,8
165,1656,126.56511,43.92868,14,1,8,22,8
129,2925,126.52388,43.83674,1,1,6,17,11
31,4849,126.58419,43.83777,14,1,7,25,7
53,75,126.57636,43.82206,1,1,8,18,8
31,949,126.59237,43.84751,1,1,5,18,8
165,290,126.55193,43.90455,1,1,9,24,8
53,1103,126.5697,43.80764,1,1,9,22,14
53,1103,126.57498,43.83068,1,1,7,31,9
53,1103,126.5687,43.80905,1,1,6,4,18
53,75,126.57721,43.8188,14,1,8,10,18
165,1656,126.55264,43.90118,0,1,8,28,8
129,2688,126.51474,43.81927,14,1,8,22,9
165,1656,126.54157,43.91786,14,1,8,31,8
53,487,126.55246,43.78813,14,1,7,29,8
31,435,126.55281,43.8719,1,1,7,16,10
165,1656,126.55493,43.9144,14,1,9,11,9
31,4849,126.57471,43.84848,1,1,7,3,8
53,1103,126.56747,43.83269,14,1,7,30,8
31,435,126.56222,43.85855,14,1,7,17,8
165,3156,126.54663,43.91543,1,0,5,25,10
129,161,126.56255,43.84626,14,1,6,9,14
165,1656,126.56356,43.9271,14,1,9,21,9
53,2289,126.57269,43.81296,1,1,5,29,13
53,4474,126.55185,43.80461,1,1,7,19,8
31,949,126.59302,43.85449,14,0,10,1,7
129,2665,126.55309,43.84583,1,1,8,12,9
165,1656,126.55872,43.9037,14,1,7,19,8
53,1103,126.57244,43.81246,1,1,7,30,13
53,75,126.56834,43.82589,1,1,9,26,8
165,1656,126.55263,43.9011,0,1,9,19,8
129,2688,126.52207,43.81598,1,1,7,5,8
129,2688,126.52543,43.82122,1,1,9,18,9
129,2925,126.51655,43.81873,1,1,8,29,9
129,2925,126.50268,43.81959,14,1,8,14,9
31,949,126.58915,43.85539,14,1,6,10,8
129,2925,126.51612,43.81623,1,1,8,20,9
31,435,126.55213,43.87476,1,1,6,19,15
53,487,126.54575,43.79357,14,1,9,18,8
165,1656,126.56418,43.9279,14,1,8,8,9
31,949,126.59236,43.84442,1,1,6,29,9
53,4474,126.55608,43.81388,1,1,8,20,8
53,1177,126.58398,43.79018,1,1,6,8,7
53,75,126.55183,43.82748,14,1,7,20,8
129,2925,126.50847,43.82211,1,1,7,12,8
129,2688,126.51757,43.80978,1,1,8,4,8
53,4474,126.54274,43.81686,1,1,7,13,15
53,75,126.56358,43.82012,7,1,6,11,8
31,2208,126.54004,43.8685,1,1,6,12,8
165,1656,126.57108,43.93002,1,1,7,8,9
129,2688,126.51692,43.81171,1,1,8,13,8
53,487,126.52013,43.80344,14,1,9,2,8
53,1103,126.56741,43.80142,1,1,8,31,13
53,4474,126.55547,43.8122,1,1,10,1,8
129,2688,126.5433,43.8505,1,1,7,16,9
31,435,126.54973,43.87408,1,1,9,24,8
53,4474,126.5555,43.80569,1,1,8,22,8
165,2709,126.56385,43.89988,1,1,7,25,8
129,2925,126.51612,43.813,1,1,9,18,9
31,435,126.56156,43.85801,14,1,9,11,8
53,75,126.56483,43.80874,1,1,9,25,8
129,638,126.54707,43.83963,14,1,8,1,9
129,2688,126.52131,43.81311,1,1,7,21,8
31,949,126.59091,43.84178,1,1,5,18,15
129,2925,126.51752,43.82089,1,1,7,25,9
129,2688,126.51695,43.81171,1,1,9,6,8
53,75,126.55741,43.83299,1,1,9,28,8
31,4609,126.56101,43.85853,14,1,6,17,12
129,1520,126.54775,43.84867,14,1,9,11,8
31,4849,126.56721,43.84681,7,1,9,9,8
129,2688,126.5182,43.80953,1,1,7,3,8
31,4849,126.57448,43.83955,1,1,8,13,8
53,4474,126.54876,43.81744,1,1,7,26,9
31,949,126.58928,43.84966,1,1,9,24,8
31,949,126.59305,43.86164,1,1,6,17,13
53,4474,126.54692,43.81068,1,1,8,31,8
31,435,126.56147,43.86904,14,1,7,17,8
129,2925,126.49755,43.81823,1,1,7,31,14
31,949,126.58714,43.863,1,1,5,30,14
53,4474,126.55884,43.8023,1,1,7,18,9
31,435,126.56157,43.85806,14,1,6,9,8
165,1656,126.54826,43.90056,1,1,9,22,9
129,1520,126.56104,43.84666,7,1,9,6,7
165,1656,126.55786,43.91395,14,1,10,4,9
31,435,126.56206,43.86936,1,1,6,12,8
53,4474,126.55163,43.81151,14,1,9,24,8
129,1520,126.55214,43.85067,14,1,9,23,8
53,1103,126.57548,43.82686,1,1,9,23,9
129,2688,126.52939,43.81966,1,1,6,27,10
53,1103,126.59472,43.83215,1,1,7,13,10
129,1520,126.54327,43.8505,1,1,9,22,8
31,4849,126.56713,43.85254,14,1,9,30,8
31,1558,126.54253,43.86629,1,1,9,11,14
53,1103,126.57271,43.83142,1,1,6,14,15
53,4474,126.55879,43.80236,1,1,8,11,9
31,949,126.58906,43.85897,1,1,9,20,8
129,1520,126.54819,43.84518,1,1,9,19,8
129,2925,126.51643,43.8321,1,1,7,26,9
31,435,126.55031,43.87246,1,1,6,30,14
129,2925,126.52337,43.83672,1,1,7,18,9
53,4474,126.54963,43.81536,1,1,8,5,8
53,487,126.52933,43.80508,14,1,6,4,9
53,1103,126.56579,43.80758,1,1,10,1,12
31,4849,126.57534,43.84176,1,1,9,16,13
165,2709,126.58995,43.89327,14,1,9,12,8
129,1520,126.54756,43.84784,1,1,9,9,8
129,638,126.56261,43.84118,14,1,7,29,13
53,1103,126.57883,43.82748,1,1,8,1,9
53,75,126.57521,43.82396,1,1,9,25,8
31,949,126.58788,43.86126,1,1,7,10,7
31,435,126.55559,43.86245,14,1,6,14,7
31,435,126.57649,43.87036,1,1,9,5,16
53,75,126.56915,43.82043,1,1,7,27,9
53,487,126.54699,43.79269,14,1,9,27,8
53,1103,126.57045,43.80866,1,1,9,18,13
129,1520,126.56248,43.85078,1,1,9,29,8
129,2665,126.55749,43.84712,14,1,8,16,8
129,2688,126.52112,43.82476,1,1,9,9,16
53,75,126.55001,43.82377,1,1,7,16,8
31,4849,126.57617,43.8477,1,1,5,16,9
165,3156,126.55676,43.91559,1,1,7,27,9
129,2925,126.52328,43.83675,1,1,7,19,8
53,487,126.54249,43.79147,14,1,7,29,8
129,2925,126.49774,43.83011,1,1,8,12,9
165,1656,126.54688,43.90825,1,1,8,21,14
31,949,126.58794,43.8463,14,1,9,10,8
31,949,126.59568,43.85366,1,1,6,28,13
53,4474,126.56209,43.81951,3,1,9,2,14
165,1656,126.55529,43.89937,1,1,9,6,9
53,75,126.55085,43.8304,1,1,7,31,8
129,2925,126.51314,43.832,14,1,6,30,9
53,1103,126.57834,43.82959,1,1,7,21,8
53,75,126.55585,43.83298,1,1,7,18,8
31,4849,126.57594,43.84236,1,1,7,31,12
53,1103,126.57168,43.81149,1,1,7,13,13
53,3559,126.56333,43.79908,1,1,5,29,9
53,4474,126.55192,43.80376,1,1,6,18,12
165,1656,126.58628,43.89521,1,1,10,3,10
129,2925,126.51757,43.82541,1,1,8,31,7
53,487,126.57907,43.78232,14,1,8,24,8
53,75,126.54411,43.82442,1,1,7,9,7
129,2925,126.52569,43.83523,14,1,9,10,8
129,2688,126.53272,43.82436,1,1,6,14,15
129,638,126.54825,43.84099,14,1,7,18,9
53,487,126.57736,43.77851,1,1,9,30,8
31,435,126.55273,43.87211,1,1,7,22,8
31,4849,126.56815,43.84941,7,1,8,29,8
31,435,126.56118,43.86101,1,1,8,1,7
165,1656,126.56604,43.92845,14,1,8,22,8
31,4849,126.57265,43.85211,12,1,7,2,8
31,4849,126.57365,43.84455,7,1,8,13,8
165,2709,126.5654,43.90043,1,1,7,3,8
53,75,126.57054,43.82647,1,1,6,12,8
165,3156,126.55568,43.91532,14,0,6,27,9
165,3156,126.55431,43.90822,1,1,5,30,10
165,1656,126.56631,43.92645,14,1,8,29,9
53,75,126.56429,43.82738,14,1,6,9,9
31,4849,126.56705,43.84768,7,1,8,23,9
53,1103,126.56602,43.83215,14,1,7,24,8
129,2688,126.52432,43.81997,1,1,8,30,7
165,1656,126.56688,43.92833,14,1,10,8,9
129,2925,126.52132,43.82312,14,1,9,5,7
53,487,126.58517,43.78224,1,1,9,23,9
53,2615,126.54445,43.81492,1,1,6,13,9
129,2925,126.51593,43.83236,1,1,9,4,9
31,3073,126.54895,43.86927,1,1,6,6,9
53,487,126.54595,43.79308,14,1,9,28,8
53,75,126.54619,43.82599,1,1,7,24,8
165,1656,126.5716,43.91848,1,1,9,13,9
31,949,126.59152,43.84197,1,1,8,29,8
53,4474,126.56128,43.81666,12,1,7,21,8
129,2925,126.51537,43.81845,1,1,7,19,8
31,4849,126.57089,43.8515,14,1,8,11,15
53,75,126.55756,43.83301,1,1,7,20,8
53,75,126.55091,43.83047,1,1,7,9,7
129,2925,126.51271,43.81249,1,1,8,18,8
31,435,126.55959,43.86512,7,1,9,12,8
53,4474,126.55084,43.80508,1,1,10,2,8
53,75,126.56834,43.82436,1,1,8,20,8
53,4474,126.54978,43.81549,1,1,9,27,8
165,1656,126.57196,43.92293,1,1,7,15,9
31,949,126.58701,43.84313,1,1,8,30,8
53,75,126.57625,43.82339,1,1,6,13,8
31,2208,126.54347,43.86291,1,1,6,8,11
129,638,126.53829,43.84594,1,1,7,15,8
53,75,126.56894,43.81401,1,1,7,1,8
31,4849,126.56957,43.84659,14,1,8,8,8
31,4849,126.5688,43.84207,1,1,8,24,9
53,75,126.57847,43.82238,1,1,9,28,8
53,1103,126.59612,43.82807,14,1,6,4,9
31,4849,126.57107,43.84785,1,1,9,19,17
129,2665,126.56235,43.85003,1,1,8,11,8
31,435,126.55922,43.85834,14,1,5,27,8
129,2688,126.52178,43.81909,10,1,8,27,7
31,949,126.58884,43.83786,14,1,8,11,16
53,4474,126.55978,43.80771,1,1,9,2,8
53,75,126.56743,43.82961,1,1,8,17,8
53,4474,126.55866,43.80127,1,1,8,8,9
129,2688,126.52018,43.81262,1,1,8,11,18
53,1103,126.57188,43.83108,14,1,8,10,13
129,2688,126.53213,43.82649,1,1,6,7,13
53,75,126.55401,43.82979,1,1,8,10,13
31,949,126.59767,43.84739,0,1,10,2,8
53,1103,126.59323,43.83166,1,1,8,26,9
53,75,126.56549,43.8129,14,1,8,11,9
129,3458,126.54255,43.83511,1,1,5,30,17
31,4849,126.56914,43.84228,1,1,9,19,8
31,435,126.55898,43.86956,1,1,9,20,8
53,1103,126.56724,43.83245,14,1,8,27,9
165,1656,126.54598,43.91139,1,0,6,17,9
53,4598,126.59624,43.81698,14,1,6,19,10
53,1103,126.57269,43.81283,1,1,8,7,13
31,4849,126.56519,43.8411,14,1,8,21,9
31,949,126.59042,43.84746,1,1,7,6,10
129,2925,126.52357,43.83659,1,1,8,21,8
53,487,126.52629,43.79956,14,1,6,3,8
129,638,126.55161,43.84015,1,1,7,4,10
53,1103,126.56685,43.83265,14,1,9,29,9
53,1103,126.57243,43.81259,1,1,6,27,16
31,4849,126.56842,43.84685,14,1,7,16,8
165,3156,126.55457,43.91241,1,0,6,7,9
31,949,126.58979,43.86164,1,1,7,6,10
129,2688,126.52664,43.81991,1,1,8,27,7
31,4322,126.56445,43.88276,14,1,5,29,15
165,2709,126.57067,43.89941,14,1,6,28,8
31,949,126.59076,43.85132,1,1,8,3,7
53,979,126.54494,43.81116,1,1,5,29,8
31,949,126.59505,43.85341,1,1,9,27,8
53,1103,126.58908,43.8284,1,1,9,24,8
53,487,126.55007,43.79115,1,1,9,5,9
53,487,126.50577,43.78261,14,1,7,13,8
53,75,126.54886,43.82217,0,1,7,20,8
129,2688,126.51702,43.81244,1,1,8,25,7
129,161,126.50481,43.80405,1,1,6,9,9
129,2925,126.50682,43.8207,1,1,8,2,9
129,2688,126.51587,43.80783,1,1,9,25,8
31,435,126.55831,43.86594,14,1,8,16,7
53,75,126.55285,43.82481,1,1,8,7,9
53,4474,126.55681,43.81148,1,1,9,6,8
53,1103,126.57079,43.80605,1,1,7,29,14
129,2925,126.51299,43.81275,1,1,9,5,7
53,1103,126.57527,43.82956,3,1,6,26,15
53,75,126.57322,43.82185,1,1,9,22,9
31,949,126.59333,43.85108,1,1,7,1,7
165,1656,126.57133,43.92806,1,1,9,20,8
129,2688,126.50939,43.81185,1,1,7,1,8
53,1103,126.60282,43.83337,14,1,8,12,9
31,949,126.59215,43.84016,1,1,8,3,7
53,2138,126.54776,43.79615,14,0,6,22,2
31,435,126.56048,43.8729,14,1,5,27,14
165,3156,126.54639,43.91252,1,0,6,3,9
129,638,126.54555,43.8444,14,1,7,9,15
53,75,126.56306,43.81667,1,1,10,1,8
129,2925,126.51835,43.83158,1,1,7,8,8
129,2688,126.52421,43.82586,1,1,8,22,9
165,1656,126.54724,43.91321,1,1,9,16,9
31,435,126.55556,43.86011,1,1,8,31,9
31,435,126.55277,43.87229,1,1,6,10,12
31,949,126.59093,43.84117,1,1,7,30,13
129,2925,126.51598,43.81758,1,1,6,19,9
129,1520,126.55616,43.85147,1,1,10,14,8
53,75,126.57665,43.82423,1,1,5,31,14
31,4849,126.57195,43.85514,4,1,10,2,8
129,588,126.50187,43.81872,14,1,5,17,11
31,1558,126.58514,43.8814,14,1,10,7,8
31,949,126.58757,43.84644,1,1,7,3,7
53,1087,126.57655,43.8268,1,1,6,19,10
165,2709,126.56612,43.91201,14,1,8,14,8
53,487,126.52987,43.80343,14,1,7,14,9
129,638,126.55459,43.84515,14,1,6,10,9
53,75,126.56953,43.81992,1,1,9,23,9
129,2688,126.52467,43.81704,1,1,6,13,14
31,949,126.59163,43.84191,1,1,9,9,8
53,4474,126.55571,43.80253,1,1,6,19,9
31,949,126.58636,43.85966,1,1,6,10,8
31,949,126.59222,43.8424,1,1,8,11,8
165,1656,126.56168,43.92829,14,1,6,11,8
53,1103,126.57569,43.8305,1,1,7,15,12
31,435,126.55031,43.87432,1,1,10,1,7
129,2665,126.56335,43.84636,14,1,8,11,11
31,4849,126.56872,43.83924,13,1,6,6,7
53,1103,126.57136,43.80976,1,1,8,18,13
53,4474,126.54978,43.81546,1,1,9,25,8
165,3156,126.54637,43.9162,1,0,5,25,10
129,638,126.54418,43.84418,1,1,6,27,15
129,2925,126.51889,43.83157,1,1,9,12,7
53,75,126.54822,43.82887,1,1,8,13,9
31,949,126.58781,43.84896,1,1,8,3,7
31,435,126.56036,43.87183,1,1,5,17,7
129,638,126.54448,43.8429,1,1,7,12,8
53,1103,126.57733,43.82621,1,1,7,21,8
31,4849,126.57369,43.84467,7,1,8,24,9
129,1520,126.54645,43.8519,14,1,9,17,7
31,435,126.5615,43.87026,1,1,9,15,8
31,949,126.54765,43.86769,1,1,6,27,14
31,949,126.59108,43.84188,1,1,9,6,8
31,2208,126.54748,43.87318,1,1,5,27,12
129,638,126.5575,43.84052,1,1,7,28,8
53,75,126.57343,43.8216,1,1,8,6,8
31,435,126.54954,43.87419,1,1,6,9,15
53,487,126.54562,43.79253,14,1,7,30,8
53,4474,126.54465,43.81544,1,1,9,30,8
165,1656,126.57521,43.9181,1,1,7,16,9
31,949,126.59155,43.8387,1,1,9,19,7
31,949,126.59287,43.86276,1,0,6,1,13
53,75,126.54803,43.82351,14,1,8,11,9
31,4849,126.57532,43.83885,14,1,9,1,9
165,1656,126.5499,43.91115,14,1,9,16,9
31,435,126.55286,43.8722,1,1,7,6,7
31,4849,126.57872,43.84344,1,1,8,13,8
31,1558,126.56666,43.88037,14,1,9,8,8
53,75,126.54752,43.82841,1,1,9,23,8
31,4849,126.57562,43.85258,1,1,7,5,7
129,1520,126.55607,43.84638,14,1,9,12,7
53,4474,126.54837,43.81694,1,1,8,13,9
53,75,126.56964,43.81996,1,1,7,6,9
31,435,126.55092,43.87343,1,1,7,13,7
129,2688,126.51449,43.80848,1,1,6,17,14
31,4849,126.56854,43.84036,13,1,6,19,15
165,1656,126.57307,43.9294,1,1,9,3,9
129,638,126.56195,43.84213,14,1,7,20,8
31,949,126.58914,43.84789,1,1,9,8,8
53,487,126.52638,43.79964,14,1,9,6,9
53,75,126.56503,43.81895,14,1,8,9,9
53,75,126.57302,43.8284,1,1,7,6,8
53,1103,126.57309,43.81233,1,1,7,4,14
129,2925,126.49223,43.81317,1,1,8,3,9
53,75,126.56542,43.81298,14,1,5,28,15
31,949,126.5912,43.85541,14,1,9,9,8
129,2925,126.51175,43.83302,1,1,6,4,11
31,435,126.55036,43.87242,1,0,5,21,14
31,435,126.55974,43.86004,14,1,5,16,9
53,1103,126.57797,43.82952,1,1,8,12,9
31,2208,126.54159,43.86932,1,1,5,31,14
129,638,126.56059,43.84449,3,1,6,28,10
31,3073,126.55416,43.86784,1,1,5,29,9
129,2925,126.51729,43.8308,1,1,8,9,9
53,1756,126.58975,43.82236,1,1,6,17,10
31,4849,126.57528,43.83956,1,1,8,8,8
53,75,126.54473,43.82437,1,1,8,14,8
31,435,126.55835,43.87116,1,1,7,16,7
31,4849,126.56788,43.84962,7,1,9,6,8
53,1756,126.58474,43.82337,1,1,6,8,16
53,75,126.57898,43.82504,14,1,8,10,8
31,4849,126.58317,43.83798,14,1,7,17,8
129,2688,126.52681,43.81624,1,1,6,12,9
165,1656,126.56444,43.92545,14,0,6,10,8
31,1558,126.57289,43.88552,1,1,10,14,7
129,638,126.55547,43.84455,14,1,7,1,9
53,75,126.56417,43.80941,4,1,5,29,9
31,4849,126.57879,43.84393,1,1,8,31,13
53,4474,126.5591,43.81531,1,1,8,13,9
165,1656,126.54736,43.91449,1,1,9,4,8
53,75,126.57609,43.82156,1,1,7,5,8
31,949,126.59066,43.8475,1,1,8,20,8
31,949,126.58785,43.84889,1,1,5,31,10
129,2925,126.5123,43.8134,1,1,7,29,9
129,2688,126.52065,43.81954,1,1,8,22,9
129,2925,126.52147,43.82236,14,1,8,23,9
129,2925,126.5136,43.81269,1,1,9,18,9
53,75,126.54884,43.8255,14,1,8,31,8
53,1103,126.56975,43.8054,1,1,8,17,13
129,2688,126.5202,43.80853,1,1,7,28,8
53,854,126.57155,43.79394,1,1,6,19,15
129,2688,126.52363,43.81644,1,1,8,9,9
53,487,126.53569,43.8037,14,1,7,11,8
53,1103,126.5681,43.83143,14,1,7,18,9
53,75,126.56704,43.82924,1,1,8,31,9
53,1103,126.57247,43.82999,3,1,6,28,9
31,4849,126.57594,43.83926,1,1,5,27,15
31,949,126.59113,43.8557,14,1,8,2,8
129,2688,126.52139,43.81316,1,1,7,1,8
31,435,126.55281,43.87222,1,1,9,6,8
53,1103,126.57783,43.82623,1,1,7,9,9
165,3156,126.55105,43.91219,1,0,5,16,10
165,1656,126.54648,43.90825,1,1,6,2,17
31,435,126.55184,43.85703,14,1,8,30,9
31,949,126.59448,43.85064,1,1,6,11,9
165,1656,126.55078,43.91236,1,1,9,2,12
31,949,126.59397,43.85277,1,1,8,9,7
31,949,126.59244,43.83959,1,1,5,21,8
53,4474,126.55866,43.80479,4,1,9,16,8
165,290,126.54553,43.91253,1,1,9,20,9
53,4474,126.54256,43.82047,1,1,8,26,9
53,1103,126.57766,43.82853,1,1,9,5,11
31,435,126.55281,43.8722,1,1,9,24,8
53,4474,126.55773,43.80815,1,1,8,4,9
129,161,126.56361,43.85546,14,1,6,14,10
53,75,126.57723,43.81871,14,1,7,4,9
53,4474,126.54577,43.81613,1,1,9,19,9
53,1103,126.59322,43.83166,1,1,7,26,9
129,2688,126.52453,43.81706,1,1,7,31,13
53,4474,126.55234,43.81703,1,1,9,26,8
129,2925,126.52256,43.83648,1,1,6,1,8
31,1558,126.58632,43.8603,1,1,10,13,8
129,2925,126.51909,43.82948,1,1,8,27,7
53,487,126.53366,43.80449,14,1,8,10,8
31,4609,126.5595,43.85942,14,1,6,18,12
165,1656,126.55142,43.90345,1,1,10,11,9
53,1103,126.5724,43.8125,1,1,6,30,18
165,1656,126.57091,43.89969,14,1,10,1,8
31,4849,126.57647,43.84228,1,1,7,18,7
129,2925,126.51596,43.83245,1,1,9,19,8
31,4849,126.57996,43.84041,1,1,6,30,9
53,1103,126.57145,43.81255,1,1,10,1,12
129,2665,126.5534,43.84777,14,1,8,3,8
129,3458,126.50377,43.79752,14,1,6,6,9
53,75,126.55037,43.82548,1,1,8,8,10
53,1103,126.59925,43.83143,1,1,9,1,9
165,3156,126.5514,43.90105,14,1,7,22,9
31,4849,126.57861,43.83696,14,1,5,18,9
165,1656,126.55088,43.90228,14,1,8,23,9
31,435,126.5738,43.8709,1,1,6,18,17
31,949,126.59169,43.84068,1,1,9,2,7
31,949,126.58901,43.85891,1,1,7,21,7
165,1656,126.577,43.9148,14,1,9,19,8
53,75,126.56653,43.81839,14,1,9,9,10
129,2688,126.53332,43.82657,1,1,8,3,8
129,2925,126.51652,43.83212,1,1,7,9,9
129,638,126.56015,43.84066,1,1,6,7,10
53,4474,126.55928,43.81482,1,1,7,27,8
129,87,126.55286,43.83899,1,1,10,8,8
31,435,126.55479,43.873,1,1,5,17,13
31,949,126.58932,43.83857,1,1,5,20,8
53,1103,126.56521,43.832,0,1,8,30,9
31,4849,126.56799,43.85002,7,1,8,31,13
129,2925,126.52277,43.82312,14,1,9,3,7
129,2925,126.5078,43.82047,1,1,7,12,8
129,2688,126.53346,43.82639,1,1,7,25,8
53,487,126.54833,43.79369,14,1,7,6,8
53,1103,126.57038,43.8126,1,1,9,13,14
31,2208,126.5386,43.87387,14,1,6,4,12
53,1103,126.57066,43.80609,1,1,8,4,14
53,487,126.55009,43.79109,1,1,8,13,9
129,638,126.55885,43.84019,1,1,6,10,9
53,4474,126.54968,43.81537,1,1,7,16,8
53,4474,126.55673,43.8106,14,1,9,12,10
165,1656,126.5494,43.90755,1,1,5,22,13
31,435,126.56201,43.86976,1,1,5,20,7
129,2925,126.51863,43.83254,1,1,7,16,8
31,4849,126.57458,43.83793,0,1,7,25,7
129,2925,126.51926,43.82335,14,1,7,16,8
31,949,126.59571,43.84179,1,1,6,15,7
129,2688,126.52281,43.81519,1,1,6,28,10
129,1520,126.56569,43.84805,7,1,9,18,9
31,4849,126.58061,43.84177,1,1,7,5,7
31,1558,126.57919,43.88041,1,1,10,5,8
129,2925,126.51834,43.83085,1,1,8,15,9
53,75,126.55244,43.82631,1,1,7,31,8
53,487,126.53697,43.80495,14,1,8,17,8
129,161,126.56332,43.84636,14,1,6,12,10
53,1103,126.58028,43.82896,1,1,8,5,9
129,588,126.49829,43.81745,1,1,5,16,10
129,2925,126.51619,43.81949,14,1,8,30,7
129,2665,126.55937,43.84634,7,1,8,22,9
31,949,126.58712,43.85978,1,1,10,2,8
31,949,126.58013,43.8456,14,1,8,5,7
53,75,126.55817,43.83241,1,1,6,12,8
129,87,126.55404,43.83914,1,1,10,17,9
31,949,126.58788,43.83893,14,1,7,29,8
31,435,126.55547,43.87145,1,1,8,9,7
53,487,126.53688,43.80693,1,1,8,13,9
129,638,126.54563,43.83813,10,1,7,27,10
31,4849,126.56811,43.84944,7,1,7,12,11
129,1520,126.54578,43.84273,0,1,10,14,8
53,4474,126.55521,43.80315,1,1,9,8,9
31,949,126.58958,43.84354,1,1,7,17,9
53,4474,126.55171,43.81128,14,1,8,26,9
129,2665,126.56363,43.85658,14,1,8,2,9
31,4849,126.5756,43.84093,14,1,7,6,7
31,949,126.58941,43.83853,1,1,6,13,8
129,2925,126.51599,43.81679,1,1,8,4,9
53,75,126.55437,43.83167,1,1,8,28,8
53,4474,126.55964,43.80848,1,1,8,25,8
53,4474,126.55934,43.81713,1,1,7,15,8
31,949,126.59198,43.83977,1,1,6,6,13
53,4474,126.55678,43.81053,14,1,7,27,8
53,487,126.57599,43.78312,14,1,8,21,8
53,75,126.57239,43.81981,1,1,7,24,8
31,949,126.59051,43.84807,1,1,9,4,8
129,2925,126.51676,43.8328,1,1,8,16,8
129,2925,126.51553,43.81358,1,1,8,7,9
165,1656,126.5654,43.92566,14,1,6,28,8
129,2925,126.51584,43.81828,1,1,8,25,7
129,2925,126.51729,43.832,1,1,8,31,7
53,487,126.52506,43.80366,1,1,8,4,8
129,1520,126.55298,43.84891,1,1,9,29,8
53,75,126.57887,43.82228,14,1,9,21,9
129,2665,126.56379,43.85658,14,1,8,2,9
31,4849,126.57464,43.84774,1,1,7,29,8
53,1103,126.60372,43.83274,14,1,9,19,9
129,2925,126.52306,43.83776,1,1,9,21,8
53,75,126.5743,43.82708,1,1,9,3,8
129,2925,126.5132,43.81471,1,1,6,30,9
31,435,126.55901,43.86264,7,1,8,12,11
129,2688,126.52879,43.82048,1,1,7,2,14
31,949,126.58572,43.84778,1,1,9,4,8
129,2688,126.51899,43.81935,1,1,6,4,17
129,2688,126.52385,43.81372,1,1,7,20,8
129,1520,126.5649,43.85348,14,1,9,11,8
165,1656,126.5656,43.92604,14,0,6,12,8
31,949,126.59514,43.84508,14,1,5,31,16
53,4474,126.54978,43.81538,1,1,9,2,9
53,75,126.55732,43.8247,10,1,8,31,9
53,1103,126.56992,43.80839,1,1,7,31,13
53,75,126.55987,43.82504,1,1,8,19,9
53,4474,126.55002,43.8148,1,1,9,9,9
129,2665,126.53866,43.84489,1,1,8,11,8
129,2925,126.51451,43.81194,1,1,8,31,7
129,2688,126.51835,43.8165,14,1,7,27,9
165,1656,126.559,43.91809,14,1,9,16,9
31,949,126.58996,43.83942,1,1,6,25,14
129,2688,126.53033,43.82204,14,1,8,22,9
129,2925,126.51692,43.82536,1,1,5,29,8
31,949,126.58979,43.84078,1,1,6,18,15
165,1656,126.55741,43.90902,1,1,8,8,9
53,1103,126.57099,43.80967,1,1,7,25,13
31,949,126.59119,43.84884,1,1,9,16,10
53,4474,126.55376,43.80412,1,1,8,14,8
53,1103,126.57723,43.8263,1,1,6,14,10
53,1103,126.57445,43.83094,1,1,7,22,8
31,4849,126.57627,43.83908,1,1,8,3,7
129,2688,126.5039,43.80279,1,1,9,23,9
53,4474,126.54264,43.81999,1,1,9,13,8
53,75,126.56598,43.83066,7,1,8,13,9
31,4849,126.57177,43.85103,14,1,7,4,8
129,2925,126.50255,43.81905,14,1,8,10,8
129,2688,126.51722,43.81942,14,1,8,9,15
129,638,126.54477,43.83737,1,1,7,8,8
165,1656,126.55945,43.90567,14,1,7,19,8
53,75,126.5699,43.81878,1,1,8,16,9
165,3156,126.55689,43.91542,1,1,8,3,9
129,1520,126.54155,43.84929,1,1,9,11,8
31,4849,126.57952,43.84438,1,1,8,29,13
31,435,126.55982,43.86077,14,1,9,28,8
165,3156,126.55189,43.90169,14,1,8,19,9
53,75,126.56545,43.82251,1,1,7,16,8
31,949,126.5863,43.8459,14,1,9,10,8
129,2688,126.53453,43.8274,1,1,9,17,7
31,4849,126.57456,43.83897,1,1,8,24,16
129,87,126.54518,43.83721,1,1,10,13,8
31,4849,126.57279,43.85312,14,1,9,6,8
31,4849,126.57496,43.84226,14,1,7,29,8
53,1103,126.57626,43.8274,1,1,9,28,9
129,2688,126.52467,43.81774,1,1,7,7,14
31,435,126.55289,43.87132,1,1,6,12,13
129,2688,126.52988,43.82409,1,1,6,28,10
31,435,126.56203,43.86923,1,1,7,27,8
31,4849,126.57707,43.85004,1,1,9,28,8
53,75,126.56407,43.82622,1,1,9,25,8
165,3156,126.55361,43.90025,14,1,8,11,9
53,4474,126.54425,43.81651,1,1,9,18,8
129,2925,126.5169,43.83142,1,1,6,8,10
53,1103,126.57073,43.80655,1,1,10,1,12
31,4849,126.56713,43.83967,12,1,9,30,8
165,2709,126.562,43.90526,14,0,5,16,9
53,1103,126.56805,43.83152,14,1,8,5,9
165,1656,126.56505,43.92869,14,1,9,18,9
165,3156,126.55451,43.91243,1,0,6,9,8
31,3073,126.5523,43.86877,1,1,5,24,12
31,949,126.59059,43.84527,1,1,6,11,9
53,75,126.56619,43.81294,14,1,5,31,18
31,4849,126.56738,43.8458,7,1,7,26,8
31,4849,126.58407,43.83776,14,1,8,25,9
31,435,126.55276,43.87144,1,0,5,24,12
53,979,126.55873,43.80808,1,1,6,4,15
31,4849,126.58114,43.84483,1,1,9,28,8
31,2208,126.53972,43.8769,1,1,6,6,12
31,4849,126.57481,43.85051,1,1,9,1,12
129,87,126.54796,43.84153,14,1,10,3,8
53,4474,126.56036,43.81933,14,1,8,18,8
129,2688,126.51823,43.80957,1,1,7,25,8
53,1103,126.57626,43.82846,1,1,6,10,8
31,4849,126.57027,43.84934,14,1,8,22,9
53,75,126.56484,43.80864,1,1,10,2,8
53,75,126.56969,43.81867,1,1,9,12,10
53,75,126.54839,43.8251,14,1,8,23,8
53,4474,126.56072,43.80978,4,1,7,17,8
53,4474,126.55342,43.81994,7,1,9,15,14
165,3156,126.55398,43.89998,14,0,5,23,9
31,949,126.59385,43.85869,14,1,5,31,10
53,4474,126.54636,43.81597,1,1,8,23,8
53,75,126.56889,43.81434,1,1,8,19,9
129,2688,126.52665,43.82561,1,1,6,11,9
53,75,126.56411,43.82691,14,1,8,12,9
129,1520,126.56312,43.85564,14,1,9,19,8
53,2289,126.57021,43.81043,1,1,5,29,8
53,1103,126.59828,43.83416,1,1,8,28,9
165,1656,126.56514,43.92883,14,1,7,14,9
165,1656,126.57737,43.93018,4,1,8,30,8
53,4474,126.55377,43.81219,14,1,9,18,8
53,75,126.56895,43.82004,1,1,5,30,16
165,1656,126.55157,43.89957,14,1,9,16,9
53,1103,126.57088,43.80648,1,1,9,10,14
31,1558,126.54106,43.86867,1,1,9,12,10
129,1520,126.53807,43.84545,1,1,9,11,8
53,4474,126.54253,43.81724,1,1,8,27,8
31,435,126.56265,43.86589,1,1,8,30,9
31,435,126.55005,43.87444,1,1,8,3,8
129,638,126.55922,43.84317,1,1,7,14,8
53,75,126.54749,43.82859,1,1,8,20,8
53,1103,126.59649,43.83251,1,1,7,25,9
165,3156,126.55402,43.90005,14,1,5,18,10
31,435,126.55277,43.87214,1,1,8,28,9
31,4849,126.57771,43.83961,14,1,9,16,8
31,4849,126.57382,43.84428,7,1,6,6,14
129,2688,126.51697,43.81172,1,1,9,3,7
129,2925,126.51592,43.81622,1,1,7,20,8
53,75,126.5642,43.82753,14,1,9,17,7
165,290,126.55185,43.90962,1,1,9,30,8
31,4849,126.58636,43.8474,1,1,9,2,8
31,1558,126.59066,43.84622,1,1,10,4,7
31,949,126.59551,43.84057,14,1,5,30,8
165,2709,126.55896,43.91407,14,1,7,7,9
31,949,126.59197,43.85609,14,1,6,11,8
31,4849,126.57215,43.84458,1,1,6,1,8
53,75,126.57346,43.82154,1,1,8,24,9
129,2688,126.51733,43.81205,1,1,9,24,8
53,4474,126.54579,43.81867,14,1,9,1,9
129,2688,126.52406,43.81494,1,1,8,12,14
31,949,126.59291,43.8537,14,1,9,27,8
53,75,126.57604,43.82169,1,1,7,17,8
31,949,126.58707,43.85764,14,1,9,26,7
53,4474,126.55259,43.81826,14,1,7,29,8
31,435,126.55407,43.87317,1,1,5,29,17
129,1520,126.56368,43.84907,0,1,9,12,7
129,1520,126.55989,43.8551,14,1,9,9,9
53,1103,126.60618,43.82905,1,1,6,1,9
129,638,126.54562,43.84438,14,1,7,7,9
53,1103,126.59922,43.82853,14,1,7,19,8
129,2688,126.52186,43.82083,14,1,7,5,8
53,1177,126.57359,43.8086,7,1,6,4,14
53,1103,126.57788,43.82871,1,1,6,15,10
53,487,126.59014,43.7749,14,1,8,4,8
31,949,126.5882,43.83985,14,1,9,25,9
129,2688,126.50933,43.81173,1,1,8,26,10
53,4474,126.55117,43.80444,1,1,8,19,9
31,4849,126.58408,43.83778,14,1,6,30,9
31,1558,126.58107,43.87395,1,1,10,18,8
31,949,126.58971,43.86004,1,1,9,26,7
165,1656,126.61427,43.89228,1,0,6,19,9
31,949,126.59223,43.84005,1,1,9,5,8
53,1103,126.5699,43.80895,1,1,7,31,13
53,1103,126.5708,43.80921,1,1,9,11,15
129,2925,126.51759,43.82091,1,1,7,30,9
31,949,126.58897,43.8518,1,1,9,11,8
53,1103,126.57169,43.80761,1,1,6,15,14
53,4474,126.54935,43.81998,14,1,8,30,8
31,435,126.5549,43.87303,1,1,6,30,14
129,2688,126.53293,43.82472,1,1,7,3,8
53,75,126.56428,43.81464,1,1,5,29,15
129,2688,126.51829,43.80957,1,1,7,23,8
31,4849,126.57691,43.84131,1,1,8,3,7
129,2925,126.52247,43.83777,1,1,8,20,9
129,2688,126.52169,43.8258,1,1,6,11,17
31,435,126.55295,43.8742,1,1,9,14,7
129,2688,126.52068,43.81912,1,1,7,19,8
31,4849,126.56813,43.83901,13,1,7,22,7
53,487,126.52982,43.80529,14,1,9,21,9
129,2688,126.53208,43.82134,1,1,8,29,8
165,3156,126.55553,43.91214,14,1,8,14,9
53,1103,126.57855,43.82775,1,1,7,25,9
31,435,126.5548,43.87341,1,1,6,4,14
129,2925,126.51509,43.81524,1,1,6,12,9
53,487,126.56309,43.77415,14,1,7,31,8
53,1103,126.59939,43.82685,14,1,6,14,10
31,949,126.59344,43.85192,1,1,8,16,7
31,949,126.59423,43.84452,14,1,8,20,8
53,1103,126.56989,43.83229,1,1,8,29,9
129,2665,126.53601,43.84833,1,1,8,25,7
53,75,126.57614,43.82159,1,1,8,16,9
31,435,126.56425,43.86361,1,1,6,13,8
53,75,126.57081,43.82387,1,1,7,20,8
165,1656,126.55329,43.9086,14,1,7,18,8
165,3156,126.55375,43.91291,1,1,7,27,9
129,2925,126.52153,43.82327,14,1,9,11,8
31,4849,126.58112,43.84397,1,1,9,20,8
53,487,126.53324,43.80618,1,1,9,13,8
129,2925,126.50836,43.82116,1,1,7,12,8
129,638,126.56048,43.84211,4,1,6,12,9
31,4849,126.57557,43.85154,1,1,8,10,13
53,1103,126.57855,43.82979,1,1,5,17,11
31,435,126.56436,43.86107,1,1,8,28,9
53,1103,126.57866,43.82776,1,1,9,14,9
53,75,126.5573,43.82462,10,1,7,29,8
31,949,126.58886,43.85965,1,1,9,20,8
31,4849,126.5722,43.83962,1,1,7,18,7
53,75,126.55439,43.82546,1,1,8,29,9
53,75,126.56957,43.82236,14,1,9,2,8
129,1520,126.54908,43.84883,14,1,9,12,7
31,949,126.59241,43.83956,1,1,5,25,14
165,1656,126.55082,43.91231,1,1,8,20,10
129,2665,126.5659,43.84809,7,1,8,20,8
31,435,126.55196,43.85711,14,1,8,29,8
129,1520,126.56416,43.84859,7,1,10,5,8
53,1103,126.57913,43.82577,12,1,5,30,13
53,4474,126.54693,43.81614,1,1,7,2,8
53,75,126.54879,43.82956,1,1,9,25,8
129,2925,126.5173,43.83082,1,1,6,28,10
53,1103,126.5705,43.80952,1,1,7,7,13
165,1656,126.55834,43.92154,14,1,8,12,9
31,4849,126.58401,43.83802,14,1,9,27,8
31,949,126.59247,43.8462,4,1,9,6,8
31,949,126.59162,43.84058,1,1,6,3,16
165,1656,126.57422,43.93027,1,1,8,30,8
31,949,126.5911,43.86237,1,1,8,30,14
31,435,126.55322,43.87379,1,1,7,2,8
53,1103,126.56976,43.83212,1,1,7,8,9
165,1656,126.54593,43.91121,1,1,9,3,9
129,2925,126.51862,43.83258,1,1,7,14,8
53,4474,126.5537,43.81279,14,1,9,21,9
31,435,126.55063,43.86782,1,1,9,12,7
129,638,126.5574,43.84131,1,1,7,1,9
53,4474,126.55766,43.8185,14,1,8,31,8
31,435,126.5525,43.87244,1,1,7,27,8
31,4849,126.56804,43.84997,7,1,9,16,13
129,2688,126.5274,43.81512,1,1,7,19,8
31,4849,126.56678,43.84653,7,1,7,21,7
129,2688,126.53036,43.82696,1,1,8,9,9
31,435,126.55843,43.87043,1,1,7,4,7
129,1520,126.55857,43.84893,14,1,9,26,8
53,75,126.57151,43.82806,1,1,7,10,8
129,2688,126.52938,43.82578,1,1,9,27,9
129,2688,126.5323,43.82141,1,1,8,20,8
31,2208,126.53671,43.87597,14,1,6,18,14
31,1558,126.57856,43.84799,1,1,10,6,8
31,435,126.56106,43.86958,14,1,8,15,7
129,2925,126.51395,43.83284,1,1,7,30,9
31,949,126.593,43.85459,14,1,8,14,8
31,435,126.562,43.86925,1,0,5,30,15
31,435,126.55272,43.87213,1,1,7,18,8
53,1103,126.5702,43.81151,1,1,7,4,14
53,75,126.56488,43.82791,14,1,8,23,8
31,435,126.55281,43.87212,1,1,8,24,8
53,75,126.54409,43.82454,1,1,8,3,8
165,1656,126.54921,43.91364,1,1,8,31,8
31,949,126.59107,43.8554,14,1,8,12,14
31,4849,126.57872,43.84457,1,1,8,24,9
31,949,126.59218,43.84737,1,1,6,18,15
53,1103,126.57711,43.82931,1,1,8,1,9
31,4849,126.58382,43.84637,0,1,9,15,7
165,1656,126.57322,43.91805,1,1,8,20,9
31,4849,126.57904,43.84451,1,1,6,18,8
53,75,126.55628,43.83309,1,1,8,19,9
129,2688,126.53563,43.82907,1,1,9,18,9
53,4474,126.55779,43.80006,1,1,8,6,8
129,2688,126.52074,43.81497,1,1,9,14,8
31,949,126.58874,43.8412,1,1,7,9,8
53,1103,126.57074,43.80642,1,1,9,27,13
129,1520,126.55506,43.85412,1,1,10,17,8
53,1103,126.57232,43.8125,1,1,7,29,14
53,4474,126.55959,43.81962,1,1,8,28,8
165,1656,126.56905,43.90842,14,1,7,21,8
53,487,126.55454,43.79217,14,1,9,2,8
53,1103,126.57748,43.8286,1,1,8,25,9
165,1656,126.54983,43.90811,1,1,8,24,16
31,949,126.58008,43.84556,14,1,6,11,9
165,1656,126.56088,43.92112,14,1,8,27,8
53,4474,126.54428,43.81529,1,1,8,12,9
31,949,126.58675,43.84223,1,1,5,28,11
53,4474,126.54979,43.82005,1,1,7,22,8
129,2688,126.53254,43.82479,1,1,7,28,8
31,4849,126.57306,43.8426,1,1,8,14,8
129,2688,126.51695,43.81179,1,1,9,5,7
53,4474,126.55879,43.81645,1,1,8,16,15
129,638,126.55756,43.83998,1,1,6,27,10
129,2688,126.51641,43.82466,14,1,7,27,9
129,2688,126.51493,43.80958,1,1,7,1,8
53,4474,126.55676,43.81052,14,1,9,25,8
53,1103,126.60237,43.82935,1,1,9,5,10
129,1520,126.56083,43.84845,14,1,10,15,8
129,2688,126.53513,43.82924,1,1,9,29,8
129,1520,126.54163,43.84354,1,1,9,1,7
53,75,126.56256,43.81412,14,1,9,28,8
53,75,126.57886,43.82501,14,1,6,4,14
31,1558,126.57457,43.88627,14,1,9,1,10
31,435,126.55554,43.86238,14,1,9,13,8
129,2925,126.52302,43.82286,14,1,8,14,9
129,2688,126.52704,43.82186,1,1,7,27,9
165,290,126.55013,43.90459,1,1,9,27,9
53,4474,126.55782,43.81579,1,1,8,11,9
53,487,126.51932,43.78448,14,1,8,14,8
53,75,126.56595,43.83061,7,1,9,11,8
53,75,126.55389,43.82569,1,1,5,16,8
53,75,126.567,43.81889,14,1,8,25,9
53,487,126.52972,43.80535,14,1,6,29,9
165,290,126.54699,43.91294,1,1,9,15,9
31,949,126.58823,43.83921,1,1,8,22,8
31,949,126.58727,43.83878,14,1,7,4,7
53,1103,126.57171,43.8125,1,1,9,18,13
129,638,126.55747,43.84051,1,1,7,1,13
31,4849,126.57178,43.85136,14,1,8,25,9
165,3156,126.54879,43.91248,1,1,5,16,9
31,435,126.56078,43.87102,1,1,9,7,8
31,4849,126.56967,43.84712,14,1,7,12,11
53,4474,126.55318,43.81797,14,1,6,18,16
31,435,126.55628,43.87175,1,0,6,7,13
53,1103,126.56529,43.81131,14,1,8,29,13
165,3156,126.55455,43.89794,1,0,5,20,10
31,949,126.58975,43.86039,1,1,8,1,10
129,2925,126.51698,43.82535,1,1,9,18,9
53,1103,126.57031,43.8123,1,1,9,8,15
129,2665,126.54406,43.85045,1,1,8,4,9
129,2688,126.51694,43.81237,1,1,8,11,8
53,75,126.57506,43.82382,1,1,9,3,8
165,3156,126.55813,43.91689,14,1,8,9,9
31,2208,126.53786,43.87124,1,1,6,12,8
31,949,126.59354,43.84172,14,1,5,24,8
53,1103,126.57935,43.82891,1,1,8,9,9
165,1656,126.56501,43.9286,14,1,9,3,9
31,949,126.59078,43.84642,1,1,8,27,8
165,1656,126.56374,43.91904,14,1,9,19,8
129,638,126.56353,43.84199,3,1,6,11,10
31,4849,126.57889,43.839,14,1,5,30,8
31,949,126.59126,43.86207,1,1,9,14,7
129,3853,126.47559,43.94455,1,1,5,19,17
53,4474,126.54507,43.81941,14,1,8,13,9
31,4849,126.58239,43.83772,14,1,5,20,8
53,487,126.63778,43.76587,4,1,8,17,8
53,75,126.54836,43.82187,0,1,8,12,15
129,638,126.54707,43.83962,14,1,7,1,9
165,1656,126.56751,43.91927,14,1,8,26,8
53,75,126.56381,43.82706,14,1,6,15,8
31,435,126.55203,43.86841,1,1,9,2,8
53,1103,126.57681,43.82759,1,1,9,30,9
53,4474,126.54944,43.81386,1,1,8,15,8
129,2925,126.513,43.81406,1,1,8,9,9
53,75,126.56416,43.82145,7,1,9,1,16
165,1656,126.58501,43.89473,14,1,7,30,9
53,4474,126.56438,43.80356,4,1,9,7,8
129,2688,126.52622,43.82407,1,1,6,10,9
31,435,126.56531,43.86233,1,1,6,7,7
53,4474,126.54395,43.82041,1,1,7,22,8
129,2688,126.51838,43.81312,1,1,7,3,8
53,487,126.52209,43.80258,1,1,7,12,8
31,4849,126.56879,43.84064,14,1,6,18,8
31,4849,126.56716,43.83959,12,1,8,24,9
129,2688,126.52705,43.82154,1,1,9,28,9
31,4849,126.57102,43.84781,1,1,8,18,7
31,435,126.55773,43.86974,1,1,6,29,15
53,75,126.57353,43.82735,1,1,9,15,9
31,4849,126.57895,43.84086,1,1,5,16,9
31,435,126.55998,43.85746,1,1,9,9,8
129,2688,126.52625,43.82616,1,1,7,23,8
129,1520,126.55347,43.85087,14,1,9,27,8
129,2688,126.53134,43.82788,14,1,6,15,9
53,4474,126.56084,43.80962,4,1,9,26,8
53,75,126.57019,43.82342,1,1,7,14,15
53,75,126.55449,43.82423,1,1,8,8,10
31,949,126.58627,43.86227,1,1,7,4,7
165,1656,126.75201,43.95625,14,1,7,17,9
129,638,126.54882,43.8408,14,1,6,10,9
129,1520,126.54115,43.84523,1,1,10,5,8
129,2688,126.51836,43.80775,1,1,8,12,10
165,290,126.54847,43.90069,1,1,9,24,8
129,638,126.54487,43.83747,1,1,6,10,9
53,75,126.55981,43.82358,1,1,7,9,7
31,949,126.59107,43.86241,1,1,6,1,13
31,949,126.59394,43.85274,1,1,6,28,13
53,4474,126.55475,43.80673,1,1,6,17,9
129,2665,126.55685,43.85144,1,1,8,31,7
31,949,126.59411,43.85124,1,1,6,13,8
129,2688,126.51797,43.8262,1,1,8,8,15
129,2688,126.53212,43.82264,1,1,8,28,7
31,1558,126.55702,43.86101,14,1,10,11,8
53,979,126.55861,43.80858,1,1,6,8,13
165,1656,126.54973,43.91066,14,1,6,2,17
53,75,126.5652,43.83097,7,1,8,11,9
165,1656,126.54787,43.91124,1,1,9,16,9
31,435,126.55279,43.87228,1,1,7,30,8
31,4849,126.57842,43.83911,14,1,9,1,9
165,1656,126.55355,43.90759,1,0,6,16,8
129,2925,126.51729,43.82637,1,1,7,6,8
129,3458,126.56557,43.85257,4,1,5,16,10
53,1103,126.57247,43.82988,3,1,7,2,8
165,1656,126.55678,43.91548,1,1,9,13,9
129,2925,126.49868,43.81594,1,1,8,9,9
53,1103,126.58725,43.82913,1,1,7,14,9
31,4849,126.56803,43.84861,14,1,9,22,8
53,1103,126.57945,43.82901,1,1,8,19,10
31,435,126.56144,43.86337,1,1,5,17,8
53,1103,126.59749,43.83372,1,1,6,19,10
165,3156,126.54525,43.9107,1,0,6,27,9
53,4474,126.54358,43.82136,1,1,8,11,9
31,435,126.54646,43.8688,1,1,9,6,8
129,2688,126.52027,43.81865,1,1,8,11,11
31,435,126.56229,43.86323,1,1,7,3,7
53,1087,126.57875,43.82735,1,1,6,19,10
31,4849,126.57595,43.85093,1,1,8,13,14
31,949,126.59174,43.84062,1,1,7,4,7
129,2688,126.52137,43.81132,1,1,6,13,14
53,75,126.5692,43.82902,1,1,8,12,9
53,75,126.56525,43.8154,14,1,5,30,14
53,75,126.56505,43.819,14,1,8,6,8
31,4849,126.57285,43.84445,7,1,7,11,7
31,4849,126.56761,43.84574,7,1,6,16,7
129,2925,126.51228,43.83305,1,1,9,12,7
53,487,126.58179,43.7819,1,1,7,25,8
31,4849,126.56813,43.85151,14,1,8,19,8
31,949,126.58725,43.84664,1,1,9,15,9
165,2709,126.56125,43.90592,1,0,6,27,9
53,4474,126.55414,43.80471,1,1,6,17,9
53,487,126.52922,43.80503,14,1,5,26,13
53,75,126.56438,43.81465,1,1,9,10,8
165,1656,126.55417,43.90866,1,1,5,17,10
165,290,126.54837,43.90068,1,1,9,21,9
53,2618,126.57042,43.83202,1,1,6,8,7
31,4849,126.56922,43.84335,14,1,8,12,8
129,1520,126.56001,43.84742,14,1,9,5,7
31,949,126.59413,43.86067,14,1,7,22,7
53,75,126.55164,43.82572,1,1,8,14,8
53,4474,126.55857,43.80864,1,1,9,8,9
129,2925,126.51018,43.823,1,1,8,12,9
129,2925,126.51942,43.82174,14,1,9,2,7
53,1087,126.57724,43.82942,1,1,6,19,10
129,2688,126.52566,43.82347,1,1,7,15,8
53,487,126.54142,43.79265,14,1,8,27,8
31,4849,126.57552,43.84516,1,1,8,29,8
31,152,126.57074,43.88715,14,1,6,6,12
53,1177,126.56647,43.798,1,1,6,4,14
53,1103,126.57245,43.82983,3,1,5,30,13
129,2688,126.52063,43.81915,1,1,8,4,9
165,290,126.54712,43.90762,1,1,9,18,9
53,1103,126.57169,43.81106,1,1,8,1,13
129,2925,126.49762,43.81546,1,1,8,14,9
31,435,126.55914,43.85967,14,1,5,19,8
31,435,126.55268,43.84997,14,1,7,21,7
53,1103,126.5692,43.80933,1,1,6,29,14
53,1103,126.57773,43.82862,1,1,7,31,9
53,75,126.57183,43.82025,1,1,9,18,8
31,435,126.56306,43.85874,14,1,7,24,7
31,1558,126.58127,43.8456,14,1,10,14,8
165,1656,126.55405,43.90852,1,1,6,19,14
165,1656,126.56392,43.89818,1,1,5,28,15
53,75,126.56413,43.81544,1,1,8,18,8
31,435,126.56239,43.87036,1,1,6,1,7
31,949,126.5905,43.85368,14,1,5,30,8
53,75,126.56579,43.83003,7,1,9,30,8
53,75,126.55329,43.8305,1,1,7,9,7
129,638,126.54905,43.84301,1,1,7,29,9
31,4849,126.57541,43.85359,1,1,6,30,15
129,2688,126.5322,43.82266,1,1,8,28,7
31,4849,126.57223,43.84514,1,1,9,17,8
53,979,126.5588,43.80226,1,1,6,10,8
31,4849,126.5706,43.85014,14,1,7,25,7
129,1520,126.53857,43.84491,1,1,9,17,7
31,1558,126.57531,43.88435,1,1,9,5,9
31,949,126.58762,43.86256,1,1,9,11,8
31,949,126.59098,43.84126,1,1,9,11,8
53,75,126.57838,43.82583,1,1,6,29,9
129,323,126.51613,43.82072,14,1,9,27,9
31,949,126.59208,43.84067,1,1,6,19,13
53,1103,126.57216,43.83077,14,1,5,17,11
53,2615,126.55748,43.80081,1,1,6,13,9
53,1103,126.5714,43.81253,1,1,8,16,15
129,2688,126.52508,43.81607,1,1,7,26,8
129,2665,126.56486,43.84772,7,1,8,11,8
53,75,126.56589,43.82967,7,1,6,17,10
31,4849,126.58479,43.83969,1,1,8,10,7
129,2925,126.52331,43.8367,1,1,6,28,11
31,949,126.58824,43.84658,1,1,7,24,7
31,4849,126.57383,43.85394,14,1,9,2,8
31,435,126.56241,43.86139,1,1,10,1,7
53,4474,126.55371,43.81804,14,1,9,26,8
53,75,126.55197,43.83128,1,1,8,9,8
53,75,126.54737,43.82643,14,1,7,28,8
129,638,126.55098,43.83934,14,1,7,20,8
165,1656,126.5501,43.90455,1,1,10,1,9
31,949,126.58789,43.84178,14,0,10,1,8
31,4322,126.54501,43.8778,1,1,6,17,18
129,2688,126.52136,43.81315,1,1,6,10,8
31,949,126.58915,43.83899,1,1,6,9,13
129,2925,126.51708,43.81404,1,1,8,27,7
53,75,126.56635,43.83076,3,1,9,27,8
129,638,126.55888,43.84438,1,1,7,20,8
31,4849,126.57566,43.84672,1,1,9,14,8
31,435,126.5559,43.86024,1,1,7,27,8
31,1558,126.53997,43.86852,1,1,9,6,11
53,1103,126.58742,43.82927,14,1,7,7,9
31,4849,126.56702,43.85243,14,1,6,30,15
129,638,126.55103,43.84331,9,1,6,5,16
31,1558,126.54905,43.87198,1,1,10,4,8
31,435,126.55148,43.87075,1,1,8,10,7
129,2665,126.55349,43.84999,14,1,8,9,9
53,75,126.57577,43.82461,1,1,6,4,14
129,638,126.56435,43.8406,14,1,7,19,8
53,4474,126.55847,43.8087,1,1,8,17,8
31,4849,126.57575,43.84855,1,1,8,30,8
53,1103,126.57113,43.81058,1,1,8,10,15
31,4849,126.58096,43.84103,1,1,8,7,11
129,2925,126.5182,43.82372,14,1,7,29,9
31,435,126.56318,43.86929,1,1,8,5,8
31,1558,126.56408,43.88001,14,1,10,12,9
129,638,126.55439,43.84122,1,1,6,12,9
53,1103,126.57266,43.80896,1,1,7,10,12
129,2925,126.51509,43.83326,1,1,7,20,8
31,949,126.58788,43.8381,14,1,6,1,13
31,4849,126.56868,43.84404,14,1,5,14,9
165,1656,126.5488,43.91672,14,1,6,14,9
53,75,126.55812,43.83323,1,1,8,18,8
165,3156,126.54814,43.91197,1,1,6,30,10
53,1103,126.57946,43.82895,1,1,7,18,9
53,4474,126.5575,43.80084,1,1,7,6,8
53,4474,126.55327,43.81871,14,1,8,2,8
31,435,126.55409,43.87308,1,1,9,11,8
53,487,126.52897,43.80593,14,1,7,20,8
129,2688,126.53168,43.82446,1,1,7,19,8
53,75,126.54299,43.82434,1,1,9,21,9
129,638,126.5425,43.84283,1,1,6,29,9
53,75,126.56517,43.82858,0,1,9,20,8
129,1520,126.54004,43.84763,1,1,9,28,9
31,435,126.55885,43.86608,14,1,8,18,7
53,2615,126.55951,43.81891,14,1,6,14,9
31,4849,126.57534,43.83894,1,1,6,19,15
53,2615,126.55479,43.8054,1,1,6,14,9
31,949,126.59244,43.85339,14,1,7,1,7
53,4474,126.54725,43.8209,14,1,9,20,8
129,1520,126.56368,43.84712,7,1,10,8,8
31,4849,126.5736,43.84469,7,1,7,21,7
53,487,126.55123,43.78681,14,1,5,30,16
129,638,126.55402,43.84278,14,1,7,30,10
53,4474,126.54949,43.81901,1,1,8,31,8
53,75,126.55784,43.82481,10,1,8,3,8
53,487,126.52974,43.80534,14,1,7,8,8
129,2925,126.51245,43.83292,1,1,8,27,7
31,4849,126.57867,43.84263,1,1,8,3,7
53,487,126.54402,43.79132,14,1,8,26,9
53,75,126.5704,43.82691,1,1,9,14,9
53,75,126.56452,43.81333,14,1,7,26,8
31,949,126.59047,43.85261,1,1,5,26,17
129,2688,126.50192,43.7983,14,1,8,25,8
129,2665,126.56576,43.8555,14,1,8,18,8
53,4474,126.55735,43.808,1,1,8,14,8
31,4849,126.57147,43.83881,1,1,9,2,8
31,4849,126.58495,43.84427,14,1,8,14,8
53,75,126.56886,43.81313,1,1,6,30,14
53,75,126.57501,43.82135,1,1,9,26,8
53,4474,126.54642,43.81616,1,1,7,18,8
31,949,126.58919,43.8575,1,1,8,9,11
53,75,126.55069,43.82492,1,1,6,7,13
53,75,126.57309,43.82704,1,1,7,21,8
165,1656,126.61434,43.89163,1,0,6,19,9
129,2688,126.51838,43.82287,14,1,6,13,9
165,1656,126.54866,43.91483,1,1,8,23,9
31,4849,126.57353,43.84458,7,1,5,20,8
53,75,126.56501,43.82144,14,1,8,11,9
53,4474,126.55152,43.81074,13,1,7,5,8
31,4849,126.5682,43.83925,13,1,5,20,15
129,638,126.54544,43.83635,1,1,8,3,9
31,949,126.59061,43.85246,1,1,9,8,8
53,1103,126.57951,43.82947,1,1,7,9,9
129,2688,126.52023,43.80854,1,1,9,15,8
31,949,126.59428,43.84461,14,1,9,8,8
129,2665,126.55025,43.84966,14,1,8,28,7
53,1103,126.57144,43.8126,1,1,9,5,16
165,3156,126.54621,43.90814,1,1,8,15,9
31,435,126.55276,43.87144,1,1,8,27,9
53,4474,126.55591,43.8198,14,1,7,24,8
31,4849,126.58299,43.84152,1,1,8,29,13
129,2688,126.53248,43.82179,1,1,6,28,10
53,75,126.55754,43.8328,1,1,5,30,17
129,2925,126.51868,43.83269,1,1,8,20,8
53,75,126.57307,43.82803,1,1,9,23,9
53,1103,126.56594,43.83204,14,1,9,2,13
53,4474,126.54439,43.81526,1,1,8,31,8
53,75,126.57444,43.8284,1,1,8,28,9
129,1520,126.55503,43.85414,1,1,9,2,7
31,949,126.58769,43.85194,14,1,8,25,9
53,1103,126.57128,43.81336,1,1,8,16,15
53,1103,126.57191,43.80805,1,1,9,9,16
53,75,126.54313,43.82369,1,1,9,15,9
31,949,126.59043,43.85293,1,1,9,5,8
129,2688,126.53054,43.81996,1,1,8,13,8
129,2688,126.52026,43.81025,1,1,8,10,7
53,1103,126.60286,43.83273,14,1,9,7,10
165,3156,126.55186,43.91179,1,1,8,1,9
31,4849,126.57624,43.84068,14,1,5,27,8
129,2688,126.52206,43.82674,1,1,8,31,7
129,2925,126.51751,43.82092,1,1,8,5,11
31,4849,126.57325,43.83913,1,1,5,30,15
129,1520,126.5657,43.84941,7,1,9,27,8
31,949,126.59239,43.84156,1,1,6,13,8
31,435,126.55774,43.86968,1,1,8,19,7
31,1558,126.53969,43.86826,1,1,9,12,10
165,1656,126.5483,43.90063,1,1,10,8,9
129,2688,126.51738,43.808,1,1,7,4,9
129,2665,126.55501,43.85425,1,1,8,27,7
129,638,126.54566,43.83681,1,1,8,4,9
31,4849,126.56877,43.83917,13,1,5,27,8
31,4849,126.57856,43.84142,1,1,8,12,8
53,75,126.56701,43.82202,14,1,9,30,8
129,2925,126.52073,43.82626,1,1,7,21,8
31,4849,126.58204,43.83668,14,1,9,20,8
53,487,126.52871,43.80488,14,1,8,11,9
53,487,126.57942,43.78375,14,1,8,12,14
53,1103,126.57188,43.81129,1,1,5,16,11
31,4849,126.58341,43.84,1,1,9,3,8
53,75,126.57033,43.82382,1,1,9,26,8
129,2665,126.56425,43.84759,7,1,8,24,7
165,290,126.54463,43.90509,1,1,9,18,9
129,2688,126.52035,43.80991,1,1,6,11,9
31,4849,126.57543,43.85369,1,1,7,4,8
129,2688,126.51636,43.80675,1,1,8,2,9
53,75,126.55361,43.82553,1,1,7,6,8
129,2688,126.52836,43.82437,1,1,6,12,9
53,1103,126.57721,43.82932,1,1,9,23,9
53,1103,126.57271,43.81053,1,1,8,16,15
53,4474,126.54889,43.81831,1,1,7,10,8
53,1103,126.566,43.83213,14,1,10,2,10
53,1103,126.5608,43.80262,4,1,7,9,12
129,1520,126.56232,43.8492,1,1,9,22,8
165,1656,126.57066,43.9295,1,1,10,5,9
129,638,126.5511,43.84003,1,1,7,25,9
165,1656,126.57235,43.91939,14,1,6,29,9
31,949,126.58667,43.84735,1,1,7,5,8
129,87,126.56556,43.84101,14,1,10,10,9
129,87,126.54477,43.83738,1,1,10,7,8
129,1520,126.56377,43.84799,7,1,10,8,8
129,2688,126.52041,43.81619,1,1,6,9,14
129,2925,126.51566,43.81483,1,1,8,18,8
129,2688,126.53253,43.82467,1,1,8,13,8
31,4849,126.57877,43.8412,1,1,7,21,7
165,1656,126.55807,43.91675,14,1,9,3,9
165,3156,126.55633,43.91444,1,1,8,18,9
129,2925,126.51597,43.81628,1,1,8,18,8
53,487,126.56157,43.78696,14,1,9,26,8
31,949,126.59103,43.84121,1,1,9,6,8
53,75,126.54867,43.82951,1,1,9,21,9
31,949,126.58743,43.85918,1,1,9,18,8
129,2925,126.51917,43.82885,1,1,8,30,7
53,75,126.56723,43.82311,1,1,7,22,8
129,638,126.55749,43.84126,1,1,6,3,15
53,1103,126.60392,43.82874,1,1,9,2,13
53,75,126.56631,43.83073,3,1,9,23,9
53,75,126.54285,43.82436,1,1,6,10,8
53,75,126.56522,43.8259,1,1,7,26,8
53,4474,126.54883,43.81719,1,1,9,15,9
129,2688,126.53079,43.82127,1,1,7,3,8
165,3156,126.54713,43.91084,1,0,7,21,10
53,4474,126.55095,43.80508,1,1,9,13,8
53,75,126.55759,43.83272,1,1,9,17,7
31,4609,126.55185,43.85701,14,1,6,18,12
31,1558,126.54147,43.86497,1,0,9,5,12
129,1520,126.56378,43.84798,7,1,9,15,8
31,949,126.59065,43.84161,1,1,8,28,8
129,2925,126.51682,43.82599,1,1,7,8,8
53,75,126.57259,43.8213,1,1,7,3,8
165,3156,126.54466,43.90555,1,1,6,19,10
53,4474,126.54361,43.81862,1,1,9,20,8
31,949,126.58658,43.84339,1,1,9,14,8
53,487,126.53228,43.80676,1,1,9,2,8
53,75,126.5475,43.82781,1,1,9,2,13
31,4849,126.57557,43.8477,1,1,7,31,12
165,1656,126.55213,43.91723,14,1,9,22,9
31,435,126.55842,43.8611,14,1,7,24,7
129,2925,126.5167,43.83278,1,1,6,17,11
53,487,126.52412,43.7983,1,1,9,13,8
129,2688,126.51515,43.81941,14,1,9,20,9
165,1656,126.5535,43.90682,1,1,8,2,8
129,638,126.55713,43.84044,1,1,7,6,9
31,949,126.58716,43.86256,1,1,6,15,7
31,4849,126.57557,43.84181,1,1,8,1,7
31,949,126.5881,43.84881,1,1,7,2,8
31,2208,126.53864,43.87373,14,1,6,6,12
53,4474,126.54942,43.81373,1,1,7,18,9
129,1520,126.56413,43.84538,14,1,9,7,7
129,2925,126.5192,43.82778,1,1,9,10,8
129,2688,126.51495,43.81215,1,1,7,17,9
165,3156,126.54807,43.91198,1,0,7,21,10
53,75,126.56834,43.82468,1,1,5,29,15
31,152,126.5691,43.88585,14,1,6,3,14
31,4849,126.57367,43.84462,7,1,7,11,7
53,75,126.56777,43.83091,1,1,5,29,8
53,4474,126.55466,43.81985,1,1,8,13,9
31,4849,126.56636,43.84111,14,1,8,27,10
53,4474,126.55947,43.81969,1,1,9,24,9
53,75,126.55092,43.83034,1,1,8,22,8
31,4849,126.58396,43.84652,0,1,6,13,9
53,4474,126.55678,43.81158,1,1,9,28,8
31,435,126.55988,43.86549,7,1,7,26,7
53,4474,126.55197,43.80464,1,1,7,8,8
53,1103,126.5705,43.83198,1,1,9,19,9
53,1103,126.57003,43.80999,1,1,7,16,13
53,487,126.58505,43.78228,1,1,6,24,10
31,435,126.55295,43.8742,1,1,9,24,8
129,2688,126.52874,43.82643,1,1,9,15,8
53,4474,126.55527,43.81143,1,1,9,12,10
31,949,126.59093,43.86324,1,1,9,13,7
129,638,126.55009,43.84124,14,1,7,22,9
31,435,126.55706,43.86503,7,1,8,14,8
53,75,126.55276,43.82492,1,1,5,16,8
53,1103,126.56727,43.80615,1,1,8,21,13
53,1103,126.57023,43.81034,1,1,7,9,12
53,75,126.55084,43.82707,1,1,6,8,12
53,4474,126.55152,43.81672,14,1,9,18,8
165,1656,126.54823,43.90063,1,1,10,17,9
129,2688,126.52468,43.81706,1,1,7,16,8
53,979,126.55752,43.80076,1,1,6,8,7
129,2688,126.51272,43.81888,14,1,9,14,9
31,1558,126.57709,43.86868,14,1,10,4,7
53,1103,126.57765,43.82857,1,1,8,21,10
165,1656,126.55691,43.90902,1,1,9,28,9
31,4849,126.57131,43.84193,1,1,6,12,9
53,75,126.56307,43.82066,7,1,7,12,8
129,1520,126.55258,43.84828,1,1,9,14,8
53,75,126.57893,43.82334,14,1,8,22,9
31,435,126.56588,43.86511,1,1,6,1,18
31,435,126.55737,43.85886,1,1,5,20,7
31,4849,126.5756,43.8533,1,1,9,21,9
165,1656,126.56435,43.92399,4,1,7,29,8
31,435,126.55287,43.87224,1,1,9,16,8
31,949,126.58977,43.8617,1,1,6,7,14
129,638,126.55365,43.83974,1,1,7,6,9
129,2665,126.55822,43.85445,14,1,8,12,9
129,2688,126.51471,43.82126,1,1,8,31,7
129,2688,126.50904,43.81128,1,1,9,19,9
53,75,126.55355,43.83179,1,1,8,21,8
129,2688,126.5215,43.81643,1,1,6,17,18
53,75,126.54482,43.82436,1,1,6,29,8
31,949,126.59201,43.84073,1,1,8,5,7
31,4849,126.57681,43.83914,14,1,6,4,10
31,435,126.55229,43.87389,1,1,5,28,15
165,1656,126.56694,43.92836,14,1,8,12,9
165,1656,126.56984,43.92221,4,1,8,5,8
53,1103,126.56932,43.81059,1,1,6,19,18
31,949,126.5915,43.84678,1,1,6,13,8
129,2688,126.51676,43.82233,14,1,8,22,9
53,4474,126.54584,43.81676,1,1,9,2,9
53,1103,126.5771,43.82979,1,1,6,9,9
129,161,126.56006,43.85367,1,1,6,17,12
31,3073,126.54075,43.86519,1,1,6,3,12
53,75,126.57525,43.82094,14,1,8,16,9
53,75,126.55138,43.82171,1,1,7,24,8
165,1656,126.55186,43.90393,1,1,9,25,9
129,2925,126.51505,43.81767,1,1,6,13,9
165,3156,126.55144,43.91068,14,1,5,28,9
31,435,126.55953,43.85949,14,1,8,22,7
165,1656,126.57519,43.93026,1,1,7,30,9
165,290,126.54413,43.90528,1,1,9,20,10
31,949,126.59244,43.8423,1,1,8,23,7
165,1656,126.56688,43.93871,14,1,8,27,8
53,1103,126.57262,43.83133,1,1,9,25,9
165,3156,126.54914,43.91403,1,0,5,14,9
31,949,126.59257,43.8395,1,1,9,21,9
53,4474,126.56109,43.81509,14,1,9,5,9
31,4849,126.57124,43.8447,1,1,8,1,7
53,979,126.5458,43.81629,1,1,6,9,9
165,1656,126.56495,43.92755,14,1,6,28,8
53,1103,126.57332,43.81287,1,1,8,11,15
31,4849,126.57364,43.84493,12,1,9,9,8
129,2688,126.53574,43.82914,1,1,8,23,8
53,75,126.57558,43.82102,14,1,9,1,16
129,2688,126.51602,43.80851,1,1,6,10,8
129,2925,126.51785,43.83092,1,1,7,24,8
165,3156,126.54878,43.9114,1,1,5,19,10
31,4609,126.56509,43.86166,1,1,6,17,12
53,75,126.57901,43.82153,14,1,8,12,9
129,2925,126.51791,43.82581,1,1,6,9,9
31,435,126.5585,43.86113,14,1,7,18,8
31,4849,126.56878,43.85141,7,1,9,17,8
129,638,126.5466,43.83705,1,1,6,30,10
53,487,126.54861,43.79198,14,1,5,29,16
31,4849,126.57197,43.84096,1,1,8,6,8
129,2925,126.52346,43.83659,1,1,8,11,11
31,4322,126.56387,43.88394,14,1,5,29,16
129,2925,126.50775,43.82047,1,1,8,1,9
53,75,126.56557,43.81293,14,1,7,29,8
53,1103,126.57625,43.82854,1,1,9,4,12
129,2925,126.51917,43.82709,1,1,9,9,9
53,3939,126.54942,43.82433,14,1,5,29,8
53,487,126.55131,43.78677,14,1,8,27,8
31,949,126.59214,43.86152,1,1,7,28,7
165,1656,126.61359,43.89133,14,0,6,19,9
31,4849,126.5798,43.84103,1,1,7,15,8
31,1558,126.5681,43.85814,1,1,10,15,8
53,75,126.56818,43.81273,1,1,8,24,9
31,4322,126.54605,43.88571,1,1,6,18,13
53,487,126.53684,43.80497,14,1,9,16,8
53,487,126.57716,43.77837,1,1,6,13,9
53,3939,126.55729,43.82465,10,1,5,30,9
165,1656,126.5736,43.91637,1,0,6,12,8
53,1103,126.56901,43.80863,1,1,8,26,15
165,1656,126.55458,43.91203,1,1,10,10,8
129,2925,126.52337,43.83663,1,1,7,3,9
129,2925,126.5192,43.82778,1,1,7,22,8
165,1656,126.54988,43.90871,14,1,6,19,14
129,2688,126.53078,43.82774,1,1,9,2,11
129,2688,126.51687,43.81943,14,1,9,8,7
31,949,126.58825,43.85043,7,1,8,29,10
129,2665,126.54941,43.84972,14,1,8,27,7
53,4474,126.55433,43.81768,14,1,9,28,8
53,75,126.57601,43.82247,1,1,9,14,9
53,4474,126.54959,43.81964,14,1,8,8,19
129,2925,126.52322,43.83664,1,1,6,9,9
129,2688,126.52017,43.81185,1,1,7,2,8
31,435,126.55841,43.86001,14,1,7,14,8
129,638,126.55968,43.84137,14,1,6,13,10
53,1103,126.59651,43.83248,1,1,7,21,8
53,75,126.56686,43.81606,1,1,9,7,8
129,2925,126.51211,43.83226,1,1,8,19,9
53,4474,126.54962,43.81566,1,1,8,19,9
53,1756,126.58919,43.82227,1,1,6,1,15
129,2688,126.52488,43.81382,1,1,8,20,8
129,1520,126.55961,43.85536,14,1,9,28,9
129,2665,126.51104,43.82304,14,1,8,28,7
129,638,126.5525,43.83945,14,1,6,30,10
129,2925,126.51111,43.82079,1,1,8,8,8
53,75,126.57039,43.82456,1,1,6,12,8
53,1103,126.57745,43.82973,1,1,9,18,9
31,4849,126.58099,43.84135,1,1,8,19,8
31,435,126.56352,43.86891,1,1,6,28,9
165,1656,126.55636,43.91454,1,1,9,13,8
53,75,126.5615,43.82337,1,1,7,5,8
129,2925,126.51355,43.83417,14,1,8,19,9
53,487,126.55123,43.78671,14,1,7,22,8
31,4849,126.57843,43.8419,1,1,9,18,8
31,4849,126.57285,43.84459,7,1,8,25,15
165,1656,126.5585,43.91606,14,1,5,27,10
129,2925,126.51857,43.83251,1,1,6,10,9
31,4849,126.56795,43.8412,14,1,7,29,14
129,1520,126.56513,43.84905,7,1,9,24,8
129,2925,126.51599,43.83298,1,1,7,21,8
31,949,126.58639,43.8632,1,1,9,29,8
53,1103,126.57129,43.80657,1,1,5,30,20
53,1103,126.59653,43.83313,1,1,9,26,9
53,4474,126.55185,43.80459,1,1,7,23,7
129,2925,126.51997,43.82284,14,1,7,19,8
165,1656,126.53103,43.92936,14,1,7,30,9
53,1103,126.57773,43.82866,1,1,7,30,8
53,1103,126.57079,43.80654,1,1,9,19,14
129,1520,126.56078,43.85256,1,1,9,21,7
31,4849,126.5743,43.84405,7,1,6,18,14
53,75,126.57323,43.82172,1,1,5,17,14
53,75,126.54395,43.82315,1,1,7,24,8
31,4849,126.57585,43.84614,1,1,7,31,12
31,2208,126.54811,43.87438,1,1,5,28,18
31,949,126.58785,43.84891,1,1,8,1,10
53,487,126.59606,43.78006,14,1,9,9,9
53,487,126.5695,43.77219,14,1,6,30,9
165,290,126.55942,43.90567,14,1,9,24,8
129,2925,126.51928,43.82714,1,1,9,8,8
31,949,126.58859,43.84695,1,1,9,22,7
53,1103,126.57171,43.83111,14,1,8,3,9
53,1103,126.57263,43.80937,1,1,9,5,16
129,2925,126.51811,43.82171,1,1,9,9,8
129,1520,126.54523,43.84832,1,1,10,8,8
129,2688,126.5029,43.80331,1,1,8,24,8
129,638,126.55508,43.84238,1,1,7,2,9
31,435,126.55288,43.87074,1,1,5,21,15
31,4849,126.58026,43.84153,1,1,8,18,7
31,2208,126.54141,43.86503,1,1,6,7,9
53,4474,126.55959,43.81971,1,1,8,5,8
165,1656,126.54785,43.91122,1,1,9,4,8
53,4474,126.54588,43.80998,1,1,7,21,8
31,435,126.56077,43.86167,1,1,6,27,9
53,75,126.56881,43.8296,14,1,6,11,8
53,75,126.57931,43.81843,14,1,9,27,8
129,2688,126.52912,43.82305,1,1,8,10,8
31,4849,126.57557,43.85148,1,1,10,1,7
31,435,126.55079,43.87127,1,1,5,30,15
129,2688,126.51612,43.80878,1,1,7,22,8
165,1656,126.56468,43.92913,14,1,7,16,9
53,4474,126.55324,43.81937,14,1,7,19,8
31,4849,126.56887,43.83913,13,1,7,19,7
53,1103,126.54873,43.80621,14,1,8,10,15
129,1520,126.55461,43.85188,1,1,9,11,8
31,949,126.591,43.84119,1,1,6,10,8
53,75,126.57187,43.82024,1,1,7,29,8
31,2208,126.54004,43.87385,14,1,5,28,13
31,4849,126.57226,43.85247,14,1,6,8,15
129,161,126.565,43.85521,14,1,6,17,12
53,2618,126.56972,43.80385,1,1,6,4,15
31,4849,126.57116,43.8524,14,1,9,11,9
53,1103,126.60284,43.83274,14,1,9,14,9
165,3156,126.549,43.91463,1,0,5,28,9
129,161,126.55891,43.84721,14,1,6,17,12
31,4849,126.58398,43.84551,1,1,5,24,9
53,75,126.57879,43.82335,14,1,6,15,8
129,2925,126.52074,43.82279,14,1,8,29,9
129,1520,126.54216,43.84027,4,1,9,6,7
53,75,126.55455,43.81935,14,1,8,14,8
53,1103,126.56681,43.8326,14,1,9,18,9
53,75,126.57522,43.82284,1,1,8,28,9
129,2688,126.52142,43.81244,1,1,7,3,8
31,4849,126.57298,43.84455,7,1,8,20,8
31,4849,126.57142,43.8386,14,1,8,21,9
165,2709,126.5707,43.89877,14,1,8,13,8
53,1756,126.58828,43.82185,1,1,6,17,10
165,3156,126.55325,43.91239,1,0,7,4,9
129,161,126.56371,43.85468,14,1,6,15,9
31,435,126.55192,43.85766,14,1,8,14,8
129,2688,126.53481,43.82769,1,1,9,9,9
165,1656,126.56841,43.89521,14,1,7,28,9
53,1103,126.56966,43.80322,14,1,9,30,13
31,1558,126.58087,43.87214,14,1,10,10,8
129,1520,126.54597,43.84928,14,1,9,10,8
53,1103,126.57222,43.81083,1,1,9,2,16
129,1520,126.55283,43.84669,1,1,10,2,8
129,2688,126.51487,43.80884,1,1,6,1,13
31,4849,126.56671,43.84755,7,1,6,27,15
31,4849,126.57877,43.83816,1,1,7,4,8
53,4474,126.55676,43.81065,14,1,9,5,9
53,1103,126.59858,43.82765,14,1,9,26,9
31,4849,126.57201,43.8445,1,1,6,10,9
31,4849,126.57355,43.84218,14,1,9,4,8
129,2665,126.56202,43.8539,1,1,8,18,8
53,4474,126.54975,43.81538,1,1,9,25,8
53,75,126.57672,43.82504,1,1,9,11,8
165,1656,126.56702,43.92071,14,1,7,23,8
129,2688,126.52095,43.82076,1,1,8,6,9
53,487,126.55125,43.78681,14,1,9,10,7
31,4849,126.57654,43.85109,1,1,6,26,16
31,4322,126.54691,43.87709,1,1,6,19,17
129,2665,126.53761,43.84615,1,1,8,19,8
31,949,126.59049,43.83994,1,1,9,30,8
53,1103,126.60353,43.83295,14,1,7,25,9
53,4474,126.54861,43.81927,14,1,9,5,9
53,1103,126.60404,43.8288,1,1,7,19,8
129,323,126.5174,43.82261,14,1,9,27,9
165,290,126.55076,43.90605,1,1,9,18,9
53,75,126.57833,43.82159,1,1,8,20,15
129,2925,126.51685,43.82546,1,1,7,24,8
53,4474,126.55457,43.80387,1,1,9,21,9
31,4849,126.56974,43.84624,14,1,9,7,8
53,75,126.55959,43.83245,1,1,6,18,9
31,435,126.55398,43.87376,1,1,7,19,7
31,4849,126.56705,43.8477,7,1,6,2,7
31,1558,126.5606,43.88649,14,1,10,6,8
31,435,126.55276,43.87214,1,1,8,26,8
165,1656,126.5587,43.92088,14,1,9,19,8
53,75,126.56532,43.82208,1,1,8,16,9
53,75,126.57474,43.81937,1,1,7,14,15
129,1520,126.55736,43.85253,1,1,9,29,8
129,638,126.54811,43.8397,14,1,8,3,9
129,2925,126.51915,43.82925,1,1,9,2,7
31,4849,126.56776,43.84589,7,1,9,28,8
129,2925,126.52323,43.83678,1,1,6,18,13
53,487,126.52985,43.80535,14,1,6,18,15
129,1520,126.54379,43.84549,14,1,10,10,9
129,2688,126.5285,43.82184,14,1,9,17,7
129,2665,126.56387,43.85667,14,1,8,22,9
53,4474,126.54225,43.82048,1,1,8,11,9
53,4474,126.55862,43.80826,1,1,9,8,9
31,4322,126.5629,43.88497,14,1,5,29,8
129,2665,126.54915,43.84884,14,1,8,22,9
129,3458,126.54259,43.83528,1,1,6,5,11
31,435,126.56229,43.86892,1,1,8,20,7
129,1520,126.54857,43.84732,1,1,9,4,9
129,2688,126.53289,43.8253,1,1,9,3,7
31,4849,126.57549,43.84512,1,1,7,26,8
31,1558,126.55315,43.86848,1,1,10,14,12
53,4474,126.55577,43.80698,1,1,8,28,8
129,1520,126.55458,43.85015,1,1,10,1,7
129,2665,126.53965,43.84556,14,1,8,12,10
53,1103,126.57287,43.80924,1,1,7,1,12
31,4849,126.57879,43.84446,1,1,8,27,10
129,1520,126.56081,43.85275,1,1,9,19,8
31,435,126.55273,43.87214,1,1,9,7,8
53,1103,126.56978,43.80389,1,1,7,20,13
31,4849,126.56865,43.84394,14,1,7,2,8
165,2709,126.56058,43.90877,3,0,6,30,9
129,2688,126.52487,43.8222,14,1,8,15,8
129,2925,126.51731,43.83085,1,1,9,19,8
53,4474,126.54989,43.81862,1,1,9,16,8
165,3156,126.55401,43.89996,14,1,7,16,8
53,75,126.56556,43.81999,14,1,6,15,8
165,1656,126.55339,43.91113,1,1,5,16,11
53,4474,126.55237,43.81691,1,1,8,17,8
53,2452,126.55178,43.7884,14,1,6,4,9
129,2688,126.53161,43.82597,1,1,8,5,14
129,2925,126.52181,43.82291,14,1,9,10,8
53,4474,126.55756,43.80076,1,1,9,6,9
53,1103,126.60241,43.83289,14,1,9,7,17
53,75,126.56781,43.82936,1,1,9,13,8
31,435,126.55035,43.87251,1,1,7,21,7
53,1103,126.57942,43.82891,1,1,6,7,10
129,2665,126.55774,43.85525,1,1,8,31,7
31,435,126.5483,43.87247,1,1,8,11,8
53,4474,126.54269,43.81688,1,1,9,4,8
31,435,126.55197,43.85714,14,1,6,8,8
31,949,126.59409,43.86141,14,1,7,4,7
53,1103,126.57049,43.83197,1,1,8,5,9
53,1103,126.57103,43.80423,1,1,9,1,13
31,949,126.58975,43.86172,1,1,8,22,8
129,1520,126.5556,43.85275,1,1,9,19,8
31,4849,126.57294,43.83905,1,1,9,24,9
31,435,126.55283,43.87211,1,1,7,6,7
129,2925,126.5138,43.81482,1,1,9,11,8
53,75,126.56322,43.82246,1,1,7,28,8
165,2709,126.55896,43.91413,14,1,9,28,8
129,2925,126.51669,43.83136,1,1,7,8,8
31,4849,126.57114,43.84395,1,1,8,8,8
165,3156,126.55636,43.91456,1,0,5,17,10
53,487,126.59343,43.77799,14,1,8,8,12
129,2688,126.52336,43.82116,14,1,7,28,8
165,3156,126.55317,43.9103,1,1,7,25,10
31,949,126.58784,43.84031,14,1,5,30,14
53,487,126.55176,43.78848,14,1,8,30,8
53,487,126.52105,43.79859,1,1,6,11,12
53,1103,126.56983,43.80539,1,1,7,9,12
31,949,126.58962,43.83821,1,0,10,1,7
31,4849,126.58297,43.84065,1,1,7,30,8
31,949,126.59028,43.84894,14,1,9,9,8
129,1520,126.53712,43.84567,1,1,9,2,11
165,1656,126.56899,43.89934,14,1,5,29,8
31,4849,126.57434,43.84881,1,1,8,3,7
165,1656,126.54459,43.90505,1,1,8,26,8
53,1756,126.5884,43.82336,14,1,6,4,11
53,75,126.57674,43.8259,1,1,9,7,8
31,435,126.55941,43.85949,14,1,8,25,9
53,75,126.54482,43.82449,1,1,9,12,9
53,487,126.52501,43.80363,1,1,8,15,8
31,4849,126.53903,43.87024,1,1,8,31,9
165,1656,126.55015,43.9045,1,1,9,22,9
129,1520,126.54648,43.85188,14,1,9,4,9
31,949,126.5938,43.85943,1,1,5,29,14
31,435,126.55481,43.86014,14,0,9,29,7
53,487,126.52935,43.80499,14,1,6,27,18
165,3156,126.55297,43.90797,14,1,7,14,9
129,2665,126.55623,43.84677,14,1,8,30,7
31,4849,126.57562,43.83938,1,1,7,30,8
129,2688,126.51248,43.81832,1,1,9,23,9
31,949,126.54709,43.86961,1,1,5,16,13
129,2665,126.5391,43.84573,1,1,8,24,8
31,949,126.58979,43.86175,1,1,8,9,7
31,4849,126.56742,43.84714,7,1,8,13,8
53,1103,126.56741,43.80987,1,1,8,19,14
53,4474,126.54472,43.81767,1,1,8,8,10
53,487,126.57955,43.78364,14,1,8,11,9
31,4849,126.56713,43.83951,12,1,5,28,8
53,1103,126.56527,43.83191,0,1,8,14,9
165,3156,126.54437,43.9107,14,1,5,24,9
129,2665,126.54811,43.84668,1,1,8,23,8
53,1103,126.56981,43.80371,1,1,6,14,15
53,75,126.56292,43.81656,1,1,6,28,9
53,4474,126.5593,43.81567,1,1,8,22,8
31,435,126.55982,43.87093,1,1,6,28,13
53,75,126.56549,43.82314,1,1,9,2,8
53,487,126.52244,43.79981,1,1,8,15,8
165,1656,126.55451,43.91213,1,1,5,22,13
53,75,126.5788,43.82481,14,1,7,26,8
31,949,126.58863,43.86284,1,1,6,4,16
129,1520,126.55611,43.85134,1,1,9,22,8
53,75,126.57433,43.82077,14,1,8,31,9
129,2925,126.51199,43.83361,1,1,6,27,9
129,2688,126.52578,43.81595,1,1,9,19,8
165,1656,126.5875,43.89474,1,1,5,29,8
165,3156,126.54919,43.90754,1,1,7,27,9
53,1103,126.57706,43.82987,1,1,5,29,14
129,2925,126.51922,43.82849,1,1,7,4,9
53,75,126.57044,43.82657,1,1,7,20,8
31,4849,126.5829,43.84151,1,1,8,11,8
165,3156,126.55451,43.91249,1,0,5,23,9
53,4474,126.56134,43.81897,14,1,8,26,8
129,2688,126.52396,43.82423,1,1,9,17,7
53,4474,126.5554,43.80343,1,1,7,16,8
31,4849,126.57506,43.85003,1,1,7,27,8
129,2925,126.51593,43.83242,1,1,8,10,8
129,1520,126.56333,43.84934,0,1,9,29,8
129,2925,126.52195,43.82248,14,1,7,4,9
129,2688,126.51615,43.80871,1,1,6,12,9
31,435,126.55273,43.87213,1,1,5,30,15
31,4849,126.56795,43.85229,14,1,7,24,7
165,1656,126.5616,43.92084,14,1,6,2,9
53,487,126.55336,43.78788,14,1,8,22,9
53,487,126.5293,43.80513,14,1,8,20,8
31,152,126.56463,43.88299,14,1,6,5,13
129,2925,126.51559,43.81178,1,1,9,13,8
31,435,126.56111,43.86184,1,1,8,20,7
129,2925,126.49893,43.81566,1,1,8,12,9
53,1103,126.57366,43.83123,1,1,8,4,9
53,4474,126.55178,43.81129,14,1,8,30,8
31,435,126.55246,43.87241,1,1,7,2,8
53,4474,126.54813,43.81218,14,1,9,15,9
31,949,126.59181,43.8561,14,1,7,3,7
53,487,126.54417,43.79131,14,1,9,28,8
129,2665,126.54916,43.84845,1,1,8,23,9
31,949,126.58783,43.8422,1,1,6,18,7
31,4849,126.57209,43.83895,1,1,6,17,13
53,4474,126.55222,43.81704,1,1,8,28,8
31,4849,126.56816,43.84959,7,1,5,28,8
129,2688,126.52055,43.81355,1,1,8,30,7
31,4322,126.5671,43.88372,14,1,6,24,13
165,3156,126.55075,43.91197,1,1,6,29,9
31,4849,126.57568,43.83936,1,1,6,3,13
129,2665,126.54092,43.84667,1,1,8,6,8
165,3156,126.55413,43.91185,1,0,6,28,8
53,487,126.58628,43.78122,1,1,6,24,10
165,1656,126.55402,43.91196,1,1,9,16,9
31,2208,126.5418,43.86838,1,1,5,26,13
31,435,126.5537,43.87101,1,1,9,11,8
165,1656,126.61478,43.90155,14,1,9,11,9
129,2688,126.50491,43.8039,1,1,9,13,9
53,75,126.55409,43.82987,1,1,8,4,8
165,2709,126.57365,43.89655,14,1,7,31,8
31,4849,126.57157,43.84131,1,1,6,10,9
53,75,126.55374,43.82555,1,1,5,17,8
129,1520,126.5599,43.852,1,1,10,8,8
129,2925,126.51635,43.82525,1,1,9,22,8
165,1656,126.75347,43.95572,14,0,8,21,10
129,638,126.55767,43.84099,1,1,7,15,8
31,1558,126.57566,43.86901,1,1,10,5,7
31,435,126.54914,43.87351,1,1,7,18,8
31,949,126.55018,43.86842,1,1,5,16,13
31,4849,126.57296,43.84739,14,1,5,24,16
129,2688,126.50389,43.80286,1,1,8,11,8
129,2925,126.51646,43.81686,1,1,9,4,9
53,4474,126.55519,43.80734,1,1,7,25,8
53,75,126.55305,43.82518,1,1,8,14,8
31,949,126.58742,43.84414,14,1,8,21,8
165,3156,126.55304,43.9119,1,1,7,30,9
53,75,126.57613,43.82153,1,1,9,18,8
31,4849,126.56917,43.84089,14,1,6,1,8
31,435,126.55279,43.87217,1,1,8,24,8
53,75,126.54612,43.82316,1,1,8,31,8
53,4474,126.55523,43.8167,1,1,8,26,8
165,1656,126.55593,43.90971,1,1,9,10,9
31,4849,126.57265,43.84182,1,1,9,9,8
53,1103,126.57864,43.82614,1,1,9,27,9
53,1103,126.57261,43.80881,1,1,8,2,14
129,2688,126.52611,43.81604,1,1,7,14,8
31,435,126.55274,43.87225,1,1,7,16,7
53,75,126.57732,43.8188,14,1,9,14,9
31,435,126.55105,43.87339,1,1,9,20,8
129,2925,126.51806,43.83297,1,1,8,13,8
165,1656,126.57036,43.92949,1,1,8,24,9
31,4849,126.57688,43.85043,1,1,5,17,14
31,4849,126.57175,43.84822,1,1,8,11,15
53,75,126.57328,43.82834,1,1,7,22,8
129,2925,126.51723,43.83206,1,1,8,30,7
31,949,126.59628,43.84508,14,1,8,30,8
31,949,126.59062,43.85026,1,1,8,1,10
53,75,126.55027,43.8221,1,1,8,4,8
53,2289,126.57236,43.81302,1,1,5,29,8
53,1103,126.57185,43.80726,1,1,6,8,17
53,75,126.5487,43.82966,1,1,8,19,9
129,2688,126.51717,43.80935,1,1,7,22,8
165,3156,126.55702,43.91462,1,0,6,28,8
31,435,126.54912,43.86878,1,1,9,13,8
31,1558,126.55085,43.86006,1,1,10,12,9
53,1103,126.60351,43.83094,14,1,8,3,9
53,4474,126.54512,43.81583,1,1,7,30,8
129,3458,126.55496,43.85419,1,1,5,17,10
165,3156,126.54331,43.9173,14,1,5,27,10
165,1656,126.55309,43.90584,1,1,5,31,10
53,4474,126.55167,43.8193,14,1,9,25,8
53,487,126.52744,43.80427,14,1,8,10,8
129,638,126.54861,43.84173,14,1,6,28,10
31,949,126.5916,43.84196,1,1,7,3,7
53,75,126.56412,43.81519,1,1,7,25,15
129,2688,126.52569,43.82334,1,1,8,26,10
53,75,126.57167,43.82859,1,1,6,7,13
129,2688,126.51673,43.82179,14,1,9,23,9
165,290,126.55155,43.90194,14,1,9,26,8
53,4474,126.5555,43.80554,1,1,9,2,8
53,1103,126.57094,43.80736,1,1,7,6,12
129,2688,126.50195,43.79822,14,1,7,23,8
129,2925,126.52329,43.83674,1,1,6,12,9
165,3156,126.55339,43.91231,1,0,6,13,8
31,3073,126.54136,43.86862,1,1,6,6,9
53,75,126.56614,43.8129,14,1,9,5,9
53,487,126.56371,43.78503,14,1,8,10,14
165,1656,126.56671,43.93872,14,1,8,10,11
31,4849,126.585,43.84125,14,1,8,5,7
31,4849,126.57816,43.83965,14,1,6,6,14
53,1103,126.57378,43.83112,1,1,9,21,9
129,638,126.54528,43.83975,14,1,7,10,8
129,638,126.53743,43.84749,1,1,7,27,16
53,75,126.55973,43.8334,1,1,8,10,8
129,2688,126.53138,43.82849,14,1,6,1,13
53,1103,126.59832,43.83414,1,1,9,21,9
53,4474,126.55545,43.8066,1,1,8,30,8
53,487,126.55167,43.7933,14,1,9,8,9
129,2688,126.52596,43.81639,1,1,6,9,14
129,588,126.53344,43.86527,1,1,6,19,14
165,1656,126.57835,43.89479,14,1,6,26,9
31,4849,126.57654,43.84649,1,1,9,7,8
129,2688,126.5145,43.80841,1,1,9,8,7
129,2925,126.50458,43.81761,1,1,8,10,14
165,1656,126.5575,43.90907,1,1,5,21,10
129,2665,126.53735,43.84751,1,1,8,17,9
165,1656,126.54898,43.90097,1,1,9,28,9
53,1103,126.57507,43.83077,1,1,6,15,10
31,3073,126.54872,43.86919,1,1,5,24,9
129,2688,126.52366,43.81673,1,1,8,2,9
53,75,126.57225,43.81914,1,1,8,18,8
129,1520,126.5437,43.84438,14,1,9,10,8
129,2688,126.53217,43.82194,1,1,9,30,9
53,75,126.56673,43.82552,14,1,7,30,8
53,75,126.56574,43.81908,14,1,7,4,9
53,1103,126.57093,43.80441,1,1,9,6,15
53,1103,126.57576,43.83054,1,1,9,25,9
165,1656,126.5572,43.91489,1,1,9,6,9
31,949,126.59404,43.85917,1,1,9,7,8
129,588,126.4867,43.81802,14,1,5,16,11
165,3867,126.61393,43.89317,14,1,7,27,8
31,1558,126.57033,43.86569,1,1,10,7,7
129,2688,126.51714,43.81126,1,1,9,14,8
53,487,126.55131,43.78671,14,1,6,7,19
53,75,126.5719,43.82024,1,1,8,25,9
53,75,126.55619,43.83294,1,1,8,30,8
31,435,126.55285,43.8719,1,1,9,22,8
129,2688,126.52696,43.81491,1,1,9,27,9
129,2925,126.51516,43.81671,1,1,8,29,9
31,435,126.55567,43.86241,14,1,7,15,7
53,75,126.57432,43.82708,1,1,6,29,8
53,487,126.56402,43.78332,14,1,9,11,8
53,1103,126.57002,43.83128,14,1,7,27,9
53,75,126.55597,43.83293,1,1,7,26,8
129,2688,126.51824,43.80955,1,1,6,13,14
53,1103,126.57419,43.8306,1,1,7,16,9
31,949,126.58697,43.85842,1,1,6,14,13
129,1520,126.54633,43.84895,14,1,9,6,7
31,949,126.5889,43.85171,1,1,9,27,8
129,638,126.5645,43.84922,7,1,7,3,9
53,4474,126.54235,43.8161,1,1,7,9,7
53,75,126.5485,43.82926,1,1,8,16,8
129,3458,126.55557,43.84727,14,1,6,27,10
53,1103,126.57583,43.82631,1,1,9,28,9
129,2688,126.52369,43.81631,1,1,9,23,8
129,2925,126.52104,43.83612,1,1,6,11,10
129,2925,126.52042,43.82255,14,1,8,31,7
129,2688,126.52819,43.82204,14,1,9,11,16
53,4474,126.55851,43.80151,1,1,9,18,8
53,4474,126.54746,43.81313,1,1,8,3,9
165,1656,126.57667,43.91693,1,1,9,3,9
31,4849,126.57313,43.83911,1,1,9,23,7
31,949,126.58873,43.83941,1,1,9,28,8
53,487,126.5795,43.78365,14,1,8,10,14
53,75,126.55192,43.82742,14,1,6,8,7
129,638,126.55433,43.84457,14,1,7,28,8
129,2925,126.51468,43.81686,1,1,9,2,7
31,949,126.5958,43.84181,1,1,8,31,9
129,2925,126.51402,43.81347,1,1,9,12,7
31,4609,126.56357,43.85916,14,1,6,17,12
53,75,126.55752,43.83289,1,1,7,22,8
129,2688,126.50956,43.81115,1,1,6,27,15
31,949,126.5911,43.8557,14,1,9,28,8
53,4474,126.55895,43.80261,1,1,8,25,8
53,1103,126.57228,43.83099,14,1,9,7,10
165,2709,126.56453,43.90806,1,0,5,25,9
31,4322,126.56068,43.88649,14,1,6,6,10
31,435,126.55277,43.87228,1,1,6,8,13
165,2709,126.56616,43.91304,14,0,6,14,7
53,75,126.56706,43.82186,14,1,6,9,9
31,949,126.59407,43.86309,14,1,8,11,8
53,1103,126.57492,43.82777,1,1,9,23,8
129,638,126.52716,43.86283,7,1,7,25,9
53,4474,126.54424,43.81662,1,1,7,14,9
165,1656,126.62788,43.8885,1,0,5,17,15
53,1103,126.58904,43.82885,1,1,8,29,9
53,75,126.54806,43.829,1,1,8,29,9
129,2925,126.51758,43.82687,1,1,8,25,7
53,487,126.55248,43.78792,14,1,7,28,8
31,435,126.5569,43.86008,1,1,9,28,8
129,2688,126.53575,43.82929,1,1,7,30,15
53,75,126.56653,43.83006,1,1,9,17,7
31,4849,126.57891,43.84202,1,1,7,15,8
31,435,126.55875,43.87149,1,1,9,21,9
129,638,126.55411,43.83915,1,1,6,9,9
31,949,126.5898,43.86084,1,1,6,14,7
129,2688,126.52739,43.82701,1,1,6,4,14
31,435,126.5528,43.87228,1,1,7,9,8
31,435,126.55419,43.87158,1,1,8,26,8
129,638,126.56146,43.83973,14,1,7,20,8
31,4849,126.57521,43.83847,14,1,8,23,9
31,949,126.59121,43.84925,1,1,7,2,8
31,4849,126.57691,43.84147,1,1,5,31,9
129,638,126.5456,43.83684,1,1,7,19,8
53,1756,126.58913,43.82213,1,1,6,19,14
165,1656,126.54894,43.90099,1,1,8,8,9
129,323,126.51307,43.81426,1,1,9,27,9
129,2925,126.52113,43.8213,14,1,8,18,8
53,75,126.5639,43.81428,1,1,8,6,8
53,487,126.55343,43.7865,14,1,9,9,9
31,4849,126.57377,43.84531,12,1,6,14,8
53,4474,126.54954,43.81918,1,1,7,23,7
129,2925,126.51926,43.82715,1,1,8,25,8
53,75,126.56633,43.82684,14,1,9,20,8
53,1103,126.56973,43.80386,1,1,8,31,13
31,949,126.59218,43.86281,1,1,5,29,7
129,638,126.55058,43.84351,9,1,8,1,9
129,2688,126.51978,43.81752,14,1,9,6,14
31,4849,126.58414,43.83772,14,1,7,30,8
31,435,126.56248,43.86135,1,1,8,11,8
53,2289,126.57277,43.80868,1,1,5,29,8
53,4474,126.55448,43.80387,1,1,8,17,8
165,1656,126.54907,43.9067,1,1,9,28,9
53,4474,126.55539,43.8066,1,1,7,6,8
165,2709,126.56091,43.9042,4,1,8,26,9
129,638,126.55717,43.83999,1,1,7,28,8
31,4849,126.568,43.83942,13,1,8,23,9
31,949,126.59103,43.84114,1,1,5,24,14
31,949,126.59414,43.86306,14,1,6,11,9
53,1103,126.57857,43.82768,1,1,9,26,9
129,2925,126.51399,43.81352,1,1,7,23,8
129,2925,126.49753,43.81582,1,1,7,31,14
31,949,126.58726,43.84765,1,1,6,18,15
53,75,126.57011,43.82103,1,1,7,29,8
129,2925,126.49226,43.81357,1,1,8,10,8
31,4849,126.57655,43.83994,14,1,6,29,9
129,2688,126.51933,43.81008,1,1,9,23,8
53,75,126.56896,43.82004,1,1,9,20,8
129,2688,126.5185,43.81821,14,1,6,15,9
129,2925,126.51662,43.81361,1,1,5,29,9
31,435,126.55398,43.87264,1,1,6,18,7
165,2709,126.57084,43.897,14,1,6,18,13
165,1656,126.80487,43.946,14,1,8,12,9
53,1103,126.56974,43.80371,1,1,9,16,14
165,1656,126.55192,43.90159,14,1,8,22,8
129,2688,126.52121,43.81327,1,1,8,19,9
129,2688,126.5272,43.83578,14,1,9,23,15
129,2688,126.5329,43.8248,1,1,8,25,7
53,75,126.56808,43.82092,1,1,6,3,7
53,75,126.57604,43.82248,1,1,9,3,8
31,949,126.59531,43.84433,14,1,8,5,7
165,1656,126.57531,43.92097,1,1,7,29,8
53,1103,126.57954,43.82948,1,1,9,6,10
31,435,126.56481,43.86193,14,1,7,16,7
165,1656,126.5532,43.92299,14,1,8,24,9
129,2688,126.51738,43.80804,1,1,7,1,8
129,2688,126.52367,43.81646,1,1,6,18,19
53,75,126.57476,43.82175,1,1,6,28,13
53,75,126.57035,43.82665,1,1,6,28,9
129,2688,126.51823,43.80969,1,1,8,12,10
53,4474,126.54979,43.81539,1,1,7,31,8
53,1103,126.57043,43.83082,14,1,7,24,8
165,1656,126.57361,43.92213,1,1,9,8,13
129,588,126.55169,43.84025,1,1,6,27,9
53,1103,126.57302,43.8124,1,1,7,31,13
31,435,126.55494,43.87203,1,1,6,13,13
165,3156,126.5498,43.90644,1,1,6,1,10
53,979,126.55767,43.80846,1,1,6,3,13
53,75,126.56889,43.82927,7,1,10,1,8
53,1103,126.57051,43.83196,1,1,7,3,8
53,3559,126.59213,43.81808,14,1,5,29,17
53,75,126.56836,43.81546,1,1,5,28,15
129,2665,126.54881,43.84423,10,1,8,13,8
31,435,126.55625,43.85996,1,1,8,25,9
31,4849,126.58285,43.84072,1,1,9,2,8
31,4849,126.58322,43.84161,1,1,9,3,8
53,1103,126.56744,43.83259,14,1,7,8,9
129,2302,126.55178,43.84709,1,1,7,12,8
53,1103,126.57207,43.83165,1,1,7,1,10
129,3458,126.56214,43.85015,1,1,6,27,9
31,4849,126.569,43.84855,14,1,9,2,8
129,1520,126.54698,43.84433,14,1,10,12,10
53,75,126.57184,43.82028,1,1,7,30,8
129,2925,126.51716,43.83309,1,1,6,3,11
129,588,126.52489,43.81389,1,1,9,27,9
129,1520,126.53993,43.84771,1,1,10,16,8
53,1103,126.57086,43.80642,1,1,6,9,13
31,949,126.59402,43.85906,1,1,9,24,8
53,1103,126.57034,43.80864,1,1,7,1,12
31,435,126.555,43.87387,1,1,7,9,7
53,487,126.56077,43.78843,14,1,5,17,8
129,2665,126.56071,43.84971,1,1,8,21,8
53,1103,126.56683,43.8324,14,1,6,12,9
129,3442,126.55993,43.85205,1,1,7,3,9
129,2688,126.51679,43.82413,14,1,9,13,9
31,949,126.59114,43.8508,1,1,8,19,8
31,435,126.55288,43.87211,1,1,5,25,12
31,435,126.55275,43.87211,1,1,9,24,8
53,75,126.57479,43.82666,1,1,8,27,8
129,1520,126.54048,43.84519,1,1,9,16,9
129,2688,126.52308,43.82127,14,1,7,22,9
165,1656,126.54827,43.90694,1,1,9,22,9
31,4849,126.57924,43.84724,14,1,7,14,8
129,2925,126.5123,43.81333,1,1,7,8,8
129,2688,126.51563,43.80927,1,1,8,10,13
31,435,126.55542,43.85988,1,1,6,9,8
31,4849,126.56862,43.85235,14,1,9,23,7
31,4849,126.56911,43.8482,14,1,9,16,9
129,2665,126.54543,43.84333,1,1,8,15,8
31,4849,126.57899,43.84236,1,1,5,30,8
129,2925,126.51394,43.81193,1,1,9,21,8
165,2709,126.56113,43.89908,1,1,9,26,8
165,1656,126.55193,43.90463,1,1,7,30,9
129,2688,126.52712,43.81474,1,1,8,25,7
129,1520,126.53842,43.84484,1,1,9,24,8
129,2688,126.51939,43.8169,14,1,7,21,8
53,4474,126.56015,43.81412,12,1,9,12,10
165,1656,126.54623,43.90682,14,1,8,22,8
165,3867,126.57807,43.89439,14,1,7,27,8
53,4474,126.55641,43.80064,1,1,6,17,13
31,949,126.59379,43.85965,1,1,8,25,9
53,487,126.52245,43.79883,1,1,8,28,8
53,75,126.54743,43.82855,1,1,8,18,8
53,1103,126.5734,43.8129,1,1,6,29,14
129,2925,126.52186,43.82117,14,1,9,10,8
53,1103,126.60482,43.82796,1,1,5,17,8
31,435,126.5518,43.87025,1,1,6,30,14
53,1103,126.57311,43.82949,3,1,6,19,15
31,435,126.55984,43.8719,1,1,5,19,8
129,2925,126.51272,43.81242,1,1,7,11,9
129,2688,126.53282,43.82539,1,1,8,8,8
129,2925,126.51523,43.81439,1,1,8,28,7
53,75,126.57742,43.81874,14,1,8,2,8
129,638,126.54553,43.83694,1,1,6,10,9
165,2709,126.56331,43.91027,7,0,6,17,14
31,949,126.59535,43.8539,1,1,6,27,8
165,2709,126.56513,43.90498,1,0,5,21,8
31,1558,126.57404,43.88331,14,1,9,4,10
129,2925,126.51503,43.81163,1,1,6,30,9
53,75,126.54924,43.83005,1,1,7,10,8
53,487,126.57637,43.7802,1,1,9,10,7
53,487,126.52978,43.80532,14,1,8,15,8
31,435,126.55216,43.87462,1,1,7,1,7
53,3939,126.55285,43.82498,1,1,5,29,8
129,588,126.49141,43.81473,1,1,5,13,15
31,4849,126.57004,43.84835,1,1,8,27,10
53,75,126.56592,43.83064,7,1,6,13,8
165,1656,126.54893,43.90712,1,1,6,14,9
129,2688,126.51821,43.80776,1,1,5,29,19
129,1520,126.54438,43.84867,14,1,9,4,9
129,2665,126.56552,43.84795,7,1,8,16,8
53,1103,126.57116,43.80677,1,1,6,12,15
129,1520,126.55602,43.8456,14,1,9,4,9
53,1103,126.57299,43.81127,1,1,7,15,14
129,638,126.54993,43.84609,1,1,7,28,13
31,949,126.59347,43.8417,14,1,7,27,8
53,75,126.56802,43.81254,1,1,9,27,8
53,487,126.53326,43.80629,1,1,9,12,9
129,3458,126.56372,43.85641,14,1,5,17,10
129,1520,126.56338,43.84931,0,1,10,12,10
53,487,126.52528,43.79861,14,1,9,19,8
129,2688,126.51568,43.8092,1,1,8,6,8
129,2688,126.52847,43.82467,1,1,9,30,9
53,2618,126.56427,43.82565,1,1,6,4,15
31,435,126.56045,43.87155,1,1,8,13,7
31,4849,126.56791,43.84105,14,1,6,1,8
31,4849,126.5714,43.85163,14,1,7,23,7
165,1656,126.55077,43.90815,14,1,5,26,11
53,4474,126.55205,43.80361,1,1,8,28,8
31,4849,126.58605,43.85327,1,1,7,4,8
53,1103,126.57304,43.81234,1,1,9,3,13
129,2688,126.52047,43.81347,1,1,8,27,7
31,435,126.56039,43.87219,1,1,9,24,9
31,949,126.58919,43.84798,1,1,9,9,8
31,435,126.5619,43.87123,1,1,6,16,7
129,3853,126.47703,43.94601,14,1,5,19,17
129,2688,126.52705,43.82199,1,1,8,19,9
53,75,126.54779,43.82685,14,1,8,10,13
129,638,126.56457,43.8493,7,1,7,16,8
53,75,126.5509,43.83047,1,1,8,29,9
31,2208,126.54727,43.87316,1,1,6,7,9
31,4849,126.57412,43.84237,14,1,8,18,7
129,2688,126.51857,43.81153,1,1,7,20,8
53,75,126.57233,43.81967,1,1,8,7,9
31,435,126.55197,43.85701,14,1,9,21,9
129,1520,126.54223,43.84817,1,1,9,24,8
31,949,126.59581,43.84305,14,1,8,18,7
165,3156,126.55374,43.90036,14,1,6,24,17
129,2688,126.51583,43.80783,1,1,7,30,10
165,1656,126.57324,43.91802,1,1,9,14,9
165,1656,126.60463,43.8717,1,1,10,3,10
53,75,126.55602,43.82384,10,1,8,8,10
31,3073,126.55601,43.86706,1,1,6,4,10
31,435,126.56254,43.87092,1,1,6,19,8
53,4474,126.55252,43.81812,14,1,9,7,8
31,152,126.5663,43.88559,14,1,6,4,12
31,4849,126.57546,43.85155,1,1,7,31,12
129,2688,126.52865,43.82413,1,1,10,1,7
53,2618,126.5725,43.82999,3,1,6,7,9
129,638,126.54516,43.84382,1,1,7,9,9
31,949,126.59247,43.84449,1,1,6,8,13
53,1103,126.56605,43.83206,14,1,7,28,9
53,4474,126.55862,43.80123,1,1,9,19,9
129,2688,126.52626,43.82619,1,1,5,29,13
129,2925,126.50809,43.82347,4,1,8,4,9
165,3156,126.55351,43.91052,1,0,6,30,10
31,4849,126.57221,43.84466,1,1,5,30,8
53,75,126.55001,43.82691,1,1,7,31,8
129,2688,126.52518,43.82016,1,1,9,23,8
165,2709,126.57074,43.8988,14,1,6,26,11
53,1103,126.57185,43.83104,14,1,8,3,9
129,2688,126.51783,43.80664,1,1,8,19,9
129,2688,126.51721,43.80933,1,1,8,23,8
31,4849,126.57813,43.84307,1,1,7,1,7
165,3156,126.54413,43.91407,1,1,7,7,10
129,2688,126.51886,43.80719,1,1,8,28,7
129,2688,126.52521,43.82395,1,1,8,17,8
129,2925,126.52668,43.83599,14,1,5,29,9
31,949,126.59407,43.86305,14,1,9,24,8
31,4849,126.57578,43.84366,1,1,7,27,11
31,435,126.55677,43.86322,14,1,8,20,7
31,4849,126.56708,43.84773,7,1,5,31,15
53,4474,126.55456,43.81993,1,1,9,4,9
53,75,126.5488,43.82487,1,1,8,17,8
53,75,126.57049,43.82188,14,1,8,3,9
31,4849,126.57625,43.85077,1,1,8,14,8
31,1558,126.56232,43.88526,14,1,10,12,9
129,2688,126.51656,43.80894,1,1,8,22,9
165,3156,126.54973,43.91059,14,1,8,10,11
53,1103,126.59966,43.82983,1,1,8,26,9
31,4849,126.57779,43.84152,1,1,7,5,7
165,1656,126.55904,43.92119,14,1,7,16,9
165,1656,126.57041,43.9294,1,1,9,15,9
129,2688,126.5178,43.8073,1,1,6,9,14
31,4849,126.56755,43.84664,7,1,9,21,9
53,1103,126.56947,43.83099,14,1,8,19,10
53,1103,126.57112,43.81046,1,1,6,11,16
129,2925,126.52327,43.83675,1,1,8,7,9
129,1520,126.55894,43.84546,7,1,9,6,7
53,3939,126.56125,43.82515,10,1,5,29,8
129,2688,126.5245,43.81716,1,1,7,23,8
129,2688,126.53206,43.82126,1,1,8,15,8
53,75,126.57572,43.82569,1,1,9,4,8
53,1103,126.57224,43.83089,14,1,9,3,10
31,435,126.55271,43.87219,1,1,8,30,9
129,2688,126.53087,43.82486,1,1,8,26,10
53,1103,126.56701,43.80717,1,1,9,17,14
165,3156,126.54835,43.9109,1,1,5,21,10
53,75,126.56808,43.82919,1,1,8,24,8
129,161,126.56614,43.85714,1,1,6,14,10
53,1103,126.56633,43.808,1,1,6,19,15
129,2665,126.55849,43.84956,1,1,8,9,9
165,1656,126.5599,43.91805,14,1,7,28,8
31,4849,126.58263,43.83669,14,1,5,17,8
165,3156,126.54732,43.91338,1,1,8,10,11
53,75,126.56892,43.82597,1,1,9,24,8
129,2688,126.52494,43.81812,1,1,6,11,9
53,487,126.54905,43.79125,1,1,7,6,8
53,487,126.52434,43.801,1,1,8,26,9
31,949,126.59102,43.84148,1,1,8,15,7
53,1103,126.57847,43.82953,1,1,7,6,9
31,435,126.55561,43.86235,14,1,9,6,7
31,4322,126.54008,43.87757,14,1,5,25,12
129,2688,126.52061,43.81678,1,1,9,24,8
165,3156,126.55611,43.91408,1,1,8,9,9
31,435,126.55554,43.86247,14,1,9,28,8
53,487,126.5324,43.80683,1,1,8,8,10
129,161,126.56327,43.84621,14,1,6,14,17
129,2925,126.50004,43.82152,14,1,8,10,14
53,75,126.56586,43.83065,7,1,5,17,8
53,75,126.57848,43.82166,1,1,10,1,8
129,161,126.53739,43.84743,1,1,6,13,11
129,638,126.5456,43.84046,14,1,7,13,9
31,4609,126.58216,43.85019,1,1,6,19,9
129,2665,126.5661,43.84953,7,1,8,19,8
53,75,126.57034,43.82569,1,1,9,29,8
129,2688,126.5149,43.80881,1,1,5,29,19
31,435,126.55998,43.8709,1,1,8,24,8
53,75,126.56557,43.81282,14,1,8,4,9
53,1103,126.57237,43.81124,1,1,9,17,14
53,4474,126.54875,43.8175,1,1,9,21,9
53,487,126.59332,43.77797,14,1,9,18,8
129,2688,126.51121,43.80858,1,1,7,21,8
129,638,126.54651,43.83696,1,1,6,4,11
31,4849,126.57629,43.83917,1,1,9,25,8
31,4849,126.56801,43.83947,13,1,8,11,9
31,435,126.55828,43.87132,1,1,7,18,8
53,487,126.52332,43.80153,1,1,9,13,11
53,75,126.5758,43.82563,1,1,7,23,8
31,949,126.59258,43.84197,1,1,9,26,7
31,435,126.56286,43.86339,1,1,8,19,7
165,1656,126.57125,43.92861,1,1,9,14,9
129,2688,126.51717,43.80935,1,1,6,30,9
129,2688,126.52019,43.81585,1,1,8,3,8
31,4849,126.57423,43.84414,7,1,9,23,7
53,4474,126.55752,43.81602,14,1,7,28,8
165,3156,126.54974,43.91069,14,0,5,26,10
53,4474,126.54698,43.81625,1,1,8,20,8
31,949,126.59569,43.84223,14,1,7,12,7
53,4474,126.54592,43.81091,1,1,9,21,9
31,435,126.55913,43.86011,14,1,6,30,9
165,2709,126.57661,43.89711,14,1,9,16,8
129,2688,126.53291,43.82535,1,1,6,17,10
165,3156,126.55396,43.90852,1,1,7,16,8
129,2925,126.5138,43.81442,1,1,6,14,9
31,949,126.58681,43.84851,1,1,7,29,8
53,75,126.57021,43.82358,1,1,7,25,8
129,2688,126.51683,43.81182,1,1,9,5,7
165,3156,126.5456,43.91106,1,0,6,13,8
31,4849,126.57147,43.84882,1,1,7,19,7
31,4849,126.58459,43.84281,1,1,9,26,7
165,1656,126.57003,43.92935,1,1,6,26,9
53,4474,126.5453,43.81644,1,1,8,21,8
53,75,126.56388,43.83182,14,1,6,10,8
129,638,126.55643,43.84173,1,1,7,7,9
31,4849,126.56953,43.84725,14,1,7,16,9
129,2925,126.52001,43.82762,1,1,8,12,8
31,3073,126.54819,43.86793,1,1,5,31,13
31,4849,126.56723,43.84686,7,1,6,17,13
53,75,126.56739,43.8128,14,1,8,16,17
31,4849,126.58376,43.84149,1,1,5,24,9
129,2925,126.52321,43.83673,1,1,5,28,11
129,638,126.54096,43.83336,14,1,7,30,16
31,1558,126.57587,43.88249,1,1,10,17,8
53,1103,126.571,43.83141,1,1,9,4,12
53,75,126.56686,43.83103,3,1,7,18,8
129,2925,126.51868,43.82121,1,1,6,28,11
165,1656,126.56901,43.92142,14,1,8,16,10
53,487,126.57717,43.77912,1,1,8,31,8
129,3458,126.53476,43.83269,1,1,5,30,17
53,75,126.56842,43.81498,1,1,8,25,9
31,4322,126.547,43.87706,1,1,5,30,16
31,4849,126.57366,43.85393,14,1,8,24,9
53,75,126.54623,43.82277,1,1,9,23,8
31,4849,126.57257,43.83952,1,1,9,18,8
165,290,126.5549,43.9109,3,1,9,26,8
129,2302,126.55288,43.84867,1,1,7,11,9
53,75,126.54318,43.82374,1,1,8,18,8
31,435,126.55015,43.8745,1,1,9,19,7
165,1656,126.59404,43.89931,14,1,7,21,8
165,3156,126.54834,43.90709,1,1,7,28,9
129,2688,126.5193,43.81,1,1,8,15,8
129,638,126.54826,43.8458,1,1,7,23,8
129,2665,126.55081,43.84873,1,1,8,30,7
31,949,126.5868,43.85843,1,1,8,31,9
53,75,126.57026,43.8211,1,1,5,29,8
129,2925,126.51274,43.8139,1,1,6,11,9
129,1520,126.5485,43.84743,1,1,10,1,7
165,3156,126.55359,43.91061,1,1,8,3,9
129,2688,126.5181,43.81743,14,1,7,2,14
165,1656,126.562,43.92907,14,1,7,13,9
129,1520,126.54605,43.84539,1,1,10,13,8
129,2665,126.54013,43.84784,1,1,8,20,8
31,435,126.55583,43.8602,1,1,6,13,8
53,487,126.5358,43.80822,1,1,5,28,16
165,1656,126.5685,43.9185,14,1,8,25,9
53,1103,126.56605,43.83219,14,1,9,20,8
129,2688,126.53255,43.8247,1,1,8,19,9
53,75,126.54482,43.82444,1,1,8,20,8
165,3156,126.55076,43.90595,1,0,5,16,10
129,2688,126.53032,43.82209,14,1,9,3,11
165,1656,126.55001,43.91628,14,1,9,2,9
129,2688,126.51835,43.8177,14,1,6,1,18
53,4474,126.54706,43.81812,14,1,10,2,8
165,2709,126.56938,43.89628,14,1,9,30,8
53,4474,126.54267,43.81727,1,1,9,10,8
53,1103,126.59645,43.83323,1,1,9,30,9
53,75,126.56948,43.83058,14,1,7,2,8
53,4474,126.54949,43.8199,14,1,9,23,9
53,1103,126.57624,43.82847,1,1,8,29,9
53,75,126.576,43.82281,1,1,8,13,9
31,1558,126.59021,43.85523,14,1,10,15,8
31,949,126.58844,43.85887,1,1,5,31,10
129,2688,126.5238,43.81587,1,1,7,16,8
53,4474,126.55842,43.80871,1,1,7,4,9
53,4474,126.54592,43.81096,1,1,7,25,8
53,1103,126.60129,43.8337,1,1,6,19,10
31,4849,126.57529,43.8424,1,1,8,16,7
53,487,126.53528,43.80489,14,1,9,25,8
53,1103,126.59849,43.8277,14,1,8,20,9
129,2925,126.51874,43.83289,1,1,6,18,14
129,1520,126.56348,43.84686,14,1,10,2,8
53,1103,126.56531,43.83194,0,1,6,28,9
129,2688,126.51684,43.81062,1,1,9,21,7
31,4849,126.57564,43.84256,1,0,10,1,9
53,4474,126.56181,43.81599,14,1,9,30,8
53,1103,126.57128,43.81335,1,1,8,31,13
129,2688,126.50383,43.80282,1,1,8,11,12
31,4849,126.57555,43.85224,1,1,8,7,11
53,75,126.57229,43.82337,14,1,6,12,13
53,75,126.5718,43.82026,1,1,7,27,9
129,2925,126.51923,43.82346,14,1,8,27,7
129,638,126.5535,43.83935,1,1,8,1,9
31,4849,126.57314,43.8463,1,1,9,29,8
53,75,126.54477,43.82448,1,1,8,10,8
31,435,126.55373,43.87107,1,1,8,14,7
165,290,126.55087,43.91203,1,1,9,12,9
129,2925,126.51856,43.83252,1,1,6,14,9
53,979,126.55195,43.80365,1,1,6,9,9
129,2665,126.54368,43.84481,14,1,8,24,7
31,1558,126.56149,43.88544,14,1,10,5,8
129,2688,126.5167,43.82179,14,1,8,6,9
165,3156,126.55518,43.91565,14,1,5,21,10
165,1656,126.55099,43.90235,14,1,9,5,9
53,487,126.54753,43.82176,14,1,8,27,8
53,487,126.5777,43.77804,1,1,9,22,9
31,4849,126.57377,43.84483,12,1,7,31,12
31,4849,126.57674,43.84189,1,1,8,4,14
165,1656,126.55258,43.91042,1,1,8,30,9
53,1103,126.57733,43.82634,1,1,7,25,9
31,949,126.54767,43.86895,1,1,5,16,13
53,3559,126.5921,43.82062,14,1,5,29,17
129,638,126.53941,43.84392,14,1,7,8,8
53,4474,126.54961,43.81534,1,1,9,18,8
31,4849,126.57324,43.83915,1,1,9,29,8
129,2665,126.55229,43.848,1,1,8,8,8
129,638,126.5547,43.83928,1,1,6,10,9
31,4849,126.56877,43.84679,14,1,5,21,16
31,949,126.58699,43.84301,1,1,6,29,9
129,161,126.56332,43.85152,14,1,6,17,12
53,487,126.57881,43.7787,1,1,9,29,8
53,75,126.54928,43.82387,1,1,7,18,8
165,1656,126.55884,43.89764,1,1,7,28,9
53,487,126.5685,43.77865,14,1,9,3,7
129,2688,126.52321,43.81934,1,1,9,21,7
31,2398,126.57211,43.87697,1,1,10,2,8
165,1656,126.56852,43.9207,1,1,7,25,9
129,2665,126.54901,43.84878,14,1,8,7,9
129,1520,126.56385,43.85719,7,1,9,30,9
53,1103,126.57087,43.80651,1,1,7,30,13
31,435,126.5519,43.85714,14,1,9,23,7
129,2688,126.52745,43.8252,1,1,8,9,9
53,4474,126.54357,43.81825,1,1,8,13,9
53,75,126.55182,43.82927,1,1,8,15,8
53,75,126.57006,43.8243,1,1,5,30,9
53,487,126.52513,43.80356,1,1,9,9,9
53,1103,126.57654,43.8298,1,1,7,24,8
129,2925,126.5133,43.83256,1,1,9,4,9
31,949,126.59465,43.84188,14,1,7,16,7
129,87,126.54585,43.84021,14,1,10,15,11
31,4849,126.57458,43.84879,1,1,7,14,7
165,1656,126.55574,43.93118,14,1,9,6,9
31,435,126.55598,43.86014,1,1,6,27,9
129,2688,126.53259,43.82478,1,1,8,10,12
53,4474,126.55533,43.80667,1,1,8,22,8
129,2688,126.52066,43.81447,1,1,8,29,8
129,2688,126.52302,43.82115,14,1,9,27,9
53,487,126.55133,43.78683,14,1,7,15,9
53,4474,126.54368,43.81918,14,1,8,27,8
31,949,126.58606,43.84804,1,1,7,27,8
53,1103,126.57908,43.82931,1,1,8,12,9
129,2925,126.52243,43.83645,1,1,7,10,8
31,435,126.55276,43.8722,1,1,8,30,9
129,2688,126.53248,43.8239,1,1,9,3,7
53,487,126.55647,43.79216,14,1,5,30,9
165,2709,126.56325,43.91173,1,1,8,12,8
53,1103,126.57072,43.80644,1,1,9,2,16
53,75,126.54802,43.82905,1,1,8,24,8
129,2688,126.52208,43.82686,1,1,9,15,15
129,638,126.56051,43.84229,4,1,6,3,15
165,3156,126.55447,43.91478,14,1,5,27,10
53,4474,126.54685,43.81401,1,1,6,17,15
165,2709,126.56837,43.9004,14,1,5,24,8
129,323,126.51989,43.82828,1,1,9,27,9
53,2452,126.58513,43.78239,1,1,6,1,8
165,3156,126.54697,43.90979,1,1,6,29,9
53,1103,126.57051,43.80341,14,1,8,21,13
129,2665,126.55333,43.85286,14,1,8,2,9
31,4849,126.57592,43.84155,1,1,9,2,8
31,949,126.57092,43.84351,1,1,8,15,7
129,2925,126.51819,43.82362,14,1,8,29,9
31,1558,126.56555,43.87067,1,1,10,17,8
31,4849,126.57967,43.83786,14,1,8,9,8
31,4609,126.56252,43.86097,1,1,6,18,12
53,487,126.52157,43.80147,1,1,6,18,14
129,638,126.53957,43.84508,1,1,7,21,9
31,435,126.55497,43.87227,1,1,8,30,9
129,2688,126.5253,43.82402,1,1,8,13,8
31,435,126.55614,43.86058,1,1,5,24,8
165,1656,126.56043,44.00275,14,1,7,30,9
53,75,126.57379,43.82027,1,1,6,29,9
31,435,126.55069,43.86015,1,0,9,25,12
31,2208,126.54247,43.8721,14,1,6,7,9
129,2688,126.51823,43.80844,1,1,9,20,9
53,4474,126.55647,43.80061,1,1,7,2,8
53,75,126.56502,43.8164,1,1,7,5,8
31,435,126.55283,43.87219,1,1,8,31,9
53,75,126.5622,43.82169,10,1,9,11,9
129,2688,126.53268,43.82252,1,1,7,19,8
129,2925,126.52327,43.83674,1,1,7,25,9
53,75,126.56356,43.82029,7,1,9,30,8
129,2688,126.52793,43.82076,1,1,8,14,15
53,75,126.56495,43.82964,7,1,9,6,8
129,2665,126.54907,43.84874,14,1,8,17,8
53,487,126.53332,43.80616,1,1,9,20,8
31,949,126.58663,43.8456,14,1,6,15,7
129,2688,126.53106,43.82282,1,1,8,13,8
31,949,126.59184,43.84289,1,1,8,14,8
53,75,126.56175,43.81383,14,1,9,7,8
31,4849,126.57521,43.84987,1,1,7,13,7
53,1103,126.57907,43.82834,1,1,9,2,13
53,4474,126.55084,43.81374,2,1,8,11,9
129,2665,126.54409,43.85044,1,1,8,5,9
31,949,126.58924,43.84971,1,1,9,1,9
53,487,126.54155,43.79272,14,1,8,24,8
31,4849,126.57473,43.84171,14,1,9,18,8
165,1656,126.54456,43.90504,1,1,9,19,8
53,75,126.57119,43.82473,1,1,6,3,13
31,949,126.59472,43.8447,14,1,8,26,8
31,435,126.55557,43.86242,14,1,5,31,9
53,75,126.57551,43.82547,1,1,9,22,9
129,2665,126.54827,43.84523,1,1,8,15,8
129,1520,126.55548,43.84593,14,1,9,25,8
129,638,126.54611,43.83779,1,1,6,28,10
53,4474,126.54434,43.81656,1,1,8,28,8
53,4474,126.55538,43.81275,1,1,8,13,9
129,1520,126.55595,43.84566,14,1,10,1,7
129,2688,126.5322,43.82258,1,1,9,23,8
31,949,126.59102,43.86112,1,1,8,13,7
165,3156,126.54678,43.91625,1,1,5,14,10
129,2688,126.51937,43.81023,1,1,6,3,8
31,4849,126.57941,43.84516,1,1,8,17,7
129,2688,126.52021,43.82458,1,1,9,5,8
129,1520,126.55863,43.84795,14,1,9,2,11
31,435,126.55289,43.8722,1,1,8,20,7
53,4474,126.55674,43.81055,14,1,8,30,8
31,949,126.59602,43.84114,14,1,9,5,8
129,588,126.50248,43.82018,14,1,5,16,10
129,2688,126.52585,43.81416,1,1,9,23,8
31,435,126.55551,43.86239,14,1,7,31,13
165,1656,126.55948,43.90281,14,1,5,28,15
31,949,126.58734,43.84225,1,1,9,25,7
31,4849,126.56988,43.83884,1,1,8,22,16
129,638,126.55373,43.83908,1,1,6,12,9
53,75,126.56687,43.8126,14,1,6,1,7
53,1103,126.58016,43.82838,1,1,8,18,10
53,1103,126.56522,43.83207,0,1,6,13,9
31,949,126.58742,43.83885,14,1,8,22,8
129,2925,126.50679,43.82068,1,1,8,13,9
31,4849,126.57985,43.83917,14,1,9,27,8
129,2925,126.51325,43.81475,1,1,7,16,8
31,4849,126.57408,43.85337,1,1,7,29,8
53,1103,126.57126,43.83095,14,1,10,1,9
129,2688,126.51662,43.82416,14,1,7,3,8
31,435,126.55279,43.87227,1,1,9,14,7
31,435,126.56249,43.86222,1,1,9,27,8
53,3939,126.5537,43.82495,1,1,5,29,8
31,435,126.56195,43.86753,1,1,9,21,9
53,1103,126.56683,43.83238,14,1,6,30,10
129,2688,126.53255,43.8265,1,1,8,27,7
53,487,126.59461,43.77875,14,1,6,9,14
129,161,126.55051,43.84918,14,1,6,13,11
129,1520,126.53778,43.84628,1,1,10,14,8
129,2665,126.56393,43.84687,14,1,8,27,7
53,75,126.57008,43.82424,1,1,6,8,12
31,4849,126.56919,43.84152,14,1,7,18,7
165,1656,126.54982,43.91066,14,1,9,6,9
53,1103,126.59339,43.83153,1,1,6,24,9
53,4474,126.55438,43.8062,1,1,8,4,8
129,2688,126.53169,43.82161,1,1,8,6,8
31,949,126.59102,43.84113,1,1,7,26,7
31,4849,126.57556,43.85322,1,1,8,31,13
53,1103,126.56594,43.83214,14,1,8,16,10
31,4849,126.58287,43.84356,4,1,6,28,8
165,1656,126.55951,43.9209,14,0,6,3,9
129,1520,126.54891,43.84882,14,1,9,24,8
31,4849,126.57366,43.85108,14,1,8,4,14
53,75,126.57254,43.82803,1,1,8,10,13
53,4474,126.55453,43.81947,1,1,9,1,9
53,1103,126.60568,43.83667,4,1,9,13,10
31,435,126.55279,43.87213,1,0,6,7,13
129,1520,126.55443,43.84594,14,1,9,25,8
53,1103,126.56786,43.83238,14,1,8,28,9
53,487,126.52551,43.79985,14,1,9,30,8
31,4849,126.57947,43.84521,1,1,9,29,8
129,2925,126.48675,43.818,14,1,7,23,8
129,2688,126.52261,43.81787,1,1,7,17,14
53,487,126.52929,43.805,14,1,6,29,9
165,3156,126.54744,43.90968,1,0,6,10,8
165,1656,126.55635,43.91452,1,1,8,28,8
31,435,126.55217,43.87371,1,1,5,25,12
129,2688,126.52451,43.82274,1,1,9,8,7
53,1177,126.6013,43.80502,14,1,6,8,7
31,2208,126.54841,43.87409,1,1,6,5,12
53,1103,126.57302,43.81167,1,1,7,24,12
165,1656,126.57578,43.92047,1,1,7,31,9
31,4849,126.5675,43.8439,14,1,6,12,9
53,75,126.56388,43.81473,1,1,8,22,16
31,949,126.59052,43.84741,1,1,8,20,8
31,435,126.56534,43.86193,1,1,9,17,8
53,4474,126.54597,43.81101,1,1,8,21,8
129,1520,126.56504,43.85349,14,1,10,13,8
165,3156,126.55148,43.90374,1,0,5,14,9
31,435,126.55001,43.86915,1,1,9,7,9
53,75,126.54924,43.82388,1,1,8,22,8
129,638,126.55404,43.83916,1,1,7,24,8
31,4849,126.57567,43.84297,1,1,8,4,18
53,75,126.5761,43.8216,1,1,9,8,9
53,487,126.52752,43.80435,14,1,8,9,8
129,2665,126.55795,43.85487,1,1,8,9,9
53,1103,126.57167,43.81091,1,1,9,18,13
129,2688,126.51823,43.80953,1,1,6,27,15
53,4474,126.5438,43.81634,1,1,7,20,8
31,4849,126.57849,43.8415,1,1,9,15,7
31,949,126.58973,43.86258,1,1,9,20,8
129,2925,126.51649,43.8169,1,1,7,25,9
31,4322,126.54649,43.87795,1,1,6,19,17
53,75,126.56408,43.82456,12,1,7,11,7
165,3156,126.55391,43.90005,14,1,7,22,9
129,1520,126.54411,43.85046,1,1,9,21,7
53,75,126.55405,43.82451,1,1,8,22,8
31,4849,126.58321,43.84038,1,1,7,7,7
53,1103,126.57189,43.80936,1,1,9,6,15
129,2925,126.51867,43.83158,1,1,7,29,9
129,2925,126.51677,43.82646,14,1,8,3,9
53,1103,126.57071,43.80656,1,1,7,11,11
31,1558,126.55429,43.86695,1,1,10,8,15
53,1103,126.57848,43.82979,1,1,5,21,9
31,4849,126.58476,43.84423,14,1,9,8,9
165,290,126.54798,43.91027,1,1,9,21,9
129,2925,126.51793,43.83317,1,1,6,7,10
53,1103,126.57144,43.8108,1,1,8,10,15
53,75,126.5722,43.821,1,1,7,4,9
31,949,126.59473,43.85866,14,1,8,5,7
129,1520,126.55495,43.85425,1,1,9,5,7
129,2925,126.51692,43.82533,1,1,6,4,11
165,1656,126.56293,43.91983,14,1,10,4,9
165,3156,126.5522,43.91366,14,0,7,1,8
31,435,126.55289,43.87227,1,1,8,11,8
53,487,126.52488,43.80473,1,1,7,12,7
129,638,126.56336,43.84197,3,1,6,10,9
165,2709,126.55845,43.90984,1,0,5,13,9
31,435,126.55583,43.86014,1,1,6,28,9
129,2665,126.54901,43.8488,14,1,8,25,7
53,4474,126.54234,43.82093,1,1,8,30,8
129,323,126.51135,43.8179,1,1,9,28,10
31,949,126.59203,43.84071,1,1,9,18,8
129,2688,126.53085,43.82838,14,1,7,26,8
165,1656,126.5564,43.91628,14,1,7,22,9
165,2709,126.56699,43.90539,1,1,9,29,8
165,1656,126.56386,43.91278,14,1,7,28,8
31,435,126.55172,43.87039,1,1,9,24,8
129,638,126.55452,43.84326,14,1,6,1,12
53,1103,126.57134,43.80589,1,1,8,5,13
53,487,126.53657,43.80666,1,1,5,18,10
129,161,126.54147,43.84466,1,1,6,12,10
53,4474,126.55747,43.80081,1,1,8,29,9
53,487,126.5867,43.78063,1,1,5,29,9
129,2688,126.52749,43.82655,1,1,9,3,7
31,435,126.55281,43.87228,1,1,7,18,8
53,1103,126.56785,43.83229,14,1,9,3,10
165,3156,126.54949,43.90743,1,1,5,15,11
53,75,126.55199,43.83121,1,1,7,29,8
53,75,126.57631,43.82081,14,1,9,13,8
31,949,126.58782,43.84892,1,1,9,7,8
53,75,126.56421,43.82697,14,1,9,1,9
31,435,126.55204,43.87204,1,1,6,3,14
31,4849,126.57545,43.85363,1,1,7,6,7
53,75,126.5532,43.83057,1,1,7,7,9
31,949,126.58743,43.84745,1,1,6,13,8
53,1103,126.57944,43.82909,1,1,7,23,9
129,2925,126.5142,43.81697,1,1,7,3,9
129,2925,126.51388,43.81536,14,1,9,9,9
129,2665,126.56241,43.84877,7,1,8,29,9
53,487,126.52987,43.80528,14,1,8,30,8
53,4474,126.55343,43.81696,14,1,8,18,8
53,75,126.55594,43.83223,1,1,8,9,8
31,435,126.55445,43.86063,14,1,6,7,8
53,1103,126.57106,43.83081,14,1,9,26,9
165,1656,126.5475,43.91088,1,1,9,6,9
53,75,126.54751,43.82723,14,1,6,29,9
31,949,126.58838,43.8571,1,1,6,6,13
31,4849,126.57566,43.84614,1,1,7,24,7
31,4849,126.56852,43.84381,14,1,9,24,9
53,75,126.56411,43.82729,14,1,9,12,9
53,1103,126.57747,43.82969,1,1,5,17,11
31,435,126.5619,43.86753,1,1,5,20,7
31,949,126.59013,43.83908,1,1,6,8,13
129,2688,126.52836,43.82451,1,1,8,20,8
31,4849,126.57391,43.85336,1,1,9,23,7
129,2665,126.54402,43.85041,1,1,8,10,8
129,2688,126.52787,43.82061,1,1,8,10,13
129,638,126.56141,43.84087,1,1,7,25,9
129,2688,126.52282,43.82114,14,1,7,2,14
53,75,126.55244,43.82804,1,1,7,14,9
31,949,126.58865,43.84433,1,1,8,26,8
129,2688,126.5283,43.81924,14,1,6,25,16
53,487,126.55249,43.78783,14,1,5,29,9
53,1103,126.57165,43.81091,1,1,9,12,17
53,2618,126.56706,43.80182,4,1,6,3,11
165,1656,126.56276,43.92158,1,1,7,7,10
53,4474,126.55551,43.80561,1,1,6,15,8
165,1656,126.55719,43.91106,3,1,10,10,8
129,2688,126.52721,43.81556,1,1,6,29,8
53,75,126.56289,43.81934,14,1,7,9,7
31,4849,126.56725,43.84695,7,1,8,27,10
165,1656,126.55377,43.90706,1,0,6,2,9
129,2925,126.52057,43.82207,14,1,6,12,9
31,949,126.58801,43.84361,1,1,5,24,15
31,4849,126.56815,43.84952,7,1,8,25,9
129,2925,126.52327,43.8367,1,1,6,18,9
31,435,126.5629,43.86189,1,1,9,20,8
129,2665,126.55559,43.84518,14,1,8,11,8
31,949,126.59329,43.83983,1,1,9,11,8
129,2688,126.50394,43.79712,14,1,7,1,9
129,638,126.55104,43.83998,1,1,6,3,11
53,75,126.55686,43.82461,10,1,7,31,8
129,2925,126.51686,43.81871,1,1,7,28,8
53,1103,126.59878,43.8347,1,1,8,13,9
53,75,126.56002,43.82316,10,1,8,4,8
31,4849,126.58116,43.84355,1,1,6,9,9
31,4849,126.57416,43.84225,14,1,7,21,7
31,435,126.55841,43.87045,1,0,9,29,7
165,1656,126.57077,43.92772,1,1,9,3,9
165,1656,126.58625,43.89419,1,1,10,10,8
129,638,126.55425,43.84127,1,1,7,28,8
53,75,126.57113,43.82008,14,1,8,4,9
129,638,126.56005,43.84203,1,1,7,11,8
53,3559,126.55155,43.8107,13,1,6,3,13
53,1103,126.59914,43.83431,1,1,8,14,9
129,1520,126.55506,43.85421,1,1,9,3,11
53,318,126.59004,43.77467,14,1,5,16,8
129,2688,126.53284,43.82526,1,1,9,5,7
31,4322,126.54869,43.87605,1,1,5,30,16
165,1656,126.56234,43.92771,14,1,9,17,8
53,1103,126.57212,43.80587,1,1,9,4,16
53,487,126.54742,43.7948,14,1,6,10,8
53,1103,126.57046,43.83202,1,1,8,17,9
129,2688,126.51683,43.81388,1,1,7,17,9
31,4849,126.57512,43.84981,1,1,7,22,7
31,949,126.59339,43.84178,14,1,9,14,7
31,949,126.59228,43.84015,1,1,9,27,8
129,87,126.54839,43.83926,14,1,10,11,8
53,1103,126.56698,43.83256,14,1,7,28,9
31,4849,126.57888,43.84399,1,1,9,5,8
129,87,126.55373,43.83888,1,1,10,8,8
129,2665,126.54335,43.84197,1,1,8,2,9
129,2925,126.51652,43.81401,1,1,7,31,13
53,75,126.56732,43.82974,1,1,6,19,9
129,2688,126.52024,43.81037,1,1,9,16,9
129,2688,126.52588,43.81474,1,1,9,8,7
31,4849,126.57195,43.83896,1,1,6,19,15
53,4474,126.54421,43.81657,1,1,9,13,8
53,487,126.53573,43.80369,14,1,9,3,7
53,4474,126.55107,43.80455,1,1,7,14,10
53,4474,126.54601,43.81018,1,1,8,12,9
31,4849,126.56975,43.83955,14,1,8,26,9
53,4474,126.55871,43.80804,1,1,7,8,8
129,87,126.55481,43.84299,14,1,10,17,9
53,75,126.56875,43.81419,1,1,7,17,8
165,1656,126.6062,43.90343,14,1,5,17,10
129,2688,126.51994,43.81822,1,1,8,2,17
165,1656,126.55147,43.91067,14,1,9,8,9
31,949,126.59483,43.85212,1,1,5,31,10
53,1103,126.57071,43.80656,1,1,9,7,14
31,949,126.5923,43.84759,1,1,8,5,7
165,1656,126.55535,43.90975,1,1,8,9,9
165,1656,126.57296,43.92305,1,1,8,10,12
53,75,126.56028,43.83299,7,1,9,9,8
129,2925,126.51646,43.83206,1,1,7,24,8
129,2688,126.53096,43.82481,1,1,7,31,13
53,4474,126.55175,43.81633,14,1,8,10,8
31,949,126.59301,43.85861,14,1,5,21,8
129,2665,126.55231,43.8491,1,1,8,18,8
129,2688,126.51575,43.80825,1,1,8,20,8
53,1103,126.57961,43.82731,1,1,7,14,9
31,949,126.59198,43.84588,4,1,8,16,7
165,3156,126.55495,43.89963,1,1,8,14,9
53,4474,126.54596,43.81109,1,1,7,1,8
31,4849,126.57113,43.8447,1,1,8,9,7
53,1103,126.57941,43.82931,1,1,9,1,9
129,2688,126.515,43.80883,1,1,9,21,7
53,1087,126.57075,43.83098,14,1,6,19,10
129,2665,126.55168,43.84635,1,1,8,13,9
53,1103,126.57376,43.83126,1,1,7,21,8
31,949,126.58791,43.86292,1,1,7,16,7
165,1656,126.62205,43.88714,1,0,6,6,12
129,2925,126.4992,43.81763,1,1,8,14,9
31,949,126.58643,43.86009,1,1,5,30,8
31,435,126.55172,43.87026,1,1,6,25,17
31,435,126.5538,43.87443,1,1,8,1,7
129,2688,126.51683,43.82156,14,1,8,17,8
31,949,126.59738,43.84893,14,1,9,5,8
53,4474,126.56012,43.81457,14,1,9,5,9
31,435,126.5505,43.87087,1,1,6,18,8
53,75,126.56895,43.81932,14,1,9,9,10
31,949,126.59185,43.8453,1,1,6,28,13
31,949,126.58833,43.85053,7,1,8,25,9
31,435,126.55486,43.86011,14,1,9,24,8
53,75,126.55546,43.82564,1,1,8,7,9
53,1103,126.57006,43.8312,14,1,8,8,10
53,4474,126.54625,43.81599,1,1,7,21,8
53,4474,126.54759,43.81305,1,1,9,26,8
165,1656,126.56539,43.90871,14,1,10,7,8
129,2688,126.5324,43.82391,1,1,8,18,8
129,2688,126.52243,43.82663,1,1,8,9,15
165,3156,126.55114,43.91218,1,1,7,25,10
53,1103,126.57176,43.81246,1,1,9,28,13
31,435,126.55182,43.85702,14,1,8,20,7
31,949,126.57281,43.84843,1,1,9,15,9
53,75,126.57741,43.82259,1,1,9,14,9
53,1103,126.57236,43.80673,1,1,9,29,14
53,4474,126.55561,43.80126,14,1,9,18,8
31,949,126.5917,43.84776,14,1,8,1,10
31,4849,126.5758,43.84757,1,1,9,4,8
53,75,126.56549,43.81971,14,1,6,16,10
165,290,126.55245,43.90531,1,1,9,30,8
31,2398,126.57146,43.87986,14,1,10,2,8
53,487,126.55475,43.79009,0,1,8,29,9
31,1558,126.59118,43.85259,1,1,10,8,8
53,75,126.56546,43.81971,14,1,9,4,9
31,949,126.59399,43.85795,14,1,9,14,7
129,2688,126.52161,43.81797,14,1,7,26,8
53,75,126.57192,43.82419,14,1,9,15,9
31,4849,126.57635,43.85083,1,1,7,20,7
165,1656,126.56673,43.93875,14,1,8,11,8
53,4474,126.54274,43.82005,1,1,8,7,14
129,1520,126.56607,43.85701,1,1,9,20,10
31,949,126.59183,43.85299,14,1,5,14,9
53,75,126.54919,43.82928,1,1,8,16,8
129,2688,126.52986,43.82749,1,1,9,24,8
53,1103,126.57747,43.82961,1,1,9,14,9
31,435,126.5528,43.87226,1,1,6,13,13
53,75,126.55447,43.82664,1,1,7,10,8
31,435,126.55417,43.87249,1,1,8,11,10
31,435,126.56013,43.85797,14,1,9,10,8
53,1103,126.56855,43.83177,14,1,8,11,9
129,2925,126.51552,43.81314,1,1,6,14,9
31,4849,126.56783,43.83929,13,1,8,11,8
53,4474,126.55753,43.80084,1,1,8,7,9
165,1656,126.55483,43.89978,1,1,6,19,13
53,75,126.55483,43.82593,1,1,7,20,8
129,2925,126.51459,43.8109,1,1,6,12,9
129,1520,126.5596,43.8553,14,1,10,17,8
31,435,126.55242,43.87296,1,0,5,15,14
31,4849,126.57975,43.84557,14,1,7,13,7
129,1520,126.54901,43.84875,14,1,9,29,8
129,2688,126.52671,43.81708,1,1,9,23,8
31,4849,126.57292,43.84448,7,1,9,29,8
31,4849,126.58108,43.84278,1,1,5,24,9
129,2665,126.54704,43.84158,14,1,8,20,8
53,4474,126.5452,43.81596,1,1,6,28,11
31,949,126.58871,43.86209,1,1,6,9,8
129,2688,126.52139,43.81243,1,1,7,1,8
31,1558,126.57217,43.87489,1,1,10,19,8
129,1520,126.55343,43.85085,14,1,9,3,7
129,2688,126.52919,43.82304,1,1,9,30,9
165,3156,126.54578,43.91675,1,1,8,11,9
31,1558,126.58063,43.86119,1,1,10,13,8
31,4849,126.58068,43.84557,14,1,7,7,7
53,75,126.55944,43.82517,1,1,7,25,8
129,638,126.54582,43.84407,14,1,6,9,9
129,2688,126.5198,43.82473,1,1,8,1,8
31,435,126.55275,43.87223,1,1,9,21,9
165,1656,126.57524,43.92207,1,0,6,10,8
53,979,126.55752,43.80083,1,1,6,8,13
53,487,126.52156,43.80133,1,1,5,30,9
53,75,126.57215,43.82106,1,1,8,21,9
53,1103,126.57099,43.8076,1,1,8,24,13
129,1520,126.56375,43.848,7,1,10,6,8
31,949,126.58978,43.86126,1,1,8,19,8
129,2688,126.53245,43.82391,1,1,6,17,10
53,1103,126.59794,43.83413,1,1,9,11,9
165,290,126.54716,43.91089,1,1,9,14,10
165,1656,126.58499,43.89476,14,1,7,23,8
165,3156,126.54976,43.90641,1,1,5,18,10
53,75,126.57299,43.82728,1,1,6,14,8
129,2688,126.52281,43.81528,1,1,6,12,9
129,2925,126.52331,43.83678,1,1,7,21,8
165,1656,126.56612,43.92747,14,0,6,9,8
31,435,126.56015,43.86703,14,1,8,17,7
31,4849,126.58117,43.83904,14,1,9,1,9
31,435,126.55282,43.87212,1,1,8,7,8
53,75,126.55978,43.83257,1,1,7,9,7
129,638,126.54475,43.83743,1,1,7,26,9
53,4474,126.55663,43.817,1,1,9,12,10
129,2688,126.51879,43.81357,1,1,7,12,8
165,3156,126.55299,43.91197,1,1,8,17,9
53,2615,126.55779,43.80852,1,1,6,14,9
53,487,126.54674,43.79352,14,1,8,4,8
165,3156,126.5543,43.91277,1,1,8,19,9
165,2709,126.57593,43.897,14,0,5,15,10
129,2688,126.53529,43.82932,1,1,9,28,9
53,1103,126.58813,43.82859,1,1,8,30,9
165,3156,126.5545,43.91465,14,1,6,29,9
53,1103,126.56692,43.80866,1,1,7,24,12
31,435,126.56267,43.86305,1,1,5,16,9
129,638,126.55831,43.84214,1,1,6,3,14
165,290,126.55399,43.91287,1,1,9,12,9
53,487,126.53461,43.80525,1,1,6,27,15
53,75,126.54524,43.82583,1,1,9,5,9
129,2665,126.55325,43.84616,1,1,8,22,9
31,949,126.58876,43.84823,1,1,9,4,8
31,435,126.5582,43.86997,1,1,5,25,16
53,75,126.56233,43.8263,1,1,6,4,9
53,487,126.58424,43.78228,1,1,9,17,7
31,4849,126.56876,43.84702,14,1,7,29,8
165,2709,126.55845,43.90335,14,1,6,26,10
53,75,126.56114,43.8273,14,1,7,29,8
129,2688,126.51859,43.81887,1,1,7,25,8
31,949,126.58539,43.84743,1,1,7,19,7
165,3156,126.55487,43.91417,14,1,7,8,9
31,4609,126.56185,43.86753,1,1,6,18,12
165,1656,126.56272,43.92651,14,1,8,16,10
165,2709,126.56352,43.91653,14,1,7,23,8
129,2688,126.53293,43.82473,1,1,6,11,9
53,1103,126.57949,43.82932,1,1,8,21,10
53,1103,126.56537,43.83203,0,1,8,16,10
53,487,126.59344,43.81712,14,1,6,19,19
31,435,126.56155,43.85808,14,1,8,19,7
31,4849,126.56951,43.84605,14,1,8,2,8
129,2688,126.52054,43.81352,1,1,8,12,10
129,2688,126.50943,43.81179,1,1,9,12,15
53,75,126.56618,43.81292,14,1,7,8,8
129,2665,126.56072,43.85277,1,1,8,2,9
53,1103,126.59645,43.83254,1,1,7,3,8
31,949,126.59278,43.85422,14,1,6,13,8
31,4849,126.57603,43.84441,1,1,9,9,8
53,75,126.56531,43.82904,1,1,7,17,8
53,4474,126.5537,43.81416,14,1,9,19,9
129,2925,126.51913,43.83244,1,1,9,1,7
129,2925,126.51384,43.81498,1,1,8,22,9
53,2615,126.55201,43.80406,1,1,6,13,9
53,75,126.57728,43.81876,14,1,6,30,14
31,435,126.56486,43.86209,14,1,9,4,8
31,4849,126.5709,43.84886,1,1,7,20,7
53,75,126.56653,43.82993,1,1,8,20,8
165,1656,126.56925,43.92975,1,1,7,18,8
129,2925,126.523,43.82284,14,1,6,15,9
31,949,126.59111,43.85247,1,1,9,26,7
129,2688,126.53224,43.8274,1,1,8,16,8
31,949,126.59216,43.86287,1,1,5,30,8
53,75,126.56521,43.81921,14,1,9,17,8
31,949,126.58974,43.86163,1,1,8,1,10
31,949,126.59479,43.85859,14,1,6,17,13
53,4474,126.54751,43.81731,14,1,8,5,8
129,1520,126.56337,43.84929,0,1,9,6,7
53,4474,126.54526,43.81954,14,1,9,8,9
53,1103,126.57071,43.8088,1,1,8,25,14
53,4474,126.54633,43.81578,1,1,9,17,8
31,435,126.56283,43.86178,1,1,6,8,8
53,75,126.57233,43.82034,1,1,6,11,9
53,4474,126.55264,43.81667,1,1,10,1,8
53,1103,126.57086,43.80651,1,1,5,30,20
31,4849,126.58309,43.84522,14,1,7,24,7
31,949,126.58968,43.86288,1,1,9,30,8
53,3559,126.56007,43.81927,14,1,6,3,13
129,1520,126.54917,43.84992,14,1,9,9,9
31,4849,126.58115,43.84258,1,1,8,29,13
53,75,126.57524,43.82109,14,1,8,12,9
31,4849,126.5735,43.83972,1,1,7,5,7
129,2688,126.5193,43.81796,14,1,7,23,8
31,949,126.59385,43.84016,1,1,9,4,8
53,75,126.55571,43.82485,1,1,7,20,8
165,1656,126.55301,43.9229,14,0,7,4,9
31,4849,126.56794,43.84611,7,1,8,26,9
129,2688,126.52072,43.8179,14,1,9,10,8
31,4849,126.58044,43.83801,14,1,7,14,7
31,949,126.59435,43.84168,14,1,6,7,14
31,949,126.59167,43.84068,1,1,9,14,7
129,87,126.56308,43.84478,14,1,10,4,8
129,2688,126.5213,43.81601,1,1,9,22,8
31,152,126.5678,43.88331,1,1,6,5,12
129,2665,126.55964,43.85522,14,1,8,11,8
53,487,126.58079,43.78296,14,1,7,31,8
31,4849,126.57641,43.84855,1,1,7,10,7
53,4474,126.54367,43.81915,14,1,8,6,8
53,1103,126.57121,43.83091,14,1,9,21,9
31,1558,126.5391,43.87014,1,1,10,4,13
53,75,126.57851,43.82072,1,1,8,3,8
165,2709,126.5646,43.91093,14,1,9,30,8
31,4849,126.58175,43.84182,1,1,5,20,8
53,75,126.57846,43.82516,12,1,9,24,8
31,435,126.56046,43.86205,1,0,9,25,12
129,2688,126.52053,43.81621,1,1,7,13,8
53,4474,126.55473,43.80255,14,1,9,26,8
53,4474,126.55606,43.81976,14,1,8,24,8
53,487,126.56662,43.76859,14,1,6,27,9
53,75,126.5555,43.83306,1,1,9,6,8
31,4849,126.57218,43.84278,1,1,6,2,7
129,2665,126.55868,43.84827,14,1,8,21,8
129,638,126.55937,43.84064,1,1,7,1,9
129,2925,126.49229,43.81555,1,1,7,22,8
165,3156,126.55709,43.91456,1,1,8,12,9
129,3458,126.54843,43.84745,1,1,6,27,10
53,75,126.55082,43.83031,1,1,7,22,8
53,4474,126.55043,43.82056,14,1,8,25,8
129,2925,126.52335,43.83676,1,1,6,9,9
129,1520,126.54663,43.8436,14,1,9,1,7
53,4474,126.54672,43.81939,14,1,8,11,9
129,2925,126.51799,43.82758,1,1,7,30,9
31,949,126.58746,43.85864,1,1,5,30,8
53,75,126.56759,43.814,14,1,5,29,9
31,949,126.59212,43.84011,1,1,7,12,7
129,1520,126.56008,43.85345,1,1,9,17,7
53,1103,126.57014,43.8312,14,1,9,14,9
165,2709,126.56339,43.91022,7,1,5,26,9
129,2665,126.54471,43.84896,1,1,8,24,7
53,4474,126.55327,43.81792,14,1,8,22,8
129,2688,126.53139,43.82782,14,1,8,28,8
31,4322,126.54869,43.87617,1,1,6,17,18
53,4474,126.5459,43.81093,1,1,9,11,8
53,1103,126.58699,43.82852,1,1,5,30,10
53,75,126.56799,43.82245,4,1,7,27,9
31,949,126.59119,43.8492,1,1,5,26,12
31,4849,126.57515,43.84976,1,1,9,19,8
31,949,126.59115,43.86119,1,1,9,8,8
53,3939,126.54736,43.82653,14,1,5,29,8
53,4474,126.55251,43.80275,10,1,9,6,9
53,4474,126.54286,43.81508,1,1,9,17,8
53,487,126.5467,43.79354,14,1,5,30,9
53,487,126.5482,43.79211,14,1,9,23,9
31,4849,126.57947,43.83715,14,1,6,13,9
31,4849,126.5713,43.84244,1,1,8,6,8
31,435,126.55285,43.87212,1,1,7,11,7
31,435,126.56208,43.86935,1,1,6,18,13
53,487,126.59334,43.77849,14,1,7,23,7
129,2688,126.52028,43.80853,1,1,7,6,8
31,4849,126.57349,43.83957,1,1,8,14,8
53,487,126.53045,43.80461,14,1,7,11,8
31,4849,126.57478,43.83895,1,1,7,21,7
129,638,126.54477,43.83691,1,1,6,19,19
165,1656,126.61685,43.89021,14,0,5,17,15
53,4474,126.55673,43.81064,14,1,9,1,9
129,2688,126.51916,43.82718,1,1,7,17,9
129,2925,126.52284,43.83461,14,1,9,17,7
31,949,126.59222,43.84013,1,1,9,10,10
53,75,126.56847,43.823,1,1,7,7,9
53,4474,126.54579,43.8162,1,1,7,10,8
129,2688,126.53111,43.82287,1,1,6,10,9
31,1558,126.55092,43.87332,1,1,10,12,9
53,1103,126.58006,43.82834,1,1,7,14,9
165,2709,126.57364,43.89992,14,0,7,2,8
129,638,126.54581,43.83822,14,1,7,23,9
165,1656,126.55085,43.91193,1,1,8,24,9
31,4849,126.58344,43.83999,1,1,8,22,9
31,435,126.55057,43.86113,1,1,9,3,7
129,638,126.55676,43.84275,1,1,6,29,9
31,3073,126.54939,43.86673,1,1,6,17,8
129,2688,126.51656,43.81546,1,1,8,3,8
53,1103,126.57228,43.83095,14,1,7,19,8
129,2688,126.52342,43.82635,1,1,8,27,8
53,4474,126.55197,43.8197,14,1,6,27,14
53,75,126.56866,43.82379,1,1,8,12,9
31,4322,126.56377,43.88352,14,1,5,31,16
53,4474,126.55725,43.81814,1,1,8,20,8
129,1520,126.53826,43.84768,1,1,9,8,7
31,949,126.54945,43.86992,1,1,6,27,14
31,4849,126.57644,43.84293,1,1,6,13,9
53,4474,126.54604,43.81013,1,1,7,20,8
31,4849,126.57553,43.85159,1,1,9,14,8
31,4849,126.56729,43.84687,7,1,7,11,7
129,1520,126.55793,43.85473,1,1,10,8,8
129,2688,126.51825,43.82284,14,1,6,12,16
31,949,126.54759,43.86908,1,1,5,16,13
165,1656,126.53278,43.93474,14,1,9,21,9
165,1656,126.55523,43.9098,1,1,7,28,8
53,2060,126.55959,43.81984,1,1,6,1,8
31,4849,126.58363,43.84152,1,1,6,11,9
53,75,126.5654,43.81964,14,1,8,19,9
129,2688,126.5317,43.82166,1,1,6,16,8
165,1656,126.55324,43.91231,1,1,9,16,9
53,1103,126.58976,43.83049,1,1,7,1,8
53,4474,126.56469,43.80156,4,1,9,10,16
53,75,126.55182,43.83117,1,1,8,3,8
31,435,126.55271,43.87151,1,1,8,22,7
53,1103,126.56691,43.83266,14,1,9,7,10
31,4849,126.57037,43.84345,1,1,7,9,8
31,4849,126.57223,43.84507,1,1,5,17,9
129,2665,126.5439,43.84533,14,1,8,2,9
129,2688,126.52719,43.82189,1,1,9,16,9
53,75,126.55012,43.82938,1,1,8,8,9
31,949,126.588,43.86339,1,1,5,20,8
165,2709,126.56278,43.91347,14,0,6,15,7
53,4474,126.55971,43.80768,1,1,8,13,9
53,75,126.56655,43.81997,14,1,8,30,8
31,1558,126.53935,43.86892,1,1,9,7,10
31,4849,126.57281,43.8462,1,1,7,14,8
31,4609,126.56192,43.86757,1,1,6,17,12
129,2688,126.53247,43.8239,1,1,8,13,8
129,2688,126.53268,43.82435,1,1,7,16,8
53,4474,126.54795,43.81406,14,1,8,4,12
53,487,126.52697,43.79952,14,1,6,12,9
129,2925,126.51587,43.81505,1,1,9,22,8
31,435,126.55281,43.87214,1,1,7,29,7
31,4849,126.57146,43.8389,1,1,9,8,9
129,2688,126.51126,43.80849,1,1,7,19,8
129,2925,126.51793,43.82582,1,1,6,4,11
53,1103,126.57944,43.82938,1,1,9,7,10
165,1656,126.55081,43.91282,1,1,6,14,9
31,435,126.56246,43.871,1,1,9,11,8
31,435,126.55702,43.85956,1,1,9,10,8
53,1103,126.57085,43.8065,1,1,8,3,14
129,2925,126.51877,43.83169,1,1,5,28,11
31,4849,126.5671,43.84778,7,1,9,4,8
165,3156,126.5469,43.9097,1,1,7,29,9
53,1103,126.59588,43.833,1,1,9,9,10
53,4474,126.54854,43.81597,1,1,8,12,9
129,2688,126.52375,43.81971,1,1,6,14,15
165,1656,126.56519,43.92857,14,1,7,15,9
129,2925,126.51506,43.8126,1,1,9,8,7
31,435,126.56162,43.86182,1,1,7,15,7
53,1103,126.57107,43.81196,1,1,9,30,13
129,2688,126.52134,43.81229,1,1,6,12,9
53,1103,126.57846,43.82985,1,1,7,25,9
129,2925,126.51274,43.81233,1,1,6,12,9
129,638,126.5576,43.84204,1,1,6,8,9
31,4849,126.56957,43.85325,14,1,7,15,7
53,4474,126.54948,43.81939,1,1,8,22,8
129,2665,126.54004,43.84306,1,1,8,23,9
53,487,126.53466,43.80837,1,1,7,6,8
53,1177,126.60575,43.78527,1,1,6,3,7
31,4849,126.56762,43.84061,14,1,7,1,7
165,1656,126.54872,43.91149,1,1,8,8,9
165,1656,126.56519,43.92866,14,1,8,1,8
53,1103,126.56958,43.81028,1,1,9,2,16
53,75,126.56625,43.81712,1,1,9,10,8
129,1520,126.56072,43.85252,1,1,9,13,9
53,1103,126.57233,43.81139,1,1,8,14,13
31,949,126.58818,43.84479,14,1,8,11,8
53,1103,126.57853,43.82989,1,1,6,30,11
53,487,126.57741,43.77863,1,1,5,29,16
31,1558,126.5749,43.88746,1,1,9,4,11
129,2302,126.55791,43.84752,14,1,7,13,8
129,2665,126.55594,43.84948,14,1,8,29,8
31,4849,126.57405,43.8392,1,1,8,10,13
165,1656,126.55883,43.92358,14,1,8,9,9
31,4849,126.57529,43.84163,1,1,9,2,8
129,638,126.5483,43.84175,14,1,7,8,8
53,1103,126.57044,43.8309,14,1,6,28,9
31,4849,126.5745,43.84514,14,1,7,27,8
31,152,126.56358,43.88164,14,1,6,6,12
31,4849,126.57186,43.83945,1,1,8,14,8
165,1656,126.57056,43.91813,1,1,7,23,8
165,1656,126.55294,43.90859,14,1,8,21,14
53,4474,126.55526,43.81674,1,1,8,22,8
31,435,126.56455,43.8601,1,1,5,29,8
129,2688,126.51604,43.81975,14,1,8,19,9
129,2925,126.51697,43.81878,1,1,7,8,8
53,4474,126.55515,43.81143,1,1,8,28,8
53,75,126.56278,43.81929,14,1,8,29,9
53,4474,126.55023,43.81673,1,1,8,23,8
31,949,126.58978,43.86293,1,1,8,12,8
129,2688,126.51832,43.81306,1,1,7,18,8
31,4849,126.58377,43.84181,1,1,7,26,8
53,75,126.56297,43.82595,14,1,8,3,8
53,487,126.54946,43.79245,14,1,8,19,9
129,1520,126.5559,43.84928,14,1,9,27,9
31,949,126.59484,43.8586,14,1,5,30,8
165,1656,126.54107,43.91811,14,1,10,12,9
129,2925,126.5126,43.83326,1,1,8,21,8
129,2665,126.56468,43.85708,14,1,8,20,8
129,2688,126.52023,43.81036,1,1,9,6,8
129,638,126.54519,43.83674,1,1,7,26,9
53,487,126.58414,43.78227,1,1,9,2,14
53,1103,126.5704,43.8078,1,1,8,15,13
129,1520,126.55496,43.85411,1,1,9,23,8
129,1520,126.55794,43.85017,1,1,9,2,7
129,2688,126.53314,43.82559,1,1,8,1,8
129,638,126.55912,43.84461,14,1,7,24,8
31,435,126.55219,43.87245,1,1,5,18,8
129,638,126.56304,43.84138,3,1,6,19,15
165,1656,126.55193,43.91236,1,1,6,2,17
165,1656,126.59384,43.89294,14,0,6,2,9
129,2665,126.56589,43.85554,14,1,8,31,7
53,75,126.553,43.82312,1,1,7,21,8
53,2615,126.55884,43.80793,1,1,6,13,9
53,1103,126.56953,43.80821,1,1,9,17,14
53,1103,126.57879,43.82819,1,1,8,3,9
31,949,126.5864,43.86003,1,1,9,17,8
129,2688,126.51265,43.8189,14,1,9,6,14
53,4474,126.5437,43.81914,14,1,9,13,8
31,949,126.58991,43.83939,1,1,9,12,8
129,2925,126.49209,43.81465,1,1,8,3,9
31,2208,126.53963,43.86837,1,1,6,13,9
165,1656,126.55317,43.91158,1,1,9,28,9
53,4474,126.55843,43.7995,1,1,8,27,8
129,2688,126.51883,43.80715,1,1,9,16,9
165,1656,126.55923,43.90652,1,1,5,28,15
129,1520,126.56479,43.8546,14,1,9,16,9
129,2688,126.53361,43.827,1,1,7,7,14
53,75,126.57841,43.82228,1,1,10,2,8
129,2688,126.53274,43.82247,1,1,7,21,8
129,2925,126.5192,43.82714,1,1,7,24,8
53,75,126.57844,43.82236,1,1,8,25,9
165,3156,126.5458,43.90963,1,0,6,5,10
31,4849,126.5756,43.85219,1,1,9,28,8
31,4849,126.57863,43.84485,14,1,7,6,7
129,2688,126.53276,43.82429,1,1,6,27,9
31,949,126.59537,43.84443,14,1,8,17,7
31,949,126.5885,43.85484,14,1,6,11,8
53,1103,126.57193,43.83109,14,1,9,30,9
129,1520,126.54961,43.84993,14,1,9,9,8
129,1520,126.54859,43.84735,1,1,9,1,7
129,161,126.55206,43.85383,1,1,6,17,13
31,435,126.56079,43.8687,1,1,5,29,14
53,75,126.57211,43.82097,1,1,9,23,9
53,1103,126.56911,43.80946,1,1,8,11,15
129,1520,126.54583,43.84643,1,1,9,1,7
129,87,126.55545,43.84219,1,1,10,17,9
31,1558,126.57838,43.88459,1,1,9,3,9
31,949,126.59029,43.84101,1,1,7,17,8
165,1656,126.54778,43.91502,1,1,10,5,9
53,1103,126.57273,43.80935,1,1,9,24,13
31,435,126.55397,43.87352,1,1,10,2,8
129,2925,126.49664,43.83082,1,1,8,6,9
129,2925,126.51612,43.81304,1,1,8,13,8
53,75,126.54867,43.82956,1,1,8,6,8
129,2925,126.52393,43.83684,1,1,7,2,9
53,75,126.5566,43.83192,13,1,9,2,8
129,638,126.54395,43.84529,14,1,7,18,8
165,1656,126.57836,43.91676,14,1,9,20,8
31,4849,126.57867,43.83777,1,1,7,5,7
53,1177,126.58786,43.7906,14,1,6,6,14
129,2688,126.5292,43.82298,1,1,6,19,9
53,1103,126.56675,43.83231,14,1,9,19,9
129,2925,126.51916,43.82779,1,1,8,6,8
129,638,126.54615,43.8374,1,1,6,19,15
53,4474,126.55878,43.80235,1,1,7,4,9
129,2688,126.51216,43.81778,1,1,8,2,17
129,2688,126.5182,43.80957,1,1,8,26,10
53,75,126.55314,43.83058,1,1,7,30,8
129,2688,126.53285,43.82525,1,1,7,30,15
31,4849,126.57832,43.84744,1,1,8,28,8
129,2688,126.53259,43.82463,1,1,9,28,9
165,1656,126.54679,43.91619,1,1,8,28,8
31,435,126.55272,43.8722,1,1,8,28,9
129,638,126.56151,43.84122,1,1,7,19,8
31,4849,126.58227,43.84596,14,1,8,19,8
129,2925,126.51719,43.83198,1,1,8,10,8
53,3559,126.57049,43.79614,14,1,5,29,9
165,1656,126.54433,43.91073,14,1,9,1,8
31,435,126.56188,43.87117,1,1,5,30,9
53,75,126.5726,43.82388,1,1,9,14,9
53,487,126.55394,43.79082,0,1,9,19,8
31,1558,126.57595,43.86969,1,1,10,16,7
31,4849,126.57956,43.84126,1,1,8,9,8
53,75,126.56057,43.82036,10,1,6,13,14
31,949,126.59046,43.83989,1,1,8,8,8
53,487,126.5427,43.79204,14,1,8,31,8
53,1103,126.5768,43.82701,1,1,7,31,9
53,75,126.55966,43.82482,1,1,8,3,8
165,290,126.55416,43.91181,1,1,9,12,9
31,949,126.5923,43.84143,1,1,7,10,7
53,4474,126.55553,43.80551,1,1,9,24,8
129,2688,126.50934,43.81178,1,1,7,13,9
31,435,126.54927,43.87351,1,1,9,23,7
129,2925,126.51985,43.82753,1,1,6,28,10
129,2665,126.55526,43.84635,14,1,8,21,8
129,2665,126.5448,43.84898,1,1,8,20,8
53,4474,126.55112,43.80444,1,1,8,14,8
165,3156,126.55369,43.91202,1,0,5,27,10
31,435,126.55274,43.87225,1,1,9,15,8
31,435,126.55425,43.87384,1,1,9,28,8
53,75,126.56457,43.82836,0,1,9,15,9
53,75,126.56023,43.83301,7,1,9,1,9
31,4849,126.57584,43.84141,1,1,6,8,9
53,1103,126.57671,43.82755,1,1,8,9,9
165,3156,126.54878,43.91674,14,1,7,19,12
31,435,126.56043,43.87299,14,1,6,10,12
129,1520,126.56363,43.85648,14,1,9,3,11
31,435,126.55481,43.87355,1,0,6,7,13
31,4849,126.5786,43.83778,1,1,9,30,8
31,949,126.58876,43.85612,14,1,8,2,11
31,4849,126.56817,43.85096,14,1,9,27,8
31,3073,126.54935,43.86571,1,1,6,8,9
53,487,126.59349,43.77794,14,1,8,7,9
129,1520,126.55035,43.84727,1,1,10,12,10
165,1656,126.55107,43.90934,1,1,9,22,9
53,75,126.55438,43.82532,1,1,8,19,9
31,4849,126.58058,43.83937,14,1,7,19,7
165,1656,126.5693,43.92975,1,1,7,14,9
129,2925,126.51694,43.82542,1,1,9,8,7
31,435,126.55619,43.8717,1,1,6,4,14
31,949,126.59139,43.86316,1,1,9,28,8
31,4849,126.57108,43.84973,14,1,8,16,7
53,1103,126.60038,43.83302,14,1,9,4,9
129,2665,126.53889,43.84663,1,1,8,28,7
31,4849,126.58274,43.83978,1,1,6,8,9
129,2665,126.54379,43.84245,1,1,8,24,7
31,4849,126.57501,43.84213,14,1,8,28,8
31,4849,126.57391,43.83925,1,1,9,9,8
31,949,126.58784,43.86171,1,0,10,1,7
53,1103,126.57361,43.83125,1,1,9,2,13
31,435,126.56204,43.86935,1,1,8,21,7
31,435,126.55275,43.87213,1,1,6,8,13
129,638,126.55901,43.84271,1,1,6,19,15
53,1103,126.58989,43.83033,1,1,8,17,9
53,1103,126.57952,43.82856,1,1,9,1,9
31,4322,126.54692,43.87719,1,1,5,29,12
53,4474,126.55668,43.81657,1,1,8,12,9
165,290,126.55939,43.921,14,1,9,18,9
31,949,126.59523,43.84667,14,1,9,12,8
53,487,126.53486,43.80614,1,1,8,14,8
31,949,126.58753,43.85759,14,1,9,19,7
31,4849,126.58289,43.84361,4,1,7,23,7
53,75,126.57872,43.82306,14,1,7,31,8
165,1656,126.55189,43.909,1,1,10,1,9
129,2665,126.54901,43.84883,14,1,8,24,7
165,1656,126.56023,43.92004,4,1,6,26,9
129,1520,126.56196,43.85123,4,1,9,25,8
31,435,126.56038,43.87284,14,1,7,14,13
31,4849,126.58048,43.83796,14,1,6,6,14
165,1656,126.55724,43.91334,14,1,5,30,9
165,1656,126.54554,43.91256,1,1,9,19,8
129,87,126.54047,43.84114,14,1,10,7,8
53,1103,126.56739,43.83267,14,1,6,10,9
31,3073,126.55575,43.86624,1,1,6,17,11
53,75,126.56909,43.82844,1,1,9,24,8
31,435,126.56289,43.86188,1,1,7,4,8
53,75,126.56589,43.83059,7,1,8,21,9
31,4849,126.57228,43.84326,1,1,9,18,8
129,161,126.5423,43.84717,1,1,6,9,14
53,75,126.56548,43.81265,14,1,7,25,15
53,75,126.55482,43.82588,1,1,8,4,8
129,2688,126.52817,43.81788,14,1,6,30,9
31,435,126.56158,43.85804,14,1,7,2,8
53,487,126.53644,43.80679,1,1,8,1,8
165,1656,126.52019,43.9415,14,1,10,17,9
129,2925,126.51204,43.83368,1,1,7,3,9
31,4849,126.57884,43.84359,1,1,9,25,8
165,3156,126.5458,43.90955,1,0,6,5,10
129,2688,126.51495,43.80879,1,1,8,28,7
31,1558,126.57213,43.87475,1,1,10,3,9
129,2925,126.51599,43.81758,1,1,7,12,8
129,638,126.54352,43.84014,3,1,7,22,8
165,1656,126.68271,44.22332,14,0,6,17,7
53,75,126.5709,43.82911,1,1,7,17,8
31,435,126.54935,43.87368,1,1,7,30,8
53,1103,126.57502,43.82789,1,1,6,11,12
165,1656,126.57325,43.91805,1,1,9,21,9
53,487,126.52454,43.80366,1,1,9,21,9
53,75,126.56548,43.82499,14,1,9,29,8
129,638,126.52524,43.86199,7,1,7,25,9
129,2925,126.5215,43.82238,14,1,8,7,9
53,1103,126.57162,43.80667,1,1,6,10,15
53,75,126.56693,43.82201,14,1,6,11,8
165,1656,126.56159,43.92813,14,1,7,7,10
129,1520,126.55053,43.84515,14,1,10,1,7
31,435,126.55069,43.86027,1,1,5,26,7
53,75,126.54577,43.82628,1,1,6,30,8
129,2925,126.51646,43.81877,1,1,9,8,7
165,2709,126.56258,43.90537,14,0,7,2,8
31,4849,126.57269,43.84071,14,1,6,6,8
129,2665,126.55157,43.84888,1,1,8,10,8
129,2688,126.53305,43.82559,1,1,9,24,8
53,75,126.57196,43.82175,1,1,9,16,8
129,2665,126.5555,43.84734,14,1,8,5,9
129,161,126.50497,43.80251,1,1,6,9,9
53,487,126.55301,43.78787,14,1,6,7,19
31,1558,126.59601,43.84682,1,1,10,11,8
129,2925,126.51552,43.8264,1,1,8,11,12
53,1103,126.56881,43.80225,14,1,8,14,13
165,1656,126.54846,43.91545,14,1,10,1,9
129,2665,126.54907,43.84718,1,1,8,12,9
53,487,126.52975,43.80529,14,1,9,28,8
129,2925,126.51798,43.82762,1,1,8,18,8
129,638,126.54886,43.84648,1,1,7,8,8
53,487,126.55128,43.78671,14,1,7,4,9
53,4474,126.55875,43.80021,1,1,9,26,8
53,1103,126.60569,43.82807,1,1,8,21,10
129,588,126.4907,43.82865,14,1,5,17,11
165,1656,126.6105,43.8874,14,0,5,17,15
31,949,126.59499,43.85374,1,1,6,1,8
129,2688,126.5229,43.82521,1,1,7,3,8
31,435,126.55911,43.88133,14,1,9,1,8
129,87,126.54547,43.83633,1,1,10,8,8
53,75,126.55502,43.82088,10,1,7,12,8
129,1520,126.54618,43.84676,1,1,10,5,8
53,4474,126.54411,43.81475,1,1,8,10,8
129,1520,126.55864,43.8458,7,1,9,30,9
165,290,126.55452,43.91253,1,1,9,30,8
31,435,126.56191,43.86975,1,1,7,6,7
165,1656,126.5632,43.92292,4,1,7,10,8
53,2138,126.5478,43.79614,14,0,6,22,2
129,2925,126.51792,43.83098,1,1,6,10,9
31,4849,126.56797,43.8413,14,1,5,16,9
165,1656,126.56809,43.91999,1,1,8,12,9
31,435,126.55626,43.87169,1,0,9,25,12
129,161,126.54084,43.84671,1,1,6,12,10
31,435,126.54883,43.87303,1,1,7,2,8
165,1656,126.54782,43.91172,1,1,6,14,9
31,435,126.55288,43.87219,1,1,7,22,7
165,2709,126.57351,43.8966,14,1,8,30,8
129,2925,126.5134,43.81503,1,1,7,4,9
53,75,126.54959,43.82439,14,1,8,29,9
129,161,126.55333,43.84678,1,1,6,12,10
31,4849,126.57639,43.84842,1,1,7,23,7
31,1558,126.5665,43.87103,1,1,10,13,7
129,2688,126.52272,43.81673,1,1,7,15,7
165,3156,126.54823,43.90065,1,0,6,13,8
53,75,126.56663,43.81405,14,1,6,28,13
129,2688,126.51246,43.81847,1,1,6,11,17
165,1656,126.55611,43.91402,1,0,6,5,10
165,1656,126.56618,43.9204,14,1,7,17,8
129,2688,126.52653,43.81627,1,1,9,23,8
53,75,126.57292,43.82652,1,1,9,12,10
53,75,126.5688,43.8131,1,1,8,3,9
53,487,126.54332,43.7979,14,1,7,30,8
53,1103,126.56886,43.81005,1,1,8,31,13
53,75,126.56116,43.82516,10,1,7,27,8
53,75,126.54914,43.82929,1,1,8,27,9
129,2688,126.51818,43.812,1,1,8,27,7
53,1103,126.57084,43.80657,1,1,7,5,13
53,4474,126.55182,43.80457,1,1,7,10,8
31,3073,126.54776,43.86725,1,1,6,3,12
165,1656,126.57796,43.91785,14,0,6,8,8
53,75,126.57192,43.82033,1,1,5,29,15
129,638,126.55248,43.84834,1,1,6,29,14
53,75,126.553,43.82817,1,1,7,19,8
53,75,126.57665,43.8251,1,1,8,28,9
53,75,126.56469,43.82764,14,1,8,11,9
53,1103,126.57579,43.83059,1,1,8,27,9
31,949,126.58979,43.83993,1,1,6,29,9
129,87,126.54529,43.83671,1,1,10,6,8
31,4849,126.56867,43.85236,14,1,8,3,7
53,1103,126.56953,43.80605,1,1,5,30,20
53,487,126.54241,43.79136,14,1,7,19,8
31,949,126.59205,43.84074,1,1,5,29,14
53,1103,126.57369,43.82949,3,1,6,17,13
53,2618,126.56806,43.83146,14,1,6,8,12
165,2709,126.56999,43.90351,14,1,5,22,8
31,435,126.55276,43.87211,1,1,6,19,15
31,1558,126.54005,43.86848,1,1,9,13,9
53,75,126.54662,43.82186,14,1,7,14,9
31,435,126.56495,43.86206,14,1,6,11,8
165,1656,126.54745,43.90985,1,1,5,31,16
129,2688,126.53495,43.82779,1,1,8,18,8
53,487,126.5219,43.79999,1,1,6,13,8
165,1656,126.57357,43.92365,1,1,8,18,8
31,3073,126.55446,43.86829,1,1,6,5,15
53,75,126.55015,43.82201,1,1,8,14,8
53,4474,126.55132,43.81638,14,1,7,23,7
129,638,126.54555,43.84047,14,1,6,28,10
129,323,126.51554,43.81313,1,1,9,27,9
165,1656,126.55318,43.91259,1,1,8,26,8
31,4849,126.58101,43.84526,1,1,7,17,8
129,2925,126.53908,43.8458,1,1,7,4,9
53,4474,126.55824,43.81737,1,1,9,6,9
53,487,126.58162,43.78193,1,1,7,26,8
31,435,126.55783,43.87176,1,1,7,27,8
53,75,126.56008,43.82516,1,1,7,28,8
129,2925,126.51792,43.82135,1,1,9,6,8
129,2688,126.51833,43.81398,1,1,8,31,7
31,435,126.5604,43.87296,14,1,7,17,8
53,4474,126.55115,43.80459,1,1,8,10,8
129,2688,126.5173,43.82485,14,1,7,17,9
53,1103,126.57267,43.81285,1,1,7,21,13
129,2925,126.51574,43.81715,1,1,6,18,9
53,487,126.52987,43.80532,14,1,8,25,8
129,2688,126.53003,43.81913,1,1,8,10,12
53,4474,126.55186,43.80457,1,1,7,26,9
129,2688,126.51646,43.81557,1,1,7,19,8
53,4474,126.55045,43.81451,1,1,7,10,8
53,75,126.56654,43.83081,3,1,7,31,8
129,1520,126.55338,43.85283,14,1,10,5,8
31,3073,126.55278,43.86826,1,1,6,18,13
129,2665,126.5637,43.84777,7,1,8,17,8
53,4474,126.55979,43.81991,14,1,10,1,8
129,2925,126.51587,43.81257,1,1,8,6,8
31,435,126.55284,43.87219,1,1,6,9,15
31,949,126.5917,43.84058,1,1,7,27,8
165,1656,126.51907,43.94318,14,0,6,18,9
129,638,126.54505,43.83732,1,1,6,4,12
53,487,126.58507,43.78225,1,1,7,6,8
129,2925,126.51986,43.82747,1,1,7,5,9
129,2925,126.51364,43.81209,1,1,8,6,9
31,1558,126.57014,43.87787,1,1,10,10,8
31,435,126.55875,43.86584,7,1,7,23,7
129,2688,126.52573,43.81486,1,1,5,31,9
31,4849,126.57692,43.83913,14,1,6,5,9
31,3073,126.5478,43.86724,1,1,6,19,9
129,2688,126.51999,43.81482,1,1,8,10,13
129,2925,126.51638,43.81851,1,1,9,10,8
165,1656,126.55143,43.90095,14,1,5,17,10
165,2709,126.5594,43.91041,1,0,6,16,8
129,2925,126.5165,43.81882,1,1,9,15,8
31,949,126.59235,43.86113,1,1,8,30,8
129,2688,126.50495,43.80203,1,1,7,30,15
129,2925,126.51658,43.83218,1,1,6,9,9
129,2688,126.52828,43.82428,1,1,9,9,9
129,2688,126.52657,43.81388,1,1,7,16,8
129,2688,126.52128,43.81335,1,1,9,2,7
129,1520,126.56638,43.858,7,1,10,5,8
31,435,126.56079,43.85785,1,1,9,8,8
53,75,126.5655,43.82484,14,1,9,21,9
31,949,126.593,43.85443,14,1,8,6,7
53,487,126.53294,43.80573,1,1,9,4,9
129,2925,126.51913,43.82787,1,1,7,16,8
31,4849,126.56765,43.85094,14,1,8,2,8
31,435,126.55312,43.87182,1,0,5,21,14
53,75,126.56707,43.81243,14,1,7,31,8
53,4474,126.54961,43.81533,1,1,8,29,9
31,1558,126.58841,43.88508,1,1,10,5,8
129,2925,126.513,43.81437,1,1,7,5,9
53,1103,126.56502,43.83141,14,1,9,2,8
165,1656,126.55692,43.90906,1,1,8,4,8
53,1103,126.57681,43.82716,1,1,7,15,10
31,435,126.55274,43.87226,1,1,5,29,17
53,1103,126.57856,43.82988,1,1,8,10,13
129,2688,126.52078,43.81924,1,1,9,3,11
53,4474,126.55798,43.81761,1,1,8,7,9
129,2688,126.52843,43.82452,1,1,8,18,8
31,4322,126.5641,43.88411,14,1,5,29,8
53,4474,126.54964,43.81545,1,1,7,28,8
31,4849,126.57307,43.84739,14,1,7,27,8
165,3156,126.54544,43.91239,1,0,5,29,10
53,487,126.53093,43.80613,1,1,9,17,7
129,2665,126.55401,43.84997,14,1,8,9,9
129,1520,126.54128,43.8438,1,1,9,25,8
53,1103,126.57836,43.82948,1,1,8,24,10
53,75,126.57607,43.82386,1,1,9,24,8
31,949,126.59257,43.83959,1,1,6,6,13
129,87,126.54807,43.84147,14,1,10,12,10
129,1520,126.55902,43.84896,14,1,9,26,8
31,949,126.59516,43.84665,14,1,7,20,7
53,75,126.57591,43.82283,1,1,8,23,9
129,638,126.5555,43.84106,1,1,7,30,10
129,1520,126.56277,43.8466,14,1,9,25,8
129,2688,126.52893,43.82159,1,1,9,2,7
53,487,126.53568,43.80796,1,1,8,15,8
53,1103,126.59978,43.82985,1,1,8,20,9
31,4849,126.57412,43.84197,14,1,9,24,9
53,1103,126.56602,43.83218,14,1,8,10,13
31,949,126.59095,43.8418,1,1,8,16,7
53,1103,126.57826,43.82802,1,1,8,9,9
129,2665,126.54971,43.84641,1,1,8,28,7
165,1656,126.53168,43.93222,14,0,6,17,9
31,4849,126.58365,43.84122,14,1,6,12,9
53,4474,126.55325,43.81882,14,1,8,20,8
129,2665,126.56083,43.85039,1,1,8,26,7
31,4849,126.57874,43.84446,1,1,6,30,9
129,2925,126.52251,43.82358,14,1,8,22,9
53,979,126.55189,43.80467,1,1,5,29,13
31,435,126.55655,43.86061,1,1,7,30,8
31,949,126.591,43.85328,1,1,9,1,9
165,1656,126.55192,43.90147,14,1,9,22,9
129,1520,126.5643,43.84756,7,1,10,3,8
165,1656,126.56838,43.92758,14,1,8,25,9
129,2688,126.51831,43.81311,1,1,7,27,9
129,161,126.54907,43.84881,14,1,6,14,10
129,2665,126.56492,43.849,7,1,8,8,8
165,1656,126.57378,43.92289,1,1,9,12,9
165,3156,126.54959,43.90628,1,1,5,15,11
31,435,126.5739,43.86678,1,1,10,2,8
129,638,126.55536,43.84211,1,1,6,1,12
31,435,126.55711,43.86096,14,1,7,13,7
129,2688,126.53248,43.82393,1,1,6,28,10
53,1103,126.57129,43.83109,14,1,8,25,9
53,4474,126.54978,43.81539,1,1,9,11,8
31,2208,126.53907,43.87013,1,1,5,25,14
53,487,126.58505,43.78239,1,1,9,14,9
165,3156,126.54791,43.91019,1,1,6,29,9
129,2688,126.51759,43.80987,1,1,9,13,8
53,75,126.55088,43.8304,1,1,8,24,8
53,75,126.56541,43.82243,1,1,9,11,9
53,4474,126.54757,43.81315,1,1,9,30,8
53,75,126.55231,43.8282,1,1,7,21,8
53,487,126.57469,43.81943,1,1,9,26,8
129,2688,126.53261,43.82744,1,1,8,29,9
53,75,126.55336,43.82637,1,1,8,29,9
53,75,126.56779,43.83081,1,1,5,29,15
31,949,126.59408,43.85229,1,1,6,14,8
129,2925,126.50238,43.82016,14,1,8,13,9
31,949,126.59572,43.84179,1,1,7,15,8
31,435,126.56115,43.86964,14,1,9,5,8
53,75,126.56641,43.81988,14,1,6,7,9
165,1656,126.554,43.90006,14,0,6,4,9
31,3073,126.55591,43.86665,1,1,6,4,10
31,2398,126.56358,43.88168,14,1,10,2,8
31,4849,126.58093,43.84288,1,1,7,19,7
31,435,126.56277,43.87214,1,1,6,8,8
53,1103,126.56568,43.8085,1,1,9,2,16
129,2925,126.49784,43.8181,1,1,7,22,8
165,290,126.5413,43.91839,14,1,9,15,9
31,949,126.59342,43.84669,4,1,8,7,8
129,1520,126.56236,43.85002,1,1,9,8,7
165,1656,126.55452,43.9147,14,1,8,8,9
165,3156,126.5475,43.9108,1,1,8,3,9
129,2688,126.51848,43.81661,14,1,8,18,8
165,1656,126.55008,43.90447,1,1,9,17,8
129,638,126.55755,43.84093,1,1,7,21,8
31,1558,126.59072,43.85257,1,1,10,10,8
53,487,126.58504,43.78229,1,1,5,29,9
53,75,126.57446,43.82822,1,1,7,24,8
53,4474,126.54598,43.81105,1,1,9,7,8
165,1656,126.54928,43.90904,1,0,6,13,8
53,75,126.555,43.82533,1,1,7,22,8
31,435,126.55767,43.86919,1,1,8,26,8
129,2925,126.51328,43.83242,1,1,7,25,9
31,949,126.59317,43.86307,1,1,6,17,13
53,3559,126.57561,43.79327,1,1,5,29,9
53,4474,126.54709,43.81622,1,1,9,20,8
31,4849,126.56869,43.84406,14,1,7,29,8
129,2665,126.5476,43.84473,14,1,8,10,13
165,3156,126.55267,43.90105,0,1,5,18,10
53,75,126.56594,43.8306,7,1,9,4,8
53,2618,126.56856,43.83178,14,1,5,31,10
31,949,126.59478,43.8433,14,1,9,7,8
129,2925,126.52297,43.8375,1,1,6,1,9
53,75,126.57119,43.82538,1,1,8,3,9
129,2688,126.51859,43.81632,1,1,7,20,8
129,2688,126.53036,43.82204,14,1,9,2,7
53,3939,126.55444,43.82431,1,1,5,29,8
53,75,126.56586,43.82962,7,1,5,17,8
129,1520,126.56229,43.84647,14,1,9,28,9
31,4849,126.56813,43.84005,13,1,7,21,7
129,2688,126.50298,43.80331,1,1,8,7,9
31,435,126.55355,43.86833,1,1,6,1,7
31,435,126.55779,43.86703,14,1,5,24,8
165,3156,126.55488,43.91599,14,0,6,3,9
129,2688,126.53103,43.82166,1,1,6,17,10
31,949,126.59518,43.84507,14,1,7,8,8
129,638,126.55142,43.84241,14,1,6,19,15
53,4474,126.54883,43.81741,1,1,7,27,8
129,2665,126.56155,43.84919,1,1,8,18,8
129,2925,126.5168,43.81878,1,1,8,4,9
31,4849,126.57299,43.84456,7,1,8,29,8
129,2688,126.52587,43.81808,1,1,9,3,7
129,2665,126.54009,43.84786,1,1,8,11,8
53,75,126.5744,43.82029,14,1,8,9,9
53,1103,126.56534,43.83204,0,1,8,23,10
31,435,126.56342,43.86723,1,1,8,16,7
165,3156,126.54836,43.90061,1,0,5,16,10
53,75,126.55963,43.82471,1,1,6,8,7
31,949,126.59743,43.84317,0,1,8,22,8
53,75,126.57266,43.82346,14,1,10,1,8
31,4849,126.58337,43.84031,1,1,8,29,13
53,75,126.55329,43.82547,1,1,8,1,8
165,1656,126.55584,43.94471,14,1,7,15,9
165,1656,126.55306,43.95312,14,1,9,19,8
129,323,126.50384,43.8028,1,1,9,27,9
53,487,126.52875,43.80575,14,1,9,4,8
53,4474,126.55441,43.80392,1,1,7,4,9
53,1103,126.56715,43.83244,14,1,5,29,9
129,2688,126.5137,43.80803,1,1,7,19,8
53,4474,126.54659,43.81819,14,1,8,3,9
31,4849,126.57536,43.84104,14,1,9,21,9
129,2688,126.52264,43.82456,1,1,7,15,14
129,638,126.55632,43.84305,1,1,7,8,8
165,3156,126.54979,43.91081,14,1,5,15,11
31,4849,126.58181,43.84044,1,1,9,13,7
129,2925,126.5131,43.81289,1,1,9,25,8
129,2925,126.5158,43.81265,1,1,9,6,8
31,435,126.54874,43.87379,1,1,10,2,8
31,4849,126.57189,43.84279,1,1,5,26,12
31,3073,126.54931,43.86586,1,1,5,29,9
129,2688,126.52736,43.82399,1,1,6,15,9
129,161,126.56262,43.85618,1,1,6,15,9
31,949,126.58759,43.85916,1,1,9,25,7
165,3156,126.54819,43.91196,1,1,7,23,8
129,2925,126.52044,43.82252,14,1,9,18,9
53,75,126.55004,43.82926,1,1,7,21,8
129,2925,126.51666,43.8317,1,1,9,14,8
53,75,126.56484,43.80873,1,1,9,5,16
53,4474,126.55773,43.80854,1,1,7,16,8
53,75,126.56921,43.82094,1,1,7,24,8
53,1103,126.56912,43.80712,1,1,7,21,13
53,4474,126.55875,43.80804,1,1,6,17,9
129,2688,126.52017,43.81571,1,1,9,4,9
165,3156,126.55086,43.90449,1,1,8,16,10
53,1103,126.57766,43.82856,1,1,8,11,9
129,2688,126.53561,43.82918,1,1,9,9,9
129,638,126.54677,43.83716,1,1,7,28,8
129,1520,126.53813,43.84534,1,1,10,14,8
129,2925,126.51616,43.81812,1,1,9,19,8
53,4474,126.55545,43.80551,1,1,8,22,8
129,1520,126.55145,43.84773,1,1,9,23,8
129,2665,126.55687,43.85303,1,1,8,16,8
53,75,126.56662,43.81846,14,1,6,27,14
31,949,126.59239,43.84446,1,1,6,13,8
53,75,126.57551,43.82547,1,1,9,23,9
31,949,126.59198,43.85294,14,1,9,29,8
129,2925,126.51652,43.81881,1,1,9,12,7
129,588,126.50251,43.80988,14,1,5,16,10
53,1103,126.57949,43.82901,1,1,8,20,9
31,4849,126.56641,43.84205,14,1,6,28,14
129,2665,126.55367,43.84726,14,1,8,24,7
31,949,126.5917,43.84055,1,1,9,19,7
53,487,126.59334,43.77838,14,1,8,10,14
129,2925,126.51638,43.82525,1,1,6,4,11
53,4474,126.54976,43.81545,1,1,7,6,8
129,2688,126.5165,43.80908,1,1,5,31,19
53,75,126.55631,43.82114,4,1,8,9,9
53,1103,126.57295,43.80807,1,1,9,2,16
53,1103,126.57947,43.82895,1,1,6,30,11
31,949,126.59535,43.85391,1,1,8,30,8
53,979,126.54523,43.81168,1,1,5,30,15
31,4849,126.56873,43.84066,14,1,9,17,8
129,2688,126.52064,43.81673,1,1,8,26,10
31,949,126.59607,43.84687,1,1,7,17,8
53,75,126.5676,43.816,1,1,5,29,8
53,75,126.54472,43.82436,1,1,8,24,8
129,2925,126.5124,43.81301,1,1,8,1,9
53,4474,126.55251,43.80343,10,1,9,30,8
165,3156,126.55697,43.91458,1,1,6,26,9
129,2665,126.5458,43.84491,1,1,8,23,8
31,435,126.55099,43.87394,1,1,8,31,9
129,2925,126.51928,43.82789,1,1,7,29,9
53,75,126.56781,43.82676,1,1,7,18,8
53,1103,126.57088,43.80645,1,1,9,26,13
129,2688,126.52657,43.8257,1,1,6,1,13
31,435,126.56002,43.86872,1,1,5,28,8
129,2925,126.51786,43.83108,1,1,8,3,8
53,4474,126.54607,43.81853,14,1,9,27,8
129,1520,126.54433,43.84283,1,1,9,21,7
129,638,126.56281,43.84482,14,1,6,9,9
31,1558,126.56639,43.87096,1,1,10,15,8
165,1656,126.56312,43.92282,4,0,6,9,8
53,1103,126.58014,43.82896,1,1,6,30,10
31,949,126.58804,43.86341,1,1,6,10,8
31,4849,126.5787,43.83818,1,1,7,26,8
129,1520,126.55843,43.8556,1,1,9,12,7
53,4474,126.5612,43.81787,14,1,9,14,9
165,290,126.55321,43.90623,1,1,9,9,9
31,949,126.59554,43.84558,14,1,6,1,8
129,161,126.56559,43.848,7,1,6,14,10
53,1103,126.60339,43.82883,1,1,9,2,8
31,4849,126.56902,43.84087,14,1,6,19,15
53,3030,126.56436,43.80369,4,0,9,26,8
129,1520,126.5489,43.84646,1,1,9,21,8
129,2925,126.51633,43.81844,1,1,8,12,8
53,75,126.5669,43.81601,1,1,6,9,9
31,949,126.58646,43.86356,1,1,6,11,8
165,1656,126.5713,43.92863,1,1,6,26,9
129,2688,126.50232,43.80176,1,1,9,9,16
31,435,126.55717,43.87106,1,1,6,27,9
53,75,126.54316,43.82406,1,1,9,17,7
31,435,126.55273,43.87222,1,1,6,28,13
31,949,126.58771,43.84885,1,1,9,24,8
53,487,126.59333,43.77792,14,1,5,30,14
53,75,126.5654,43.82248,1,1,10,2,8
129,2688,126.52207,43.81617,1,1,9,16,9
53,1103,126.567,43.80875,1,1,6,19,15
31,2398,126.59058,43.87055,14,1,10,2,8
129,638,126.55342,43.84112,1,1,7,28,8
53,487,126.54247,43.79132,14,1,9,26,8
53,75,126.56978,43.82493,1,1,7,20,8
53,75,126.56893,43.81397,1,1,5,30,14
129,2665,126.54461,43.84592,1,1,8,23,9
129,1520,126.54659,43.8519,14,1,10,15,8
53,487,126.53591,43.8033,14,1,8,23,8
129,1520,126.55686,43.85309,1,1,9,2,7
129,2688,126.53269,43.82473,1,1,9,29,8
53,75,126.5654,43.82243,1,1,6,30,14
129,1520,126.56388,43.8575,7,1,9,18,9
165,3156,126.54827,43.90707,1,1,8,4,8
53,4474,126.55179,43.81166,14,1,9,13,8
129,2925,126.51696,43.82539,1,1,7,4,9
129,2688,126.51649,43.81541,1,1,7,28,8
53,75,126.56627,43.82069,14,1,6,11,8
53,1103,126.56987,43.83219,1,1,8,23,10
53,487,126.55443,43.81908,14,1,6,17,14
53,1103,126.56661,43.83181,14,1,8,22,10
53,75,126.57043,43.82143,14,1,9,10,8
31,949,126.58792,43.86336,1,1,8,14,8
129,2688,126.51794,43.82577,1,1,9,23,15
129,2665,126.54949,43.84526,1,1,8,14,9
129,638,126.54528,43.8368,1,1,7,13,9
53,1103,126.5705,43.80951,1,1,8,16,15
53,1103,126.57077,43.80649,1,1,8,10,15
129,2688,126.52171,43.81399,1,1,6,9,14
53,75,126.5723,43.82335,14,1,8,17,8
129,2688,126.52285,43.82419,1,1,7,31,14
31,949,126.588,43.86341,1,1,5,30,8
165,3156,126.55005,43.90468,1,1,7,31,9
129,2925,126.51691,43.82542,1,1,6,26,9
31,435,126.55821,43.86021,14,1,8,15,7
53,1103,126.5753,43.82968,3,1,9,11,9
165,3156,126.54915,43.90676,1,1,5,21,10
31,4114,126.54593,43.86055,1,1,6,18,12
129,2925,126.52062,43.82263,14,1,7,25,9
31,1558,126.57574,43.88351,1,1,9,5,9
31,949,126.59092,43.84119,1,1,9,9,8
165,1656,126.56375,43.92177,1,1,7,26,9
31,4849,126.57409,43.83929,1,1,7,18,7
165,3156,126.55281,43.90852,14,1,8,17,9
31,435,126.56205,43.86933,1,1,5,31,16
129,2925,126.51519,43.83338,1,1,8,12,9
129,3442,126.54653,43.8512,14,1,7,3,9
53,1103,126.57899,43.82651,1,1,7,19,8
53,1103,126.57036,43.80779,1,1,9,1,13
129,2688,126.52533,43.8212,1,1,6,8,14
129,2925,126.51505,43.83332,1,1,8,6,8
165,1656,126.5634,43.92077,14,0,6,27,10
53,487,126.57851,43.77962,1,1,6,18,9
165,1656,126.57333,43.91892,1,1,9,12,9
31,949,126.59544,43.85398,1,1,6,30,9
31,4849,126.56971,43.84621,14,1,10,1,7
53,1103,126.57098,43.80962,1,1,7,30,13
53,487,126.55419,43.79005,0,1,5,29,9
31,949,126.59533,43.8539,1,1,9,11,8
53,75,126.56413,43.8094,4,1,8,28,9
129,2688,126.52822,43.82672,1,1,8,31,7
53,487,126.5293,43.80503,14,1,8,25,8
129,1520,126.55724,43.85006,1,1,9,2,7
31,949,126.58883,43.84688,4,1,9,19,7
129,1520,126.54005,43.84576,1,1,9,30,9
129,1520,126.55492,43.84549,14,1,10,4,8
129,1520,126.54899,43.84884,14,1,9,3,7
53,1103,126.56523,43.832,0,1,6,9,9
31,4849,126.56902,43.83909,13,1,5,17,9
53,4474,126.55847,43.79953,1,1,8,23,8
129,2925,126.51412,43.81681,1,1,6,1,8
31,949,126.58697,43.84512,14,1,5,26,12
129,2688,126.52752,43.82082,1,1,9,14,8
53,4474,126.54517,43.81059,1,1,6,29,11
129,2688,126.52414,43.81484,1,1,9,15,8
165,1656,126.53274,43.93462,14,1,9,20,8
31,949,126.59122,43.85079,1,1,7,26,8
31,949,126.59091,43.83937,1,1,8,12,14
165,3156,126.549,43.90085,1,1,7,8,9
165,1656,126.57835,43.89468,14,1,8,1,8
53,75,126.56654,43.82009,14,1,8,25,9
129,638,126.55384,43.84324,14,1,8,3,9
53,1103,126.57284,43.80921,1,1,8,29,13
165,3156,126.55494,43.91585,14,1,5,24,9
31,949,126.59128,43.86209,1,1,6,15,7
129,2665,126.538,43.84805,1,1,8,23,8
165,1656,126.57733,43.93005,4,1,8,1,8
129,2688,126.52141,43.81832,14,1,9,12,8
53,75,126.56608,43.81713,1,1,7,5,8
53,1103,126.5729,43.80969,1,1,9,22,13
31,435,126.55952,43.85934,14,1,8,27,9
31,435,126.55078,43.87069,1,1,9,10,8
31,4849,126.56926,43.84347,14,1,5,21,16
129,2688,126.53087,43.82037,1,1,8,1,8
31,949,126.58686,43.84224,1,1,9,16,8
53,1103,126.58101,43.82832,1,1,9,1,9
31,435,126.55027,43.87451,1,0,9,25,12
31,1558,126.54202,43.86988,1,1,9,12,10
53,75,126.5582,43.83239,1,1,9,23,8
165,3156,126.54888,43.91136,1,0,6,15,8
129,638,126.55289,43.84278,7,1,7,31,13
129,161,126.54668,43.85181,14,1,6,13,11
53,4474,126.55286,43.82093,14,1,9,10,7
129,2688,126.5308,43.81891,1,1,7,14,9
31,3073,126.55043,43.8689,1,1,5,29,9
129,638,126.56057,43.84218,4,1,7,2,9
53,75,126.56876,43.82605,1,1,7,20,8
129,638,126.56102,43.84209,14,1,7,31,13
129,1520,126.56611,43.85621,14,1,9,1,7
53,4474,126.54477,43.8109,1,1,7,27,8
31,949,126.59248,43.8497,14,1,5,20,8
53,1103,126.56753,43.80205,4,1,7,28,12
165,1656,126.56713,43.92393,4,0,6,15,7
129,2688,126.53187,43.82525,1,1,6,10,9
129,2688,126.5154,43.80924,1,1,6,14,9
129,3458,126.53394,43.83201,1,1,6,5,11
53,75,126.56801,43.82089,1,1,6,17,10
129,1520,126.5456,43.84445,14,1,9,23,8
53,1103,126.57088,43.80923,1,1,7,31,13
53,4474,126.54429,43.81645,1,1,7,30,8
31,949,126.59464,43.84406,14,1,9,18,8
53,4474,126.54989,43.81866,1,1,9,1,9
53,1103,126.57264,43.81054,1,1,7,17,14
53,487,126.52971,43.80534,14,1,8,21,8
129,2925,126.5162,43.81298,1,1,8,21,8
31,435,126.55279,43.87212,1,1,8,11,7
53,75,126.56172,43.82033,0,1,9,18,8
53,4474,126.55642,43.80064,1,1,9,6,9
31,949,126.59235,43.85617,14,1,8,21,8
53,1103,126.57076,43.81312,1,1,6,17,15
31,435,126.5596,43.85818,14,1,5,27,8
129,3458,126.55959,43.85537,14,1,6,27,9
31,435,126.55982,43.85864,14,1,6,28,10
129,2688,126.53304,43.8255,1,1,7,19,8
31,435,126.55695,43.85848,1,1,8,8,8
53,1103,126.57926,43.82689,1,1,8,26,10
129,1520,126.5448,43.849,1,1,9,9,9
53,4474,126.54979,43.81874,1,1,10,2,8
53,1103,126.56036,43.80419,14,1,8,28,13
53,4474,126.54967,43.8201,1,1,9,9,9
31,949,126.59101,43.8412,1,1,6,12,11
129,2925,126.51434,43.81183,1,1,9,8,7
53,1103,126.56931,43.81055,1,1,8,14,13
31,949,126.58691,43.84858,1,1,8,2,8
53,1103,126.56538,43.83204,0,1,9,5,10
53,75,126.56907,43.8301,14,1,8,9,9
31,4849,126.5828,43.84374,4,1,7,29,8
129,2925,126.51855,43.83267,1,1,7,3,9
129,2688,126.51936,43.80996,1,1,7,7,14
31,4849,126.57505,43.83924,1,1,8,30,8
165,290,126.54789,43.91137,1,1,9,20,9
129,638,126.56377,43.84307,0,1,7,16,9
53,1103,126.56537,43.83207,0,1,7,15,10
165,1656,126.54953,43.9062,1,1,6,18,17
31,435,126.55962,43.86023,14,1,9,17,8
129,323,126.50371,43.80248,1,1,9,27,9
31,4609,126.56444,43.86123,1,1,6,17,12
129,3458,126.51264,43.8189,14,1,6,4,13
53,75,126.56009,43.8252,1,1,7,14,9
53,1103,126.57083,43.80656,1,1,9,23,12
129,2688,126.51629,43.80707,1,1,8,14,17
129,1520,126.55726,43.85235,1,1,9,20,9
53,4474,126.54873,43.81746,1,1,9,2,9
165,3156,126.55478,43.91103,14,1,8,9,9
31,4849,126.57434,43.83909,1,1,5,30,15
31,4849,126.57994,43.84514,1,1,7,4,8
31,4849,126.5845,43.84273,1,1,9,22,8
129,2688,126.52054,43.82517,1,1,7,23,8
53,75,126.55035,43.82548,1,1,8,4,8
165,1656,126.55615,43.911,3,1,9,17,8
53,75,126.56821,43.82457,1,1,8,15,8
129,1520,126.53903,43.84521,1,1,9,20,9
31,4849,126.57262,43.85033,3,1,9,5,8
31,949,126.59172,43.84779,14,1,9,7,8
129,1520,126.53797,43.849,1,1,9,30,9
31,4849,126.58359,43.84006,1,1,9,20,8
129,2925,126.51914,43.82946,1,1,9,7,7
31,435,126.5515,43.87075,1,1,7,7,7
129,2665,126.54657,43.85125,14,1,8,17,8
53,75,126.57111,43.82347,1,1,8,9,9
31,949,126.58791,43.84378,1,1,8,23,7
129,1520,126.54226,43.84203,3,1,9,14,8
31,4849,126.57359,43.84453,7,1,6,18,14
53,75,126.54268,43.82347,1,1,7,7,9
129,2925,126.50884,43.82337,4,1,6,19,10
53,75,126.56528,43.82585,1,1,7,22,8
53,487,126.52926,43.805,14,1,9,16,8
31,949,126.59561,43.85312,1,1,9,14,7
31,4849,126.57616,43.84779,1,1,7,20,7
53,1103,126.59464,43.83211,1,1,8,16,10
31,1558,126.54002,43.8685,1,1,9,8,11
129,2688,126.51876,43.81632,14,1,9,9,16
129,2688,126.51969,43.82044,1,1,8,23,9
53,75,126.57468,43.8224,1,1,9,29,8
165,1656,126.5368,43.93335,14,0,7,1,8
53,75,126.55148,43.82242,14,1,8,10,13
31,1558,126.55059,43.8611,1,1,10,6,8
129,2925,126.51248,43.83295,1,1,7,1,8
31,435,126.57396,43.86688,1,1,5,24,16
31,4849,126.5714,43.84184,1,1,8,19,8
53,1103,126.60108,43.83402,1,1,7,4,10
31,949,126.5872,43.86246,1,1,6,7,14
129,2665,126.56603,43.85711,1,1,8,28,7
53,1103,126.60081,43.83087,1,1,8,7,10
53,4474,126.55261,43.80281,10,1,7,24,13
31,949,126.59661,43.84217,14,1,5,20,8
129,2688,126.51611,43.82081,14,1,8,15,8
129,2688,126.52093,43.82077,1,1,8,25,8
129,638,126.56038,43.84077,1,1,6,3,14
129,2688,126.52826,43.82579,1,1,7,26,8
129,2925,126.51435,43.81137,1,1,9,14,8
31,435,126.56303,43.86916,1,1,6,28,9
129,2925,126.51389,43.81449,1,1,6,17,11
31,4322,126.54005,43.87751,14,1,6,7,16
129,638,126.56382,43.8575,7,1,6,29,14
53,75,126.56769,43.82838,1,1,9,16,8
129,2925,126.52294,43.83467,14,1,6,4,11
129,2688,126.53158,43.8262,1,1,6,15,9
53,75,126.57899,43.825,14,1,7,31,8
129,1520,126.54993,43.84727,1,1,9,14,8
53,1103,126.57086,43.80657,1,1,9,28,13
165,1656,126.55377,43.90713,1,1,7,31,9
165,290,126.55801,43.91889,14,1,9,12,9
31,4849,126.57141,43.8389,1,1,6,4,16
53,4474,126.56071,43.81329,14,1,9,23,9
165,3156,126.54869,43.91092,1,0,5,20,10
31,4849,126.58328,43.83763,14,1,6,6,14
53,1103,126.57773,43.82861,1,1,8,19,10
31,949,126.59215,43.84107,1,1,7,23,9
53,75,126.56533,43.8267,14,1,6,30,14
53,75,126.56583,43.82954,7,1,9,1,9
129,2688,126.531,43.81898,1,1,8,9,9
129,1520,126.55836,43.8477,14,1,9,5,7
129,2925,126.51528,43.81391,1,1,8,5,11
53,75,126.55391,43.82563,1,1,8,26,9
31,435,126.56354,43.86629,1,1,5,29,8
31,4849,126.56963,43.84754,14,1,7,23,7
31,949,126.55342,43.86855,1,1,5,16,13
53,75,126.55094,43.83037,1,1,8,14,8
53,1103,126.5669,43.83255,14,1,9,15,10
129,2925,126.51697,43.83135,1,1,9,14,8
53,75,126.56151,43.82515,10,1,8,9,9
165,1656,126.55329,43.91237,1,1,9,6,9
129,1520,126.56085,43.85276,1,1,9,23,8
53,75,126.54734,43.82333,14,1,9,2,8
129,2688,126.51942,43.81718,14,1,9,16,9
53,4474,126.56362,43.82358,14,1,9,27,8
129,1520,126.55556,43.85138,1,1,9,1,7
165,1656,126.56025,43.92006,4,1,7,22,9
129,2925,126.5167,43.82581,1,1,8,24,7
129,2688,126.5195,43.8132,1,1,8,29,8
53,4474,126.55602,43.81988,14,1,9,21,9
53,1103,126.57295,43.80794,1,1,9,17,14
165,3156,126.55336,43.91233,1,1,8,14,9
53,75,126.5625,43.81543,14,1,8,30,8
31,949,126.58708,43.8452,14,1,8,13,8
53,75,126.57112,43.82418,1,1,9,1,9
53,75,126.57056,43.82211,14,1,8,10,8
31,1558,126.58314,43.86778,14,1,10,12,9
53,75,126.57611,43.82199,1,1,8,12,9
129,2665,126.55502,43.85032,1,1,8,12,9
129,1520,126.55119,43.85321,1,1,9,1,7
129,638,126.56147,43.84086,1,1,6,28,10
31,4849,126.57189,43.84759,1,1,9,9,8
129,2925,126.52335,43.83671,1,1,7,21,8
31,949,126.59544,43.85386,1,1,6,15,7
165,1656,126.57278,43.92261,1,1,9,8,13
129,2925,126.51795,43.82758,1,1,6,26,9
31,3073,126.54876,43.86646,1,1,6,18,13
53,487,126.58315,43.78209,1,1,5,17,8
129,2688,126.51996,43.8198,1,1,7,3,8
129,2688,126.53486,43.82793,1,1,9,15,8
53,3030,126.51563,43.80693,1,1,10,21,8
129,2688,126.50198,43.79832,14,1,7,25,8
129,1520,126.54636,43.84907,14,1,10,1,7
53,487,126.52775,43.79994,14,1,7,23,7
129,2688,126.52896,43.82151,1,1,9,23,8
31,3073,126.54883,43.86761,1,1,6,5,15
129,2925,126.51335,43.81546,14,1,9,20,9
53,1103,126.57137,43.80975,1,1,6,11,16
31,435,126.55746,43.86463,7,1,7,13,7
53,487,126.5232,43.80123,1,1,8,28,8
53,487,126.55134,43.78688,14,1,9,12,9
31,4849,126.56995,43.84832,1,1,7,25,7
53,1103,126.57043,43.80789,1,1,6,3,11
31,435,126.54901,43.86866,1,1,8,31,9
31,949,126.59104,43.84173,1,1,8,23,7
31,4849,126.5799,43.83914,14,1,5,26,12
53,1103,126.56985,43.80378,1,1,9,28,13
31,435,126.55839,43.86872,1,1,7,23,7
53,1103,126.59336,43.83166,1,1,7,25,9
129,638,126.54598,43.84599,1,1,7,16,9
129,638,126.54561,43.8428,0,1,7,10,8
31,4849,126.57778,43.84316,1,1,5,29,8
53,1103,126.5748,43.83006,3,1,9,17,10
129,2925,126.50113,43.80998,14,1,8,12,9
129,2925,126.51288,43.81294,1,1,8,6,8
129,2688,126.51358,43.82004,14,1,6,14,9
53,75,126.56711,43.82185,14,1,6,8,7
129,2925,126.52214,43.83677,1,1,8,11,11
31,4849,126.57179,43.84956,14,1,7,18,7
53,4474,126.54341,43.81953,1,1,8,9,9
129,1520,126.53954,43.8439,14,1,9,23,8
31,4849,126.57,43.85051,7,1,8,6,8
31,949,126.58838,43.85051,7,1,8,11,8
31,4849,126.57375,43.8508,14,1,9,22,8
165,1656,126.55149,43.91063,14,1,8,28,8
53,4474,126.5593,43.81717,1,1,7,17,8
53,75,126.57158,43.82808,1,1,6,17,14
129,638,126.54295,43.84569,14,1,7,2,9
129,2925,126.51574,43.81496,1,1,9,22,8
53,487,126.57988,43.78423,14,1,6,14,9
129,2688,126.52517,43.82018,1,1,7,28,8
129,2688,126.5158,43.80788,1,1,7,7,14
31,4849,126.58335,43.8387,14,1,6,4,10
129,2925,126.51407,43.81354,1,1,9,4,8
31,949,126.59096,43.84126,1,1,8,1,10
53,4474,126.55931,43.81729,1,1,8,31,8
31,435,126.56562,43.86133,1,1,8,4,8
53,75,126.55097,43.83049,1,1,7,8,8
129,638,126.55298,43.83873,1,1,7,30,10
31,949,126.59424,43.86054,14,1,8,5,7
31,435,126.55275,43.87213,1,1,6,4,16
129,2688,126.52398,43.81466,1,1,8,8,8
31,4849,126.57658,43.85108,1,1,5,20,15
53,75,126.57553,43.82603,1,1,6,13,8
165,3156,126.5537,43.8998,14,0,6,10,8
31,949,126.59078,43.85151,1,1,6,12,12
31,949,126.59093,43.85049,1,1,5,19,8
53,1103,126.56039,43.80413,14,1,8,19,14
31,949,126.59299,43.85449,14,1,8,8,8
129,2665,126.54654,43.85035,14,1,8,23,8
31,4849,126.58356,43.84131,1,1,8,23,9
53,75,126.5544,43.83161,1,1,8,29,9
129,2688,126.51356,43.8075,1,1,6,29,8
129,2665,126.55867,43.84576,7,1,8,21,8
53,4474,126.54605,43.81199,1,1,7,3,8
53,4474,126.55923,43.81484,1,1,9,23,13
129,2665,126.54918,43.84618,1,1,8,3,8
31,949,126.59041,43.85279,1,1,6,9,13
31,435,126.5577,43.86928,1,1,7,28,7
165,1656,126.55882,43.93345,14,1,8,31,8
129,2925,126.52297,43.82289,14,1,8,19,9
31,3073,126.55209,43.86856,1,1,6,3,12
129,1520,126.54581,43.84643,1,1,10,14,8
31,949,126.5877,43.84032,14,1,7,27,8
165,1656,126.56582,43.92702,14,1,6,11,8
129,2925,126.51516,43.81676,1,1,9,10,8
129,2688,126.52271,43.81675,1,1,7,2,9
129,2925,126.51645,43.81409,1,1,6,18,13
31,435,126.56125,43.86113,1,1,7,29,7
129,2925,126.51884,43.83245,1,1,8,16,8
53,75,126.56988,43.81505,14,1,6,10,8
31,435,126.55698,43.85895,1,1,7,31,13
53,1103,126.57731,43.82632,1,1,7,27,9
53,1103,126.57296,43.80805,1,1,9,5,16
129,2665,126.54907,43.84871,14,1,8,3,8
53,75,126.5753,43.82295,1,1,8,13,9
129,161,126.56086,43.85279,1,1,6,13,10
31,4322,126.55558,43.86245,14,1,5,28,10
53,4474,126.55177,43.81741,14,1,8,27,8
53,75,126.56851,43.82628,1,1,8,28,8
53,1103,126.57286,43.83189,1,1,7,23,9
31,949,126.58979,43.86293,1,1,8,29,8
129,638,126.54125,43.84644,1,1,7,22,8
129,2925,126.51595,43.81742,1,1,9,13,9
165,1656,126.57316,43.92326,1,1,8,28,8
129,2688,126.52246,43.81737,1,1,8,10,12
165,1656,126.57649,43.91555,1,1,7,31,14
53,487,126.44794,43.75427,14,1,8,24,8
129,2688,126.52653,43.81527,1,1,9,20,9
129,2665,126.55631,43.84679,14,1,8,27,7
31,435,126.55279,43.87213,1,1,6,13,13
129,2665,126.55015,43.85299,14,1,8,15,8
53,1103,126.57013,43.81153,1,1,6,8,17
129,2688,126.51751,43.80984,1,1,8,14,8
31,4849,126.57511,43.83931,1,1,9,6,8
129,2688,126.53209,43.82123,1,1,8,16,8
53,75,126.55456,43.82473,1,1,7,27,8
129,2688,126.52828,43.82635,1,1,7,27,9
31,4849,126.578,43.84262,1,1,9,10,8
31,435,126.56107,43.85852,14,1,7,1,7
31,4849,126.56798,43.84397,14,1,8,30,8
129,2688,126.51586,43.8083,1,1,7,31,19
53,75,126.55315,43.8305,1,1,7,20,8
53,75,126.55494,43.82583,1,1,8,28,8
31,4849,126.57859,43.84153,1,1,8,26,9
31,435,126.55097,43.87218,1,1,5,17,13
165,3156,126.55493,43.91094,3,0,7,21,10
53,487,126.54086,43.79156,14,1,9,25,8
53,1103,126.57265,43.83137,1,1,10,1,9
53,75,126.57543,43.82546,1,1,7,3,8
53,979,126.55518,43.80734,1,1,5,30,9
53,75,126.55955,43.82508,1,1,7,15,8
31,4849,126.58177,43.83661,10,1,9,28,8
129,2688,126.53319,43.82666,1,1,5,29,13
31,4849,126.57907,43.83721,1,1,9,9,8
53,1103,126.57216,43.83085,14,1,9,21,9
31,4849,126.57314,43.84638,1,1,6,4,10
31,949,126.59235,43.86117,1,1,5,21,8
53,4474,126.54287,43.8163,1,1,7,29,8
31,949,126.59204,43.85142,4,1,9,26,7
53,4474,126.55825,43.80473,14,1,6,18,9
53,1103,126.57361,43.83119,1,1,9,27,9
165,1656,126.5523,43.90899,1,0,5,23,9
31,949,126.59241,43.8427,14,1,9,19,7
165,1656,126.55875,43.94663,14,1,9,19,8
31,4849,126.57317,43.84628,1,1,5,30,8
31,4849,126.58105,43.84546,14,1,9,15,7
53,1103,126.57073,43.80659,1,1,6,4,19
129,2925,126.51928,43.82701,1,1,7,14,9
129,2925,126.51579,43.83061,1,1,8,4,9
53,1103,126.57892,43.82936,1,1,9,8,10
129,2925,126.51631,43.81379,1,1,7,27,9
31,4849,126.569,43.85037,7,1,9,17,8
31,949,126.59077,43.8463,1,1,5,30,8
129,1520,126.55279,43.84668,1,1,9,29,8
31,949,126.59176,43.84063,1,1,6,14,8
31,949,126.59398,43.84008,1,1,9,19,7
165,1656,126.54958,43.90786,1,1,9,19,8
129,2925,126.51273,43.83266,1,1,8,25,7
53,1087,126.57622,43.82697,1,1,6,19,10
31,949,126.59246,43.86259,1,1,5,18,8
129,2665,126.55038,43.85307,14,1,8,18,8
129,2925,126.51682,43.82543,1,1,9,18,9
129,638,126.54612,43.83773,1,1,6,1,9
53,4474,126.55858,43.8018,1,1,8,1,8
129,638,126.54705,43.84144,14,1,7,7,9
53,4474,126.55106,43.80509,1,1,9,13,8
53,1103,126.57763,43.82857,1,1,8,27,9
129,2688,126.51682,43.80764,1,1,7,27,9
53,75,126.54355,43.82175,14,1,9,15,9
129,2688,126.51543,43.8074,1,1,6,10,8
53,487,126.5357,43.80376,14,1,7,25,8
31,949,126.58728,43.84812,1,1,6,12,12
31,435,126.5493,43.87364,1,1,7,16,7
53,75,126.57417,43.8271,1,1,9,6,8
31,2208,126.54485,43.87375,1,1,6,4,17
53,1087,126.57048,43.83202,1,1,6,19,10
129,2925,126.51522,43.81393,1,1,9,4,9
165,1656,126.56699,43.89907,14,1,5,29,8
31,435,126.55076,43.87359,1,1,7,18,8
129,1520,126.54195,43.84417,1,1,9,28,9
31,4849,126.58385,43.84316,1,1,8,9,8
129,2688,126.52823,43.82436,1,1,6,11,9
53,1103,126.57361,43.83114,1,1,7,5,9
165,3156,126.54621,43.9082,1,0,5,29,10
129,2925,126.51446,43.81087,1,1,8,30,7
53,75,126.55292,43.82312,1,1,7,12,8
129,3458,126.51235,43.81371,1,1,5,29,14
31,949,126.58739,43.84207,1,1,6,15,9
53,75,126.56752,43.82846,1,1,5,30,8
53,1103,126.59782,43.82778,14,1,7,6,9
53,4474,126.54278,43.81635,1,1,8,21,8
165,3156,126.5466,43.90634,14,0,6,8,9
129,2925,126.51623,43.81828,1,1,9,4,9
53,979,126.54578,43.81065,1,1,5,30,14
31,4849,126.57496,43.85047,1,1,9,8,15
165,1656,126.55327,43.91266,1,1,8,22,8
129,1520,126.55491,43.85419,1,1,9,1,7
31,4849,126.58093,43.84132,1,1,8,20,8
53,75,126.56418,43.82451,12,1,8,7,9
53,75,126.56541,43.81282,14,1,8,26,9
53,979,126.54781,43.81904,14,1,6,9,8
53,75,126.56514,43.81904,14,1,8,31,9
53,4474,126.55846,43.80452,4,1,9,20,8
165,3156,126.55483,43.91491,14,1,8,17,9
129,2925,126.51788,43.8211,1,1,9,21,8
165,1656,126.55687,43.9155,1,1,9,4,8
31,949,126.59224,43.86122,1,1,7,28,7
53,3559,126.55329,43.81889,14,1,6,4,14
31,4849,126.5795,43.8372,14,1,8,8,8
129,2688,126.53086,43.82481,1,1,9,7,7
53,1103,126.56995,43.8099,1,1,9,29,14
165,3156,126.54838,43.90061,1,0,6,5,10
165,3156,126.54915,43.91401,1,0,5,27,10
53,1103,126.57823,43.82984,1,1,6,11,12
129,2688,126.53111,43.82786,1,1,9,10,8
129,2688,126.52022,43.80844,1,1,5,31,13
31,949,126.5872,43.84809,1,1,7,6,10
165,1656,126.5576,43.9148,1,1,8,21,14
53,75,126.5439,43.82305,1,1,8,4,8
53,75,126.55563,43.82477,1,1,7,25,8
31,1558,126.53902,43.87024,1,1,9,7,10
129,1520,126.56195,43.85077,1,1,9,3,11
31,4849,126.56917,43.84826,14,1,8,31,13
53,2060,126.5594,43.81641,1,1,6,1,8
53,1103,126.60414,43.82952,1,1,6,28,9
165,1656,126.52703,43.93359,14,1,6,18,14
53,487,126.53437,43.80584,1,1,7,20,8
31,3073,126.55286,43.86823,1,1,6,5,15
165,2709,126.56106,43.89927,1,0,5,16,9
165,1656,126.54692,43.90823,1,1,5,15,15
53,1103,126.57018,43.80717,1,1,7,26,14
53,4474,126.54975,43.81549,1,1,7,23,7
53,2618,126.56705,43.80718,1,1,6,7,13
53,1103,126.59116,43.82983,1,1,9,21,9
31,949,126.58668,43.84335,1,1,9,11,8
129,638,126.55757,43.84053,1,1,7,27,10
31,949,126.59542,43.84556,14,1,6,7,14
129,2665,126.54822,43.84512,1,1,8,16,8
165,1656,126.55324,43.91025,1,1,9,8,9
53,1103,126.5768,43.82717,1,1,8,3,9
53,487,126.5416,43.79286,14,1,8,15,9
31,435,126.5576,43.87026,1,1,9,4,8
53,4474,126.55374,43.81773,14,1,8,21,9
31,949,126.59489,43.84333,14,1,8,31,9
53,1103,126.6049,43.82794,1,1,8,26,9
31,4322,126.5606,43.8864,14,1,6,6,10
165,1656,126.57099,43.9302,1,1,8,25,9
129,2688,126.52216,43.82542,1,1,7,18,8
31,4849,126.57373,43.85465,1,1,9,26,7
31,435,126.56059,43.86167,1,1,8,12,11
129,161,126.56211,43.85014,1,1,6,14,10
53,75,126.56518,43.81639,1,1,8,13,9
53,1177,126.57609,43.80271,14,1,6,8,8
53,979,126.55321,43.81701,14,1,6,7,14
31,435,126.55906,43.8688,1,0,9,13,8
31,949,126.5878,43.84888,1,1,9,1,9
31,4849,126.58159,43.8458,14,1,8,19,11
53,487,126.54247,43.79142,14,1,9,6,9
165,3156,126.55636,43.91453,1,0,6,28,8
31,435,126.56211,43.8732,14,1,7,22,7
129,638,126.54471,43.83738,1,1,7,25,9
53,2289,126.57085,43.81301,1,1,5,29,13
53,1103,126.56822,43.81139,1,1,6,19,15
31,435,126.55291,43.87425,1,1,6,1,13
53,1103,126.57197,43.83169,1,1,9,10,9
31,949,126.58753,43.85877,1,1,5,28,13
165,2709,126.56687,43.90543,1,1,9,6,9
165,1656,126.55071,43.90819,14,1,10,5,9
53,1103,126.5956,43.83225,1,1,7,1,8
31,435,126.55762,43.86962,1,1,7,29,7
31,949,126.58965,43.86298,1,1,7,26,7
165,3867,126.62731,43.88732,1,1,7,27,8
129,2925,126.51756,43.82683,1,1,7,27,9
53,4474,126.54948,43.81829,1,1,8,19,9
129,2688,126.52362,43.81715,1,1,7,22,8
31,949,126.59102,43.8382,1,1,6,1,13
31,949,126.59367,43.85788,14,1,9,17,8
31,4849,126.57977,43.84176,1,1,7,11,7
31,4849,126.57343,43.83954,1,1,6,6,14
53,1103,126.59774,43.83317,1,1,9,15,10
129,1520,126.55794,43.84657,14,1,9,26,8
165,1656,126.5557,43.91681,14,1,9,16,9
165,2709,126.58373,43.8943,14,1,8,10,8
53,75,126.57657,43.82585,1,1,7,24,8
31,4849,126.58371,43.84199,1,1,7,5,7
31,2208,126.54098,43.86866,1,1,5,27,11
53,75,126.5638,43.8156,1,1,7,2,8
31,435,126.54913,43.87225,1,0,5,20,14
53,979,126.55872,43.8081,1,1,5,30,9
53,1103,126.57547,43.82952,3,1,7,30,8
165,3156,126.54952,43.91044,14,1,8,4,8
53,75,126.56354,43.81389,14,1,9,19,8
31,435,126.56245,43.87026,1,1,6,9,8
53,1103,126.57618,43.82709,1,1,6,30,10
53,75,126.57185,43.82069,1,1,10,2,8
165,1656,126.5717,43.94511,14,0,6,27,10
31,4849,126.5693,43.84074,14,1,9,14,8
31,2398,126.58585,43.87416,1,1,10,2,8
31,949,126.59412,43.86312,14,1,6,19,8
53,1103,126.575,43.8278,1,1,8,23,10
53,487,126.58431,43.78131,1,1,9,18,8
129,2688,126.52036,43.82009,1,1,6,25,10
165,1656,126.55954,43.90577,14,1,8,26,8
53,1103,126.5672,43.8075,1,1,8,9,12
31,949,126.59173,43.85989,4,1,9,12,8
165,3156,126.55658,43.91417,1,1,8,15,9
31,4849,126.5768,43.85081,1,1,8,23,9
53,4474,126.5548,43.8025,14,1,9,27,8
31,435,126.55971,43.87039,1,1,8,4,9
165,1656,126.56554,43.91929,14,1,10,12,9
129,3458,126.52211,43.82556,1,1,6,3,14
31,949,126.58648,43.85983,1,1,9,28,8
53,4474,126.55542,43.80658,1,1,7,21,8
31,435,126.55715,43.86091,14,1,9,14,7
165,1656,126.54421,43.9107,14,1,9,3,9
53,75,126.5747,43.81941,1,1,5,31,14
129,2688,126.50982,43.81112,1,1,8,6,9
31,435,126.56136,43.8706,1,1,9,9,8
129,2688,126.516,43.81965,14,1,6,1,19
31,949,126.58638,43.86005,1,1,6,19,8
165,2709,126.56259,43.90523,14,1,7,10,8
129,1520,126.56112,43.85053,1,1,10,6,11
31,4849,126.567,43.84737,7,1,6,3,16
129,2925,126.51593,43.8175,1,1,9,3,7
53,75,126.57923,43.82002,14,1,9,5,9
129,638,126.52747,43.86003,1,1,7,25,9
53,487,126.55138,43.7868,14,1,5,25,10
165,290,126.54681,43.90821,1,1,9,9,9
31,435,126.55283,43.87226,1,1,9,22,9
53,4474,126.54277,43.81637,1,1,8,10,16
31,949,126.59296,43.84182,14,1,7,2,8
165,3156,126.55003,43.91307,1,0,5,20,10
129,638,126.54905,43.83989,14,1,8,3,9
129,638,126.53214,43.85831,1,1,7,25,9
31,949,126.59433,43.84077,14,1,9,16,8
129,2925,126.51506,43.81214,1,1,7,31,13
165,1656,126.56348,43.92715,14,1,8,6,8
165,1656,126.54874,43.91138,1,0,6,17,9
165,1656,126.54824,43.90053,1,1,5,31,15
53,487,126.52988,43.80523,14,1,9,11,9
53,75,126.5511,43.83061,1,1,7,18,8
53,75,126.55518,43.82226,10,1,7,28,8
31,949,126.59345,43.83994,1,1,8,31,9
53,75,126.54867,43.82958,1,1,8,31,8
129,87,126.56141,43.84049,1,1,10,16,8
129,87,126.56143,43.84043,1,1,10,10,9
129,2688,126.52025,43.81585,1,1,6,28,10
53,75,126.56543,43.81562,14,1,7,17,8
129,2665,126.56068,43.85215,14,1,8,4,8
53,1103,126.56984,43.80831,1,1,7,3,12
31,4849,126.57397,43.83913,1,1,8,1,7
165,1656,126.56167,43.92834,14,0,6,12,8
129,2925,126.51655,43.81946,14,1,7,28,8
31,435,126.55287,43.87215,1,1,8,30,9
129,2925,126.51325,43.83362,1,1,7,23,8
31,4849,126.56705,43.84762,7,1,9,17,8
53,75,126.57335,43.82148,1,1,8,12,9
53,854,126.58766,43.79015,14,1,6,18,13
53,75,126.56602,43.8153,1,1,7,25,15
31,4849,126.57874,43.84355,1,1,8,3,7
129,2688,126.51366,43.80749,1,1,7,15,7
31,4849,126.57556,43.85338,1,1,9,22,8
165,1656,126.56616,43.92896,14,1,10,6,9
31,435,126.55279,43.87221,1,1,8,17,7
53,75,126.57675,43.82517,1,1,8,16,9
31,949,126.58856,43.85848,1,1,8,31,9
53,1103,126.5667,43.80293,4,1,7,21,13
129,1520,126.56121,43.85516,1,1,9,28,9
129,2665,126.56438,43.84749,7,1,8,12,9
31,949,126.58859,43.85853,1,0,9,4,15
53,487,126.52939,43.80497,14,1,6,1,8
165,1656,126.55601,43.91042,3,1,7,29,8
53,75,126.5705,43.82211,14,1,8,17,8
31,949,126.58828,43.85053,7,1,7,7,7
165,3156,126.55687,43.9143,1,1,8,18,9
31,435,126.55288,43.87214,1,1,9,30,8
53,1103,126.57103,43.8074,1,1,6,13,15
31,435,126.5541,43.87231,1,0,9,5,12
31,435,126.55283,43.87214,1,1,7,14,13
53,75,126.56976,43.81871,1,1,9,9,10
129,2688,126.51949,43.81327,1,1,6,30,9
165,2709,126.56609,43.90788,14,0,6,4,9
53,4474,126.55674,43.81056,14,1,9,26,8
53,4474,126.55153,43.82043,14,1,9,15,14
129,3853,126.47596,43.94565,1,1,6,7,12
129,2688,126.53436,43.82862,1,1,7,27,9
31,435,126.55196,43.85714,14,1,7,24,7
31,949,126.59572,43.85356,1,1,5,18,8
165,1656,126.54793,43.90902,1,1,8,25,9
53,487,126.54235,43.79137,14,1,6,10,9
31,949,126.58868,43.8379,14,1,6,11,15
31,4849,126.57216,43.84455,1,1,8,25,9
31,4849,126.57725,43.84473,1,1,7,16,9
53,4474,126.56085,43.8097,4,1,6,29,8
53,75,126.54481,43.82439,1,1,9,23,8
53,487,126.53045,43.80466,14,1,8,7,9
129,2665,126.56067,43.84593,14,1,8,28,7
165,290,126.54531,43.91669,1,1,9,18,9
53,75,126.57012,43.82119,1,1,7,13,8
31,1558,126.53918,43.87029,1,1,9,12,10
31,435,126.55078,43.87121,1,1,6,3,14
53,75,126.55968,43.83341,1,1,7,31,8
129,2688,126.53156,43.82618,1,1,8,22,9
31,4849,126.58505,43.84413,14,1,7,11,7
129,2688,126.52366,43.8154,1,1,9,9,8
129,2925,126.51587,43.8182,1,1,8,3,8
31,949,126.58826,43.86001,1,1,9,21,9
31,435,126.54954,43.86023,3,1,8,8,8
129,2925,126.5205,43.82661,1,1,9,14,8
53,1103,126.57244,43.8125,1,1,7,27,13
165,1656,126.55002,43.90144,14,1,8,26,8
53,3939,126.55563,43.82471,1,1,5,29,8
53,1103,126.581,43.82934,1,1,9,1,9
53,75,126.56967,43.81879,1,1,7,14,16
31,949,126.58874,43.86329,1,1,6,14,7
31,949,126.5948,43.85862,14,1,8,23,7
53,75,126.56613,43.8149,1,1,7,22,8
165,1656,126.5691,43.92146,14,1,8,19,9
31,4849,126.58084,43.83961,1,1,8,8,8
53,854,126.58975,43.78837,14,1,6,18,13
129,2925,126.5182,43.82175,1,1,6,8,9
31,949,126.59163,43.84479,1,1,8,9,7
53,75,126.55967,43.82481,1,1,7,22,8
53,487,126.54409,43.79124,14,1,6,28,9
53,1103,126.5705,43.80344,14,1,6,10,14
53,75,126.57618,43.82236,1,1,6,17,14
129,2925,126.5154,43.81615,1,1,9,11,9
165,1656,126.55403,43.90052,14,1,9,16,9
129,2925,126.50289,43.81745,1,1,8,3,9
53,1103,126.56819,43.80228,1,1,6,11,16
53,75,126.56338,43.82257,1,1,9,24,8
53,75,126.55329,43.83054,1,1,7,7,9
165,3156,126.54936,43.90755,1,1,7,10,9
129,2688,126.52069,43.81526,1,1,9,8,7
165,1656,126.57296,43.92297,1,1,9,4,8
53,4474,126.55429,43.81763,14,1,8,28,8
53,75,126.56293,43.8259,14,1,6,29,8
31,949,126.58657,43.84562,14,1,9,18,8
53,75,126.56717,43.81571,1,1,9,29,8
31,949,126.58728,43.84665,1,1,7,26,8
129,1520,126.56311,43.84852,7,1,9,1,7
31,435,126.57372,43.86859,1,1,6,18,17
31,4849,126.57791,43.84259,1,1,8,25,9
129,1520,126.55459,43.85139,1,1,10,2,8
53,487,126.52731,43.79964,14,1,8,2,8
53,4474,126.55766,43.8085,1,1,9,23,9
129,2688,126.53013,43.81916,1,1,9,11,16
53,4474,126.56129,43.81761,14,1,7,11,8
129,1520,126.55204,43.84801,1,1,10,5,8
53,4474,126.5552,43.80439,1,1,9,17,8
129,1520,126.53883,43.84671,1,1,9,17,7
165,1656,126.56159,43.92081,14,1,7,3,8
129,2688,126.53171,43.82153,1,1,6,11,9
31,4849,126.57612,43.84763,1,1,7,24,7
31,949,126.58818,43.86013,1,1,7,30,13
31,435,126.56442,43.86111,1,1,9,24,8
53,4474,126.55451,43.81998,1,1,8,20,8
31,2208,126.53916,43.87025,1,1,6,8,11
53,1103,126.60597,43.82823,1,1,8,22,9
53,4474,126.5554,43.81493,14,1,8,31,8
129,2688,126.51467,43.807,1,1,8,10,13
53,75,126.56251,43.82704,1,1,6,4,9
53,75,126.56414,43.8214,7,1,7,12,8
53,4474,126.55631,43.82006,14,1,7,13,8
31,4849,126.57397,43.83938,1,1,8,7,11
165,1656,126.56462,43.92786,14,1,6,30,10
31,949,126.59085,43.84514,1,1,9,24,8
129,638,126.55633,43.84179,1,1,7,15,8
129,161,126.56561,43.85205,3,1,6,18,18
53,75,126.56412,43.81515,1,1,9,10,8
53,1103,126.57748,43.82971,1,1,7,19,8
53,1103,126.57163,43.8125,1,1,8,30,13
31,4849,126.57353,43.84463,7,1,7,24,7
129,2688,126.53231,43.82528,1,1,6,9,14
129,2688,126.53448,43.82831,1,1,9,5,7
31,4322,126.5622,43.88384,14,1,6,24,17
129,1520,126.54811,43.84666,1,1,9,2,7
129,2925,126.51137,43.83348,1,1,9,16,9
129,2925,126.51511,43.81451,1,1,9,16,9
165,3156,126.54153,43.91802,14,0,6,2,9
53,1103,126.57127,43.80982,1,1,7,30,13
53,75,126.56984,43.81358,14,1,6,30,9
53,4474,126.55539,43.80655,1,1,7,12,8
31,949,126.5918,43.83973,1,1,6,16,7
165,1656,126.5737,43.91744,4,1,9,9,9
31,435,126.56191,43.86767,1,1,5,18,8
129,2688,126.52736,43.81513,1,1,8,12,14
165,1656,126.56502,43.92864,14,1,9,6,9
53,75,126.5686,43.81771,1,1,7,2,9
53,4474,126.55175,43.8116,14,1,7,13,8
165,1656,126.56641,43.91861,14,1,8,13,8
53,1103,126.56752,43.82931,1,1,8,1,13
53,75,126.559,43.82316,10,1,8,31,9
31,435,126.55196,43.85708,14,1,7,1,11
129,161,126.56539,43.84776,7,1,6,9,14
129,2925,126.51299,43.81271,1,1,7,6,8
165,3156,126.55594,43.91433,1,1,7,10,9
53,1103,126.56956,43.831,14,1,7,24,8
53,487,126.58519,43.78222,1,1,9,7,8
53,4474,126.55194,43.80401,1,1,6,26,10
31,949,126.58927,43.85179,1,1,6,29,14
165,3156,126.55375,43.89987,14,1,8,4,8
129,588,126.51858,43.8135,1,1,5,29,19
31,435,126.55099,43.87333,1,1,8,24,8
129,2688,126.53246,43.82383,1,1,8,24,8
129,2925,126.514,43.81353,1,1,8,27,7
53,318,126.54961,43.78787,14,1,5,14,9
53,487,126.59207,43.77707,14,1,9,22,9
53,75,126.57906,43.81998,14,1,8,29,9
53,4474,126.54451,43.81491,1,1,8,15,8
53,1103,126.56609,43.83204,14,1,9,10,9
53,4474,126.54968,43.81542,1,1,7,28,8
31,4849,126.57967,43.83781,14,1,6,1,8
53,1103,126.59322,43.83163,1,1,8,3,9
53,4474,126.55799,43.8176,1,1,7,25,8
31,949,126.59248,43.84234,1,1,9,6,8
129,2688,126.53468,43.82734,1,1,8,18,8
129,2925,126.50133,43.81928,14,1,8,4,9
129,1520,126.56603,43.8571,1,1,9,26,8
53,4474,126.55456,43.8031,14,1,9,15,9
165,1656,126.53596,43.93309,14,1,9,6,9
165,1656,126.57442,43.92092,1,1,8,1,8
129,1520,126.56075,43.85338,1,1,9,14,8
165,2709,126.569,43.89899,14,1,9,11,9
31,4849,126.58368,43.84641,0,1,6,27,8
53,75,126.57046,43.82229,14,1,9,9,10
129,2925,126.5234,43.83644,1,1,8,13,8
165,1656,126.78854,44.00468,14,1,7,8,9
53,487,126.54543,43.79254,14,1,8,3,8
31,435,126.55304,43.87205,1,1,5,30,15
129,2688,126.50894,43.81136,1,1,7,19,8
53,75,126.55319,43.83059,1,1,8,4,8
165,1656,126.5552,43.8993,1,1,9,17,8
53,854,126.56316,43.79807,1,1,6,19,15
165,3156,126.5498,43.90647,1,0,5,15,10
129,2925,126.51153,43.83349,1,1,8,19,9
53,75,126.56876,43.82877,1,1,8,25,8
31,4849,126.56901,43.8503,7,1,9,25,8
31,435,126.56159,43.86226,1,1,5,29,8
53,75,126.57478,43.81941,1,1,9,18,8
53,1103,126.57234,43.80632,1,1,6,3,11
53,75,126.56148,43.82339,1,1,6,9,7
129,588,126.53772,43.83357,1,1,7,31,16
31,435,126.56164,43.86161,1,1,5,28,9
31,435,126.56155,43.85801,14,1,8,4,8
31,1558,126.57487,43.88738,1,1,9,3,9
31,949,126.58969,43.84,1,1,6,11,15
53,1103,126.57113,43.80642,1,1,6,14,15
53,4474,126.55942,43.81971,1,1,9,10,7
129,638,126.56169,43.84024,1,1,7,1,9
129,2688,126.52147,43.81318,1,1,9,13,8
165,3156,126.54709,43.91088,1,0,5,16,10
129,2665,126.56534,43.8547,14,1,8,19,8
31,4849,126.57617,43.84772,1,1,7,17,8
129,2925,126.52256,43.83811,1,1,8,20,9
53,75,126.564,43.81689,1,1,9,25,8
53,75,126.56776,43.82316,1,1,7,24,8
129,1520,126.5438,43.84163,10,1,9,7,7
53,75,126.56548,43.81966,14,1,8,22,9
53,4474,126.55576,43.81498,14,1,8,7,15
165,3156,126.55399,43.90004,14,0,5,27,10
129,2925,126.52323,43.83662,1,1,6,16,8
129,1520,126.5659,43.85374,12,1,9,18,9
53,75,126.5532,43.8305,1,1,8,15,8
129,2925,126.49873,43.82222,14,1,8,3,9
53,1103,126.57265,43.80991,1,1,6,10,15
31,949,126.59021,43.84129,1,1,6,10,8
53,75,126.55862,43.82512,10,1,8,24,8
53,979,126.55536,43.8078,1,0,6,10,12
53,1103,126.5705,43.83197,1,1,9,30,9
31,949,126.58923,43.83899,1,1,8,8,8
31,435,126.5549,43.87296,1,1,6,17,12
129,2688,126.53234,43.82486,1,1,9,18,9
53,487,126.52451,43.79971,1,1,8,16,8
129,2665,126.55779,43.84943,1,1,8,30,7
129,638,126.55403,43.83926,1,1,8,4,9
31,4849,126.58323,43.843,1,1,5,18,9
129,2665,126.56518,43.85286,4,1,8,26,7
53,4474,126.54607,43.8146,1,1,6,16,9
129,2688,126.5203,43.81582,1,1,6,16,8
129,2925,126.51929,43.83206,1,1,8,13,9
53,1087,126.57512,43.82903,3,1,6,17,10
31,4849,126.56787,43.84102,14,1,9,14,8
165,3156,126.5483,43.90065,1,0,6,15,8
129,2688,126.5123,43.80778,1,1,8,20,8
165,1656,126.54384,43.91684,14,1,8,27,8
31,2208,126.54064,43.87506,14,1,6,4,17
165,1656,126.5524,43.91039,1,1,9,2,9
31,949,126.59108,43.84981,1,1,9,3,8
129,1520,126.53744,43.84711,1,1,10,15,8
31,4609,126.56167,43.85818,14,1,6,17,12
53,4474,126.55945,43.81466,1,1,7,17,8
165,290,126.57836,43.89463,14,1,9,27,9
31,435,126.55273,43.87211,1,1,6,1,13
31,949,126.55314,43.86849,1,1,5,15,13
129,3408,126.52856,43.87173,1,1,5,18,10
165,1656,126.55386,43.91164,1,1,9,25,9
53,75,126.57088,43.8292,1,1,7,30,8
53,4474,126.55482,43.80466,1,1,8,13,9
31,949,126.59386,43.84004,1,1,7,17,8
53,75,126.56673,43.81251,14,1,7,4,9
53,487,126.53337,43.80616,1,1,8,23,8
129,2688,126.50398,43.80139,1,1,9,19,9
165,1656,126.56415,43.92784,14,1,8,27,8
31,949,126.59016,43.83912,1,0,10,1,7
53,1103,126.57287,43.80916,1,1,7,5,13
53,1103,126.57438,43.83029,3,1,9,22,9
53,75,126.54756,43.82846,1,1,6,4,12
53,1103,126.58017,43.82883,1,1,9,27,9
31,4849,126.58126,43.83908,14,1,9,29,8
31,1558,126.55335,43.86852,1,1,10,7,14
31,949,126.58757,43.83953,14,1,8,16,7
53,487,126.57581,43.77901,1,1,5,30,14
31,949,126.59491,43.85093,1,1,6,1,7
53,1103,126.56844,43.81066,1,1,6,27,14
53,1103,126.56597,43.83208,14,1,7,13,10
53,75,126.5519,43.82696,14,1,8,7,9
129,2688,126.51541,43.80929,1,1,6,3,16
129,2665,126.54653,43.85112,14,1,8,10,13
129,2925,126.52109,43.82267,14,1,7,4,9
129,2688,126.51798,43.81045,1,1,8,16,8
129,2925,126.51545,43.81611,1,1,6,12,9
129,638,126.54797,43.8415,14,1,6,1,8
31,4849,126.56717,43.84834,14,1,8,10,16
31,4849,126.58363,43.84635,0,1,8,2,8
53,1103,126.56951,43.81199,1,1,9,22,13
129,2688,126.51838,43.81323,1,1,7,17,14
165,1656,126.52693,43.93355,14,1,9,29,9
31,435,126.57148,43.86559,1,1,10,2,8
53,2289,126.57091,43.81325,1,1,5,29,13
53,75,126.56893,43.82014,1,1,9,15,9
53,487,126.58075,43.7829,14,1,6,30,12
165,1656,126.56619,43.92048,14,1,7,15,9
53,1103,126.5667,43.83185,14,1,8,22,10
165,3156,126.54972,43.90655,1,1,8,11,9
129,2688,126.52028,43.80855,1,1,7,7,14
53,75,126.57883,43.82213,14,1,8,21,9
129,1520,126.55313,43.85245,14,1,9,8,7
129,2925,126.49933,43.82125,14,1,8,12,9
165,2709,126.56571,43.91192,14,1,9,20,8
53,854,126.58946,43.7907,14,1,6,18,13
31,4849,126.5697,43.83917,1,1,7,26,7
53,75,126.55273,43.82821,1,1,8,24,8
53,1103,126.5742,43.83065,1,1,6,9,9
53,75,126.57198,43.82031,1,1,9,10,8
53,75,126.56511,43.81899,14,1,5,16,8
53,1103,126.57082,43.80643,1,1,7,11,11
31,4849,126.56873,43.83932,13,1,9,13,7
129,1520,126.55272,43.84676,1,1,10,1,7
165,1656,126.55347,43.90672,1,1,9,29,9
129,2688,126.52163,43.8148,1,1,8,5,8
31,4849,126.568,43.84114,14,1,5,29,14
129,2688,126.52362,43.81548,1,1,9,29,8
53,75,126.56003,43.82522,1,1,7,19,8
129,638,126.54799,43.8415,14,1,7,8,8
165,1656,126.57238,43.92005,14,1,8,27,8
165,3156,126.54811,43.91282,1,1,8,4,8
53,1103,126.56997,43.80994,1,1,9,9,15
129,2925,126.51651,43.81683,1,1,9,11,8
31,4849,126.57218,43.8397,1,1,8,12,15
129,2688,126.51373,43.80814,1,1,6,3,9
31,4849,126.57544,43.83905,1,1,7,29,14
165,2709,126.56594,43.91012,14,1,9,4,8
31,4849,126.57665,43.84975,1,1,6,7,14
165,1656,126.57251,43.93004,1,1,7,6,9
129,2688,126.53188,43.82521,1,1,8,8,8
129,638,126.54629,43.83744,1,1,7,23,9
53,4474,126.55605,43.82009,14,1,9,4,9
129,2925,126.5137,43.82346,1,1,8,8,8
129,638,126.55133,43.84259,14,1,7,8,8
53,75,126.56759,43.82292,4,1,9,22,9
165,1656,126.54607,43.91336,1,1,9,29,9
129,638,126.55638,43.84173,1,1,7,28,8
31,435,126.56411,43.86156,1,1,7,19,7
53,75,126.56899,43.83024,14,1,6,10,8
165,3156,126.54405,43.91479,1,0,6,5,10
129,2945,126.51485,43.82004,14,1,10,1,8
31,949,126.59238,43.84622,4,1,9,16,8
31,949,126.592,43.84703,1,1,8,19,8
129,2688,126.52029,43.81142,1,1,6,3,16
129,2665,126.55411,43.85435,1,1,8,29,9
53,75,126.56931,43.8157,1,1,6,13,8
31,1558,126.54294,43.86736,1,1,9,8,12
31,949,126.58953,43.86155,1,1,6,27,8
129,2925,126.516,43.83222,1,1,7,1,8
129,2688,126.51615,43.81639,1,1,8,8,15
53,4474,126.56087,43.81502,14,1,8,21,9
53,4474,126.55119,43.80442,1,1,9,10,8
31,4849,126.57651,43.83929,14,1,10,2,8
129,2688,126.53232,43.82399,1,1,8,9,9
129,2665,126.54992,43.8422,14,1,8,20,8
129,1520,126.5441,43.8471,1,1,9,11,8
129,2688,126.52393,43.81475,1,1,7,26,8
53,75,126.55484,43.82594,1,1,7,23,7
31,2208,126.54742,43.87321,1,1,5,28,18
31,4849,126.5753,43.84231,1,1,7,15,8
31,435,126.55988,43.87188,1,1,8,19,7
53,4474,126.54461,43.81552,1,1,9,27,8
31,4849,126.58355,43.84475,1,1,8,8,8
31,4849,126.56889,43.8392,13,1,9,3,8
53,75,126.56586,43.8124,14,1,6,11,15
165,290,126.56023,43.91997,4,1,9,12,9
31,435,126.55175,43.87032,1,1,7,20,7
129,2925,126.48675,43.81807,14,1,8,14,9
53,487,126.56392,43.78577,14,1,9,24,9
53,75,126.5792,43.82497,14,1,9,24,8
129,2688,126.53214,43.82267,1,1,9,29,8
31,4849,126.56942,43.84567,14,1,7,24,7
53,75,126.56646,43.81855,14,1,9,6,9
53,487,126.57942,43.78361,14,1,7,12,8
31,4849,126.57178,43.84222,1,1,9,3,8
31,949,126.59325,43.86172,1,1,6,4,8
129,638,126.53946,43.84388,14,1,7,15,8
31,949,126.5921,43.84061,1,1,8,3,7
129,2925,126.52153,43.83688,1,1,5,29,9
129,1520,126.5613,43.85216,14,1,9,16,9
31,4849,126.58489,43.84367,14,1,7,12,11
165,2709,126.58635,43.89426,1,1,8,18,8
129,2688,126.53137,43.82842,14,1,6,5,17
53,487,126.55801,43.81752,1,1,6,4,15
129,2665,126.5659,43.85702,1,1,8,16,8
31,949,126.58905,43.84385,1,1,7,18,8
53,1103,126.58017,43.82847,1,1,9,14,9
129,1520,126.55833,43.85567,1,1,9,1,7
53,75,126.54381,43.82316,1,1,6,19,9
31,949,126.59161,43.83871,1,1,5,31,18
31,4849,126.57352,43.84452,7,1,9,30,8
31,435,126.55558,43.86249,14,1,7,5,7
31,435,126.55983,43.86007,14,1,7,3,7
53,487,126.59461,43.77875,14,1,8,22,9
53,1103,126.5794,43.82908,1,1,8,29,9
129,2688,126.50386,43.80249,1,1,8,26,10
129,2688,126.51664,43.80654,1,1,8,16,8
165,1656,126.56411,43.92215,1,1,8,21,9
165,2709,126.55814,43.90069,14,1,8,18,8
53,1103,126.57931,43.8298,1,1,8,16,10
53,1103,126.5717,43.81243,1,1,6,12,15
53,75,126.56925,43.82456,1,1,7,16,8
129,2688,126.53294,43.8253,1,1,8,4,8
129,1520,126.53657,43.84751,1,1,9,27,9
53,1103,126.60401,43.82873,1,1,9,20,8
129,2925,126.52041,43.82732,1,1,7,12,8
53,487,126.59371,43.77897,14,1,9,25,8
129,2688,126.52351,43.82009,14,1,8,11,11
53,4474,126.55466,43.81998,1,1,8,21,9
165,1656,126.5674,43.92764,14,1,8,21,9
129,638,126.56332,43.84357,14,1,7,6,9
31,4849,126.56634,43.84333,0,1,9,22,8
129,2688,126.51797,43.81568,14,1,8,10,18
53,1103,126.58988,43.83037,1,1,6,27,9
31,435,126.55184,43.85712,14,1,7,26,7
129,2925,126.51405,43.81406,1,1,7,28,8
129,2688,126.51905,43.81763,14,1,7,22,14
165,2709,126.56348,43.91031,7,1,8,5,8
31,949,126.59042,43.84591,1,1,9,11,8
53,487,126.54541,43.79325,14,1,6,1,14
165,1656,126.54882,43.91131,1,1,6,14,9
53,4474,126.55176,43.81167,14,1,6,30,11
53,1103,126.56603,43.83204,14,1,7,18,9
31,949,126.59403,43.85913,1,1,6,13,8
31,949,126.59326,43.85462,14,1,9,12,8
53,487,126.55139,43.78683,14,1,5,29,9
53,1103,126.5722,43.81189,1,1,8,31,13
53,1087,126.57442,43.83096,1,1,6,19,10
165,1656,126.55298,43.91188,1,1,9,11,10
53,1103,126.57676,43.82708,1,1,9,29,9
53,1103,126.60684,43.8271,1,1,8,29,9
31,1558,126.58391,43.85958,1,1,10,5,8
53,1103,126.56725,43.83246,14,1,8,13,9
165,1656,126.56215,43.92811,14,1,7,24,8
129,2665,126.56426,43.85111,14,1,8,12,10
31,435,126.55901,43.8688,1,1,6,19,8
53,4474,126.54828,43.81223,14,1,8,20,8
53,1103,126.57267,43.8086,1,1,6,17,15
31,435,126.5493,43.87366,1,1,6,12,13
129,2665,126.56581,43.85692,1,1,8,27,7
129,2688,126.52557,43.8198,1,1,7,30,15
129,2688,126.51854,43.81888,1,1,7,27,10
31,4849,126.57714,43.83691,14,1,5,18,9
31,949,126.58637,43.86004,1,1,8,21,7
53,75,126.56395,43.82697,14,1,7,4,9
53,487,126.53091,43.80404,14,1,5,17,8
53,75,126.54743,43.82851,1,1,8,21,8
31,949,126.5884,43.84098,14,1,9,22,7
129,2688,126.50989,43.8123,1,1,8,23,9
31,949,126.5864,43.84303,1,1,8,29,8
53,4474,126.54874,43.8175,1,1,8,2,8
53,75,126.57311,43.82842,1,1,7,20,8
53,487,126.59317,43.77828,14,1,5,17,8
53,487,126.55131,43.7868,14,1,7,7,9
53,1103,126.56959,43.80754,1,1,8,25,14
31,4849,126.58322,43.84613,14,1,7,16,9
53,1103,126.56786,43.83224,14,1,7,21,9
165,1656,126.519,43.94317,14,1,10,6,8
53,487,126.59324,43.77839,14,1,5,29,8
31,4849,126.57617,43.83974,1,1,8,14,8
129,2925,126.52419,43.83769,1,1,6,8,10
53,75,126.57425,43.82253,1,1,7,24,8
53,75,126.5666,43.81529,1,1,7,8,8
129,161,126.56233,43.85017,1,1,6,18,15
165,1656,126.54638,43.91267,1,0,6,4,17
53,1103,126.58988,43.83046,1,1,8,1,9
129,2688,126.52873,43.82067,1,1,9,22,8
31,949,126.59221,43.85273,14,1,6,1,7
31,1558,126.57157,43.87146,1,1,10,14,7
31,949,126.58879,43.84958,1,1,9,12,8
53,75,126.56402,43.81519,1,1,8,15,9
165,1656,126.54385,43.91707,14,1,5,31,11
129,2688,126.51281,43.81775,1,1,7,14,17
31,4849,126.5768,43.83965,14,1,8,20,8
53,1103,126.56536,43.83203,0,1,8,11,9
129,2925,126.50616,43.82643,14,1,8,8,8
165,1656,126.56021,43.91995,4,1,8,12,9
129,588,126.50134,43.81922,14,1,5,16,10
31,4849,126.57748,43.84046,1,1,7,26,7
31,435,126.56504,43.86472,14,1,9,5,8
165,3156,126.55639,43.91633,14,1,7,29,9
165,290,126.54977,43.90688,1,1,9,27,9
53,487,126.53478,43.803,14,1,6,8,8
165,3156,126.5576,43.9148,1,1,8,4,8
129,1520,126.55902,43.84737,14,1,9,5,7
129,2688,126.52285,43.82427,1,1,8,19,9
53,75,126.57152,43.82807,1,1,9,5,9
165,1656,126.56567,43.92616,14,1,8,29,9
129,3458,126.5584,43.85567,1,1,6,27,9
31,435,126.5582,43.86944,1,1,7,6,7
129,638,126.56148,43.84129,1,1,7,26,9
165,1656,126.57562,43.90511,14,1,5,24,8
53,1103,126.57803,43.82625,1,1,8,16,10
129,638,126.54566,43.84273,0,1,7,1,9
31,949,126.58676,43.84044,14,1,8,30,8
129,638,126.54771,43.8399,14,1,8,1,9
53,2452,126.55176,43.7884,14,1,6,5,9
165,290,126.54943,43.91048,14,1,9,14,10
165,1656,126.54906,43.90672,1,1,9,6,9
53,4474,126.55138,43.8174,14,1,9,11,8
129,2925,126.51238,43.81334,1,1,8,26,7
165,1656,126.54947,43.92494,14,1,8,1,8
53,4474,126.55411,43.80489,1,1,8,31,8
165,3156,126.55693,43.91663,14,1,7,29,9
129,2925,126.5122,43.83306,1,1,8,20,8
31,949,126.59263,43.85423,14,1,8,29,8
53,75,126.55119,43.82457,1,1,8,24,8
31,949,126.59214,43.84007,1,1,6,18,15
165,290,126.5552,43.89929,1,1,9,27,9
165,1656,126.54417,43.91402,1,1,8,21,14
129,2688,126.51922,43.81396,1,1,7,23,8
129,2925,126.51561,43.81484,1,1,8,2,9
165,3156,126.55061,43.90597,1,1,7,14,9
165,1656,126.75859,44.00543,14,1,5,21,11
53,487,126.52244,43.7989,1,1,9,17,7
53,1103,126.57273,43.80864,1,1,6,29,14
165,1656,126.55381,43.91286,1,0,6,17,9
53,4474,126.55872,43.80234,1,1,7,24,8
53,1103,126.5763,43.82886,1,1,9,15,10
165,1656,126.55469,43.91017,14,1,5,27,10
31,435,126.56079,43.86179,1,1,7,11,7
129,2688,126.51821,43.80955,1,1,5,29,19
31,2208,126.54346,43.86242,1,1,5,29,14
53,75,126.55972,43.82356,1,1,8,4,9
129,2925,126.51033,43.83321,1,1,9,14,8
53,1103,126.58921,43.82891,1,1,6,10,9
31,949,126.59484,43.85866,14,1,7,28,7
31,4114,126.54199,43.86992,1,1,6,19,8
53,4474,126.56073,43.80976,4,1,9,6,9
31,949,126.58918,43.86004,1,1,6,3,12
53,4474,126.55889,43.80255,1,1,8,19,9
53,75,126.56498,43.82802,14,1,9,3,8
31,4849,126.57215,43.83932,1,1,8,28,8
129,2688,126.52901,43.82377,1,1,8,10,13
31,949,126.59103,43.85052,1,1,9,8,8
31,4849,126.58287,43.84362,4,1,6,14,8
31,435,126.54929,43.87356,1,1,9,30,8
165,1656,126.5845,43.89538,14,1,10,16,8
53,1103,126.57446,43.83106,1,1,5,29,9
165,1656,126.55185,43.90878,14,1,9,7,9
31,435,126.54898,43.87195,1,1,7,24,8
53,1103,126.57531,43.82903,3,1,10,2,10
31,435,126.56196,43.86979,1,1,8,29,9
53,75,126.55194,43.82338,14,1,8,24,8
129,2665,126.54495,43.84862,1,1,8,19,8
53,75,126.54579,43.82268,14,1,6,9,7
53,75,126.57464,43.81947,1,1,6,10,8
165,3156,126.55489,43.91595,14,1,8,9,9
31,4849,126.58495,43.84187,1,1,8,10,7
31,4849,126.58283,43.84182,1,1,7,30,8
31,435,126.55628,43.87162,1,0,5,21,14
31,1558,126.53966,43.8675,1,1,9,13,9
53,4474,126.55102,43.80448,1,1,9,1,9
53,4474,126.55833,43.81898,14,1,9,11,8
53,487,126.59383,43.779,14,1,7,29,8
129,2925,126.51496,43.8116,1,1,8,17,8
53,1177,126.59547,43.78576,14,1,6,7,9
53,1103,126.56835,43.83102,14,1,8,12,9
31,4849,126.57529,43.84612,14,1,5,16,9
31,4849,126.58145,43.84513,1,1,5,20,8
165,1656,126.55741,43.91525,1,1,5,26,11
165,1656,126.54426,43.91077,14,1,6,14,9
129,161,126.55583,43.85162,1,1,6,15,10
53,1103,126.57072,43.80656,1,1,8,14,13
129,2688,126.52735,43.82387,1,1,6,13,14
129,2688,126.51776,43.80724,1,1,7,30,10
53,1103,126.57041,43.81099,1,1,7,23,12
53,75,126.56013,43.82527,1,1,7,30,8
129,2688,126.52261,43.81783,1,1,8,7,9
129,2925,126.51707,43.83158,1,1,9,7,7
53,4474,126.54859,43.81588,1,1,7,24,8
31,949,126.58948,43.86208,1,1,7,26,7
53,1103,126.60485,43.82796,1,1,9,17,9
165,1656,126.5661,43.92741,14,1,7,9,9
31,949,126.59252,43.83945,1,1,9,8,8
165,1656,126.54947,43.91044,14,1,7,17,8
31,435,126.55141,43.87073,1,1,8,4,13
129,2925,126.51914,43.83235,1,1,7,28,8
53,487,126.54236,43.79138,14,1,8,9,8
129,1520,126.55985,43.85508,14,1,10,11,8
53,1103,126.5774,43.8297,1,1,6,11,12
53,1103,126.60252,43.83279,14,1,6,30,9
129,2688,126.52074,43.81919,1,1,6,30,15
129,2925,126.51927,43.82704,1,1,6,13,9
31,4849,126.58231,43.84584,14,1,7,30,8
31,949,126.5897,43.83838,1,1,8,22,8
53,4474,126.55435,43.8184,14,1,9,11,8
53,4474,126.54452,43.81482,1,1,8,28,8
165,3156,126.55138,43.91053,14,0,6,11,8
53,75,126.5685,43.82621,1,1,8,19,9
31,949,126.58998,43.86327,1,1,6,1,13
31,1558,126.58147,43.86325,1,1,10,3,9
129,2688,126.53136,43.82835,14,1,8,13,8
129,2925,126.51282,43.83382,1,1,6,11,9
53,75,126.56174,43.82335,1,1,8,30,8
31,4849,126.57372,43.85493,1,1,6,29,14
53,75,126.55012,43.82926,1,1,8,15,15
53,487,126.52375,43.80061,1,1,7,24,8
53,1103,126.57025,43.81047,1,1,8,11,15
129,2688,126.51812,43.82286,14,1,8,6,9
53,1087,126.57873,43.8274,1,1,6,18,10
53,1103,126.5898,43.83033,1,1,7,16,9
31,435,126.5574,43.8708,1,1,8,3,8
129,2688,126.52421,43.82573,1,1,9,2,11
53,75,126.57052,43.82278,14,1,9,17,8
165,3156,126.54667,43.91345,1,0,5,17,10
31,435,126.55544,43.86027,1,1,5,29,8
53,75,126.57525,43.82282,1,1,8,9,9
129,2665,126.56319,43.8487,7,1,8,3,8
53,75,126.57619,43.82157,1,1,8,31,9
53,487,126.52228,43.80386,1,1,6,10,8
129,638,126.55634,43.84188,1,1,6,12,9
31,949,126.59117,43.84927,1,1,6,17,13
53,1103,126.5717,43.81097,1,1,8,28,13
165,1656,126.55704,43.90914,1,1,5,16,11
53,1103,126.57268,43.83139,1,1,8,17,9
129,2688,126.51443,43.81086,1,1,8,8,15
129,2688,126.53142,43.8279,14,1,6,3,16
129,2925,126.50256,43.8099,14,1,8,8,8
53,75,126.56359,43.81696,1,1,6,10,14
31,4849,126.5745,43.83898,1,1,7,16,13
31,4849,126.57623,43.85073,1,1,9,21,9
31,4849,126.57132,43.85186,14,1,10,2,8
53,1103,126.57001,43.83119,14,1,7,19,8
129,2688,126.51491,43.80874,1,1,9,19,8
31,949,126.58655,43.85005,1,1,9,25,7
31,949,126.58842,43.85853,1,1,9,23,7
53,1103,126.57109,43.8114,1,1,7,19,12
165,3156,126.5468,43.90895,1,1,5,30,9
53,1103,126.60499,43.82792,1,1,8,18,10
53,1103,126.57294,43.80794,1,1,7,31,13
53,979,126.55863,43.80155,1,1,6,4,9
53,75,126.55568,43.82489,1,1,7,28,8
165,1656,126.51905,43.94326,14,1,7,21,8
31,4849,126.58106,43.84255,1,1,8,19,8
129,2688,126.51433,43.81538,14,1,7,7,9
31,949,126.5902,43.85047,1,1,9,14,7
53,1103,126.57121,43.81212,1,1,6,9,13
53,4474,126.56018,43.81868,14,1,9,15,14
53,487,126.53068,43.80465,14,1,9,28,8
129,1520,126.56425,43.85699,14,1,9,23,8
165,1656,126.56772,43.89915,14,1,5,28,18
31,1558,126.57499,43.84138,14,1,10,7,8
53,75,126.568,43.8275,1,1,7,10,8
53,75,126.55447,43.82655,1,1,8,26,9
129,3458,126.51643,43.81289,1,1,6,4,16
53,3559,126.55451,43.8127,1,1,6,3,13
53,1103,126.58802,43.82878,1,1,9,25,9
53,1103,126.57128,43.8098,1,1,5,31,20
165,3156,126.54657,43.90956,1,1,8,1,9
53,1103,126.56743,43.83137,14,1,7,4,10
53,1103,126.57094,43.83096,14,1,9,23,9
31,435,126.5637,43.85903,14,1,5,24,8
165,1656,126.55535,43.89899,1,0,6,2,14
31,4849,126.5737,43.85094,14,1,9,10,8
129,1520,126.5432,43.84917,1,1,9,19,8
129,638,126.54652,43.83702,1,1,7,24,8
53,1103,126.5717,43.81095,1,1,9,21,14
53,1103,126.57135,43.80973,1,1,8,1,13
31,4849,126.57318,43.84687,14,1,6,30,9
165,3156,126.54457,43.90497,1,0,7,21,10
31,4849,126.57365,43.84465,7,1,8,16,7
53,1103,126.57131,43.83101,14,1,9,19,9
129,2925,126.51507,43.8145,1,1,6,12,9
165,3156,126.54629,43.91622,1,1,8,14,9
165,2709,126.5644,43.91055,14,1,7,24,8
31,1558,126.55004,43.87165,1,1,10,17,8
31,435,126.54954,43.86499,1,1,9,11,8
31,949,126.59438,43.86106,14,1,7,14,8
129,2688,126.52096,43.81512,1,1,7,27,9
53,487,126.52376,43.80053,1,1,7,3,8
129,2665,126.56392,43.8482,7,1,8,31,7
129,638,126.54369,43.83981,14,1,8,2,9
31,949,126.58723,43.86257,1,1,8,6,7
53,487,126.55137,43.78672,14,1,6,18,19
165,3156,126.55259,43.90102,0,0,6,2,9
31,949,126.59229,43.84104,1,1,9,6,8
165,1656,126.54745,43.90893,1,1,9,19,8
129,2688,126.53189,43.82535,1,1,7,7,14
53,75,126.5729,43.82121,1,1,8,20,15
31,949,126.59113,43.84925,1,1,7,9,8
53,1103,126.56803,43.80194,1,1,9,2,16
53,1103,126.60149,43.83292,14,1,8,24,10
53,1103,126.56996,43.81264,1,1,5,17,14
31,4849,126.57261,43.84253,1,1,9,20,8
53,1103,126.57273,43.83144,1,1,6,30,10
31,949,126.58801,43.86249,1,1,7,25,12
53,4474,126.55943,43.81893,14,1,7,14,9
53,75,126.56353,43.81701,1,1,6,29,13
129,2688,126.52686,43.82299,4,1,9,27,9
53,75,126.56914,43.82846,1,1,9,7,8
129,638,126.55541,43.84007,1,1,6,10,9
31,4849,126.58136,43.84324,1,1,5,20,8
129,323,126.51965,43.82034,1,1,9,28,10
31,435,126.56056,43.87154,1,1,6,13,8
165,1656,126.55094,43.9022,14,1,8,24,9
53,1103,126.57851,43.82604,1,1,7,30,8
53,1103,126.56538,43.83195,0,1,6,19,10
129,2688,126.51931,43.81714,14,1,6,10,15
31,2208,126.53978,43.87698,1,1,5,30,13
129,2688,126.53256,43.82186,1,1,7,26,8
53,4474,126.54401,43.81472,1,1,8,8,10
53,1103,126.59998,43.82837,14,1,5,29,9
129,2688,126.52632,43.81655,1,1,8,16,8
165,1656,126.58909,43.89312,14,1,10,14,8
165,3156,126.54784,43.91019,1,1,7,3,9
129,2665,126.55057,43.8452,14,1,8,2,9
53,1103,126.5804,43.82969,1,1,9,12,10
53,487,126.55941,43.81478,1,1,6,17,14
53,487,126.5459,43.79318,14,1,9,13,8
129,638,126.55091,43.84016,14,1,6,11,10
53,1103,126.57734,43.82631,1,1,6,9,9
31,435,126.55085,43.86006,1,1,7,5,7
31,949,126.59201,43.86161,1,1,8,3,7
53,4474,126.55768,43.80873,1,1,7,21,8
129,1520,126.54647,43.85197,14,1,10,14,8
53,4474,126.54573,43.81685,1,1,7,25,8
53,75,126.56539,43.82258,1,1,7,31,8
31,949,126.5956,43.85299,1,1,6,9,13
31,1558,126.56411,43.88428,14,0,9,11,15
31,435,126.56005,43.86914,1,1,8,10,8
31,4849,126.56762,43.84582,7,1,6,17,7
31,4849,126.57357,43.84451,7,1,9,24,9
53,75,126.55251,43.82799,1,1,6,6,17
129,1520,126.54124,43.84641,1,1,9,27,8
53,75,126.54802,43.82343,14,1,7,11,7
165,1656,126.55479,43.93067,14,1,8,24,9
165,3156,126.55705,43.91467,1,0,6,13,8
31,949,126.59181,43.85601,14,1,7,20,7
53,75,126.55327,43.83046,1,1,8,5,8
53,75,126.56293,43.82583,14,1,7,23,7
129,2688,126.51836,43.81318,1,1,8,27,7
129,2665,126.5613,43.84749,14,1,8,24,8
129,638,126.54772,43.83864,14,1,6,28,10
31,4849,126.56762,43.84496,4,1,7,22,7
129,2688,126.53318,43.82548,1,1,6,10,9
31,4849,126.5786,43.83761,1,1,8,21,9
129,638,126.5456,43.84039,14,1,6,3,11
165,3156,126.54445,43.9138,1,1,7,24,9
129,2688,126.53172,43.82523,1,1,8,8,8
53,1103,126.57572,43.83059,1,1,9,24,8
31,1558,126.59084,43.87597,14,1,10,6,8
31,4849,126.56856,43.84392,14,1,7,5,7
53,1103,126.5802,43.82888,1,1,6,11,12
53,75,126.5784,43.82133,1,1,9,12,10
53,4474,126.55249,43.81696,1,1,7,15,8
53,487,126.53303,43.80567,1,1,7,6,8
53,75,126.55756,43.83226,1,1,8,15,8
31,4849,126.58145,43.8403,1,1,6,16,7
129,1520,126.54183,43.84784,1,1,9,6,7
31,435,126.56196,43.86927,1,1,7,5,7
31,435,126.5582,43.87001,1,1,5,18,8
129,2925,126.49851,43.81675,1,1,8,10,14
31,949,126.58633,43.86003,1,1,6,4,16
53,2615,126.55172,43.81649,14,1,6,14,9
129,638,126.53522,43.8536,1,1,7,25,9
129,2688,126.52725,43.83545,14,1,7,17,9
165,1656,126.56163,43.92838,14,1,6,26,9
31,4849,126.58362,43.84644,0,1,6,12,9
129,2688,126.51816,43.80969,1,1,6,13,14
53,75,126.56654,43.81512,1,1,7,30,16
165,1656,126.57533,43.92103,1,1,6,30,10
129,2925,126.52209,43.82233,14,1,8,21,8
129,1520,126.56233,43.85012,1,1,9,14,8
129,2688,126.53573,43.82929,1,1,6,27,10
53,979,126.55864,43.80815,1,1,5,29,14
53,4474,126.55559,43.81737,1,1,8,17,8
129,2688,126.53105,43.82201,1,1,5,30,18
53,1103,126.56934,43.81002,1,1,9,6,15
129,2688,126.50947,43.81179,1,1,8,11,12
53,1103,126.56687,43.83245,14,1,7,15,10
129,2688,126.52033,43.81033,1,1,7,22,8
129,638,126.54613,43.83731,1,1,7,4,10
129,2925,126.51847,43.83275,1,1,6,28,10
129,2925,126.51746,43.83246,1,1,9,13,9
53,75,126.5652,43.83098,7,1,8,12,9
53,75,126.56543,43.8225,1,1,8,28,9
53,4474,126.55948,43.81863,14,1,8,8,9
129,1520,126.56137,43.85513,1,1,9,17,7
129,2688,126.51947,43.81726,14,1,8,6,9
165,1656,126.57307,43.92304,1,1,8,19,9
53,4474,126.55196,43.80408,1,1,7,5,8
53,1103,126.56975,43.8095,1,1,8,15,13
129,161,126.54304,43.8501,1,1,6,17,18
31,435,126.56442,43.86143,1,0,5,15,9
165,3156,126.55089,43.90219,14,0,5,26,10
129,1520,126.54466,43.84261,1,1,10,4,8
53,75,126.55512,43.8251,1,1,8,16,8
165,3156,126.54852,43.90076,1,1,8,3,9
31,435,126.5528,43.87229,1,1,7,1,7
53,1103,126.57036,43.83086,14,1,9,29,9
165,1656,126.58425,43.91326,14,1,5,24,8
53,1103,126.56929,43.80883,1,1,9,11,15
129,2688,126.524,43.82513,14,1,7,4,14
165,2709,126.57853,43.8948,14,0,7,1,8
53,4474,126.55746,43.80086,1,1,9,17,8
129,2688,126.50942,43.81115,1,1,6,13,9
53,75,126.56629,43.83067,3,1,8,19,9
31,4322,126.54914,43.87754,1,1,5,30,16
165,1656,126.55089,43.90229,14,1,9,2,9
53,75,126.54757,43.82858,1,1,9,19,8
165,1656,126.57622,43.92022,1,0,7,1,8
53,487,126.55293,43.79402,14,1,7,14,10
31,3073,126.54902,43.86945,1,1,5,29,13
53,4474,126.55645,43.80067,1,1,9,27,8
129,2925,126.51369,43.81196,1,1,7,30,9
53,487,126.55018,43.79105,1,1,8,11,9
31,1558,126.54245,43.86519,1,0,9,6,12
53,487,126.53561,43.80376,14,1,8,6,8
129,638,126.54742,43.83901,14,1,6,12,9
129,2688,126.53318,43.82687,1,1,9,3,11
31,4849,126.56864,43.84398,14,1,9,16,8
31,435,126.55626,43.87166,1,1,5,28,15
129,2688,126.51993,43.82385,1,1,6,10,15
53,4474,126.55752,43.80074,1,1,8,11,9
129,2688,126.52614,43.81611,1,1,9,16,9
129,588,126.50403,43.81466,1,1,5,16,11
129,1520,126.5491,43.84889,14,1,9,18,9
129,2665,126.53473,43.82784,1,1,8,14,9
53,4474,126.55706,43.81732,1,1,8,2,8
53,75,126.56262,43.82541,14,1,6,18,9
129,1520,126.55018,43.84956,14,1,9,6,7
165,1656,126.56,43.91842,14,1,8,11,9
165,3156,126.54449,43.91406,1,1,7,22,9
31,4322,126.56246,43.88578,14,1,6,1,15
53,4474,126.54636,43.81612,1,1,7,19,8
31,435,126.56492,43.86207,14,1,6,27,9
53,75,126.56596,43.83068,7,1,8,1,8
31,949,126.59373,43.84509,1,1,7,27,8
129,2665,126.56399,43.84828,7,1,8,19,8
53,75,126.54639,43.82278,1,1,8,23,8
129,2925,126.51327,43.83395,1,1,8,31,12
31,2208,126.54,43.87396,14,1,6,17,11
129,2925,126.51871,43.83143,1,1,5,29,9
129,2925,126.51652,43.81697,1,1,8,3,8
31,949,126.58684,43.86308,1,1,9,12,8
53,75,126.56882,43.82583,1,1,8,22,8
129,2688,126.52335,43.82638,1,1,6,10,15
165,3156,126.5459,43.91123,1,1,5,17,10
129,2688,126.52729,43.82734,1,1,6,27,10
129,2688,126.5229,43.82511,1,1,8,25,8
165,3156,126.54836,43.90064,1,0,6,11,8
129,2688,126.52017,43.81586,1,1,7,22,8
53,4474,126.56083,43.8097,4,1,8,10,16
129,2688,126.51587,43.80816,1,1,9,19,8
31,949,126.59183,43.8428,1,1,9,21,9
53,75,126.56404,43.82458,12,1,7,20,8
53,75,126.5424,43.82281,14,1,8,22,8
129,1520,126.5459,43.85036,14,1,10,5,8
165,1656,126.54929,43.9091,1,1,5,27,10
129,1520,126.55409,43.85073,14,1,9,3,7
31,435,126.54863,43.86914,1,1,9,2,8
129,2688,126.52397,43.82422,1,1,8,11,8
129,2925,126.51564,43.81766,1,1,6,15,9
53,75,126.57026,43.82345,1,1,8,22,9
129,3458,126.55494,43.85163,1,1,6,27,10
53,1103,126.56713,43.80884,1,1,7,26,14
31,949,126.59413,43.85926,1,1,6,19,8
53,75,126.56973,43.8201,1,1,6,29,9
165,1656,126.55328,43.91254,1,1,5,22,13
53,487,126.52382,43.79922,1,1,9,9,9
31,949,126.58861,43.83785,14,1,9,5,8
53,1103,126.56591,43.83215,14,1,9,7,10
165,1656,126.56034,44.00276,14,1,7,23,8
129,2688,126.52181,43.81528,1,1,5,31,9
31,152,126.56815,43.88707,14,1,6,3,14
53,75,126.55957,43.83329,1,1,8,29,9
129,2925,126.52688,43.83376,7,1,8,31,7
129,2925,126.51678,43.83179,1,1,8,14,9
165,3156,126.54888,43.90657,1,0,6,1,10
31,435,126.56217,43.86329,1,1,7,14,8
31,1558,126.54244,43.86341,1,1,9,10,11
165,1656,126.55717,43.91384,1,1,8,29,9
31,435,126.55511,43.87062,1,1,9,24,8
53,75,126.5639,43.81437,1,1,9,21,9
53,75,126.55085,43.8271,1,1,8,23,8
53,75,126.55329,43.8305,1,1,8,1,8
53,1103,126.60324,43.82824,1,1,9,7,10
53,75,126.56799,43.82917,1,1,6,7,9
129,2688,126.52297,43.81854,1,1,6,18,14
53,75,126.57287,43.82258,1,1,8,14,8
53,487,126.53196,43.8052,1,1,7,23,7
53,2615,126.55695,43.80868,1,1,6,14,9
165,1656,126.57052,43.9304,1,1,8,13,8
129,638,126.5636,43.84326,0,1,6,3,14
129,2688,126.52382,43.82422,1,1,8,22,9
165,1656,126.55089,43.90236,14,1,8,20,10
31,435,126.5575,43.87391,14,1,9,2,16
31,4849,126.57322,43.84094,14,1,6,30,9
129,2688,126.52989,43.8241,1,1,6,27,10
31,435,126.55404,43.87231,1,1,9,4,13
53,1103,126.57242,43.81316,1,1,6,8,9
129,2688,126.52189,43.81501,1,1,8,14,8
129,87,126.54482,43.84086,14,1,10,12,10
165,1656,126.56868,43.92092,14,1,8,22,8
53,487,126.5455,43.79379,14,1,7,3,8
129,2688,126.53173,43.8244,1,1,7,18,8
129,638,126.56451,43.84927,7,1,6,11,10
129,2925,126.51683,43.82542,1,1,6,18,14
31,4849,126.58187,43.83932,14,1,8,27,10
31,949,126.59059,43.84074,1,1,9,6,8
53,1103,126.56983,43.80372,1,1,8,2,14
129,2688,126.52701,43.82157,1,1,7,25,8
53,1103,126.5791,43.82846,1,1,8,25,9
165,1656,126.61036,44.03488,14,1,8,30,9
165,3156,126.54766,43.91108,1,0,7,2,9
165,1656,126.56459,43.9254,14,1,8,5,9
165,1656,126.56428,43.92873,14,1,9,11,9
129,638,126.55652,43.84448,14,1,6,30,10
129,2925,126.51714,43.83308,1,1,8,22,9
53,1103,126.57533,43.82688,1,1,8,16,11
129,2688,126.52552,43.81988,1,1,9,22,8
129,2688,126.51917,43.82781,1,1,7,17,9
165,1656,126.752,43.95622,14,1,6,26,11
129,2688,126.53309,43.82543,1,1,6,12,17
53,1103,126.57165,43.81257,1,1,6,17,15
31,1558,126.5923,43.85324,14,1,10,12,8
31,949,126.59037,43.85307,1,1,5,21,8
53,1103,126.58815,43.82861,1,1,9,9,10
31,4849,126.57872,43.84498,14,1,9,14,8
129,2925,126.49278,43.81252,1,1,8,6,9
31,4849,126.57887,43.84099,1,1,6,14,8
31,949,126.59358,43.85066,1,1,9,29,8
31,435,126.56269,43.86519,1,1,6,14,7
129,2925,126.52668,43.83587,14,1,8,20,8
53,1103,126.5779,43.82957,1,1,9,27,9
165,3156,126.5521,43.90629,1,1,8,11,9
129,2665,126.55512,43.84839,14,1,8,21,8
129,2688,126.52497,43.82306,1,1,7,20,8
129,2688,126.5327,43.82254,1,1,8,4,9
129,2688,126.51862,43.81354,1,1,7,28,8
165,1656,126.5537,43.90706,1,1,8,4,8
31,4849,126.57555,43.84779,1,1,9,30,8
129,2688,126.52821,43.82622,1,1,7,5,8
31,949,126.59451,43.85355,14,1,7,6,10
31,435,126.55472,43.87353,1,1,9,10,8
129,2925,126.51598,43.83289,1,1,7,28,8
31,949,126.59496,43.85373,1,1,7,4,7
53,1103,126.57219,43.83091,14,1,8,29,9
129,1520,126.54378,43.84541,14,1,9,5,7
129,1520,126.55746,43.84956,1,1,9,13,9
53,1103,126.57641,43.82979,1,1,9,16,9
129,638,126.55384,43.83889,1,1,7,29,9
31,435,126.55282,43.87218,1,1,9,20,8
53,75,126.55051,43.82175,1,1,9,1,9
31,435,126.54905,43.87189,1,1,8,19,7
129,2925,126.49661,43.83075,1,1,8,15,8
53,75,126.56867,43.817,1,1,8,28,9
31,4849,126.57292,43.84454,7,1,8,12,8
31,4849,126.58299,43.8436,4,1,5,16,9
31,4322,126.54836,43.8779,1,1,6,18,13
165,1656,126.56017,43.92001,4,1,6,18,14
53,75,126.57488,43.82759,1,1,8,29,9
165,3156,126.54747,43.91323,1,1,6,18,9
53,1103,126.57242,43.81003,1,1,7,29,14
129,638,126.54733,43.83825,3,1,7,5,9
53,1103,126.57048,43.82577,1,1,7,4,10
129,2925,126.52179,43.82208,14,1,8,15,8
129,2688,126.52359,43.81547,1,1,9,8,7
129,1520,126.56512,43.85556,14,1,10,2,8
129,2925,126.51438,43.81125,1,1,6,7,10
129,1520,126.5465,43.85186,14,1,9,21,7
31,435,126.5582,43.86077,14,1,8,3,8
129,638,126.55429,43.83937,1,1,8,4,10
31,949,126.59328,43.83988,1,1,5,20,14
129,87,126.56225,43.8423,3,1,10,21,8
129,1520,126.55327,43.84621,1,1,9,23,8
53,1103,126.57036,43.83093,14,1,6,30,10
31,435,126.56015,43.866,7,1,9,16,8
31,435,126.55097,43.87219,1,1,9,21,9
53,1103,126.57627,43.82892,1,1,8,19,10
31,949,126.58685,43.84785,1,1,9,29,8
129,2925,126.50213,43.82002,14,1,7,23,8
31,435,126.55285,43.87211,1,1,7,1,12
31,4849,126.56809,43.85189,14,1,9,18,8
53,1103,126.56679,43.83234,14,1,8,2,10
31,4849,126.56911,43.85066,7,1,7,2,8
53,75,126.56588,43.83059,7,1,8,23,8
31,4849,126.57337,43.8392,1,1,6,3,13
129,2925,126.51405,43.81346,1,1,7,3,9
129,2688,126.52491,43.81382,1,1,9,25,8
53,75,126.57051,43.82496,1,1,6,15,8
53,487,126.56303,43.77416,14,1,9,28,8
31,949,126.59216,43.84356,1,1,9,2,7
31,4849,126.58343,43.83992,1,1,6,4,10
129,2688,126.50398,43.79722,14,1,8,26,10
53,75,126.55366,43.82559,1,1,7,13,8
165,3156,126.54826,43.91082,1,1,7,7,10
129,3853,126.47514,43.94244,14,1,6,7,12
129,2688,126.53015,43.82476,1,1,9,16,9
31,435,126.55264,43.87099,1,1,8,21,7
53,75,126.57539,43.82295,1,1,5,29,15
165,1656,126.55049,43.91466,14,0,6,8,8
165,3156,126.54438,43.90484,1,0,6,6,9
31,949,126.59428,43.84169,14,1,8,12,8
53,487,126.56946,43.77204,14,1,9,13,8
31,435,126.56308,43.86926,1,1,6,3,15
31,435,126.56208,43.86905,1,1,7,15,7
53,75,126.54324,43.82448,1,1,10,1,8
129,1520,126.55678,43.85523,14,1,10,5,8
129,2925,126.5133,43.83255,1,1,7,10,8
31,4849,126.574,43.8392,1,1,9,22,8
53,75,126.56923,43.82623,1,1,9,30,8
31,949,126.59587,43.84173,1,1,7,25,7
129,1520,126.55961,43.85532,14,1,9,8,7
129,2688,126.52158,43.82457,1,1,9,2,11
31,949,126.58897,43.83913,1,1,9,9,8
53,1103,126.57536,43.82915,3,1,8,5,9
165,3156,126.55413,43.90062,14,0,6,3,9
53,75,126.56975,43.81866,1,1,7,1,8
31,435,126.55707,43.86109,14,1,9,26,8
53,979,126.55753,43.8008,1,1,6,9,9
129,2688,126.52372,43.81581,1,1,8,20,8
31,949,126.59234,43.84241,1,1,6,29,9
129,2925,126.49221,43.81595,1,1,7,23,8
129,638,126.5595,43.84211,1,1,6,13,10
129,2688,126.52005,43.81537,1,1,6,3,16
53,487,126.57957,43.7837,14,1,8,12,14
53,4474,126.55608,43.82002,14,1,8,20,8
31,4849,126.56892,43.8416,14,1,9,27,8
129,2688,126.53217,43.82325,10,1,8,15,8
129,2925,126.52339,43.83645,1,1,9,11,8
31,4849,126.5727,43.85432,14,1,6,29,9
53,1103,126.60401,43.82875,1,1,7,11,9
53,75,126.57829,43.82567,1,1,7,19,8
31,435,126.56451,43.86001,1,1,5,19,8
165,1656,126.56632,43.92812,14,1,9,22,9
31,435,126.54886,43.87379,1,1,9,6,8
129,161,126.54301,43.8501,1,1,6,9,14
31,435,126.55095,43.86016,1,1,8,19,8
165,3156,126.55567,43.91682,14,1,8,9,9
129,638,126.54529,43.83687,1,1,7,2,9
53,1103,126.56754,43.80996,1,1,9,11,15
53,4474,126.5504,43.81962,14,1,9,23,9
53,487,126.58512,43.78225,1,1,8,16,9
165,1656,126.54825,43.90051,1,1,8,24,9
31,3073,126.54658,43.86858,1,1,6,4,10
129,638,126.55243,43.84296,7,1,7,14,9
129,2665,126.55247,43.85182,14,1,8,26,7
129,2688,126.51972,43.82478,1,1,8,8,15
165,1656,126.57555,43.90513,14,0,6,9,8
31,4849,126.57571,43.85252,1,1,10,2,8
31,4849,126.58021,43.84029,1,1,8,21,9
53,979,126.55176,43.81745,14,1,5,28,15
53,75,126.56606,43.81521,1,1,7,29,8
53,75,126.57603,43.82155,1,1,6,30,14
31,949,126.59305,43.8406,1,1,8,11,15
129,2688,126.53272,43.82422,1,1,9,4,9
31,4849,126.57716,43.84071,1,1,7,13,7
53,75,126.57675,43.82501,1,1,8,11,9
165,2709,126.5643,43.90786,1,0,6,12,7
165,1656,126.55115,43.90941,1,1,9,1,8
31,2208,126.54262,43.867,1,1,5,24,11
31,4849,126.56697,43.84741,7,1,9,22,8
53,75,126.56627,43.82888,1,1,7,25,8
53,1103,126.5766,43.82659,1,1,7,10,9
53,4474,126.54917,43.81436,1,1,7,29,8
31,949,126.59406,43.85346,14,1,9,6,8
53,1103,126.5962,43.82809,14,1,9,10,9
129,3458,126.50989,43.81238,1,1,6,6,10
53,75,126.57096,43.82189,14,1,7,20,8
31,4849,126.57443,43.84447,7,1,8,12,8
53,75,126.56631,43.81305,14,1,7,12,8
165,3156,126.55059,43.90421,1,1,7,2,9
53,487,126.5637,43.78503,14,1,8,11,9
31,4849,126.57253,43.83957,1,1,6,1,8
31,435,126.55272,43.87224,1,1,8,13,7
129,2665,126.55567,43.84726,14,1,8,4,9
31,1558,126.59354,43.86082,14,1,10,10,8
31,949,126.59254,43.83952,1,1,8,8,8
129,638,126.54579,43.84283,0,1,7,3,9
165,3156,126.55406,43.89945,14,1,6,18,10
129,2688,126.5261,43.81607,1,1,6,6,12
31,435,126.56168,43.86227,1,1,5,30,8
53,1103,126.57283,43.80793,1,1,6,8,9
129,638,126.55377,43.84319,14,1,7,23,8
31,949,126.59148,43.84684,1,1,7,24,7
31,4849,126.5763,43.84662,1,1,7,22,7
129,638,126.55202,43.84076,14,1,7,28,8
165,1656,126.55196,43.91241,1,1,10,5,9
165,290,126.55447,43.91004,14,1,9,12,9
31,4849,126.58426,43.84361,14,1,7,2,8
129,2925,126.50788,43.8204,1,1,7,23,8
165,1656,126.55541,43.91218,14,1,5,27,10
53,487,126.52739,43.80663,14,1,9,11,9
31,949,126.59251,43.83949,1,1,7,16,7
31,4849,126.58562,43.84216,1,1,8,31,13
129,638,126.5449,43.84581,1,1,7,23,8
31,949,126.5976,43.84723,0,1,8,17,7
165,3156,126.54656,43.90967,1,0,7,19,9
53,4474,126.55875,43.79941,1,1,8,30,8
165,1656,126.57241,43.93087,1,1,10,5,9
53,75,126.54752,43.82846,1,1,8,11,9
31,435,126.55964,43.87028,1,1,8,18,8
129,2925,126.51782,43.82101,1,1,8,28,7
129,2925,126.51697,43.83146,1,1,8,14,9
129,2665,126.54274,43.84998,1,1,8,6,8
53,1103,126.5675,43.80981,1,1,8,20,14
31,949,126.58914,43.84973,1,1,5,29,14
31,4849,126.57568,43.84294,1,1,7,7,7
129,2925,126.52185,43.82286,14,1,8,17,8
31,949,126.58767,43.83966,14,1,5,21,8
31,435,126.55036,43.87435,1,1,9,6,8
53,1756,126.58569,43.82286,1,1,6,18,13
129,2688,126.52357,43.82434,1,1,6,10,15
53,487,126.54231,43.79267,14,1,9,27,8
129,2925,126.52051,43.82203,14,1,5,31,10
31,435,126.55288,43.87227,1,1,7,6,7
165,3156,126.54903,43.90664,1,0,6,7,9
53,487,126.53475,43.80649,1,1,9,6,9
129,2925,126.50365,43.81488,1,1,8,8,8
53,75,126.56587,43.82967,7,1,8,26,9
165,1656,126.55186,43.90451,1,1,6,11,8
129,1520,126.55902,43.84731,14,1,9,25,8
53,1103,126.57677,43.82711,1,1,8,22,10
53,1103,126.57075,43.80643,1,1,9,5,16
31,4849,126.57887,43.84398,1,1,7,27,8
53,1103,126.56705,43.80721,1,1,5,31,17
53,1103,126.5779,43.8296,1,1,9,10,10
129,2688,126.51687,43.80793,1,1,6,3,9
165,1656,126.56371,43.91916,14,1,9,18,9
31,949,126.59338,43.85467,14,1,6,11,8
129,1520,126.55222,43.84801,1,1,9,22,8
53,1103,126.56943,43.8111,1,1,8,23,14
129,2925,126.51743,43.81847,1,1,8,14,9
165,3156,126.54707,43.91081,1,0,6,5,10
53,487,126.58306,43.78213,1,1,6,10,8
53,75,126.55308,43.82313,1,1,7,25,8
53,1103,126.57215,43.83086,14,1,8,25,9
165,3156,126.54839,43.90062,1,1,8,10,11
53,4474,126.55556,43.80565,1,1,9,12,10
129,638,126.55904,43.84427,1,1,6,5,14
31,435,126.55141,43.87068,1,1,9,20,8
129,2688,126.51821,43.80959,1,1,8,3,8
129,2688,126.53248,43.82482,1,1,7,5,8
129,3458,126.52944,43.8284,14,1,5,30,17
129,2925,126.51906,43.82946,1,1,8,10,14
165,290,126.55341,43.90675,1,1,9,20,10
31,435,126.56151,43.85807,14,1,8,13,7
53,4474,126.56155,43.81946,3,1,9,17,8
53,1103,126.57843,43.82983,1,1,9,13,9
31,4849,126.57868,43.83805,1,1,9,23,8
129,638,126.55392,43.84292,14,1,6,23,10
129,2688,126.5202,43.81144,1,1,9,3,7
53,4474,126.5497,43.8154,1,1,7,8,8
129,161,126.55279,43.84676,1,1,6,12,10
31,435,126.55283,43.87212,1,1,7,27,8
31,4849,126.57117,43.84054,4,1,9,29,8
31,4849,126.56886,43.83916,13,1,9,9,8
53,1103,126.57171,43.81084,1,1,8,14,13
165,2709,126.57352,43.89659,14,1,8,21,8
53,1103,126.56675,43.83239,14,1,8,29,9
31,4849,126.56966,43.84724,14,1,8,26,9
165,1656,126.55524,43.91566,14,1,5,19,19
53,1103,126.60314,43.82805,1,1,6,3,9
53,75,126.57899,43.82002,14,1,9,12,10
31,4849,126.56764,43.84804,7,1,9,18,8
129,2925,126.51376,43.81274,1,1,7,25,9
129,2688,126.52051,43.81615,1,1,6,30,9
31,4849,126.56976,43.83964,14,1,5,31,15
129,2665,126.55309,43.8459,1,1,8,31,7
53,1103,126.57673,43.82701,1,1,7,21,8
31,435,126.56234,43.86171,1,1,6,6,9
165,3156,126.5558,43.90996,1,1,5,14,10
129,2665,126.54877,43.84867,14,1,8,29,9
165,1656,126.56508,43.92864,14,0,6,10,8
53,4474,126.55145,43.81673,14,1,9,5,9
53,4474,126.5428,43.81647,1,1,8,29,9
53,75,126.56504,43.81367,14,1,5,29,9
53,2289,126.57756,43.79257,1,1,5,28,9
165,1656,126.57396,43.91779,4,1,10,17,9
53,75,126.56754,43.82671,1,1,7,2,8
165,1656,126.55669,43.90911,1,1,9,6,9
129,2688,126.53053,43.8199,1,1,9,24,8
53,1177,126.58329,43.80296,14,1,6,3,15
53,75,126.55324,43.82546,1,1,7,22,8
129,1520,126.56508,43.84851,7,1,9,22,8
129,323,126.52233,43.82656,1,1,9,27,9
129,2688,126.51706,43.81243,1,1,8,12,10
129,2688,126.51666,43.8213,14,1,7,30,15
129,2925,126.50244,43.80999,14,1,8,7,9
165,1656,126.55537,43.9327,14,1,8,5,8
165,3156,126.5492,43.90758,1,1,7,15,9
31,4849,126.57145,43.84347,1,1,8,28,8
31,4849,126.57733,43.83783,14,1,9,6,8
31,949,126.59549,43.87882,1,1,6,27,8
53,1103,126.56894,43.81146,1,1,6,28,13
165,3867,126.61301,43.89231,1,1,7,27,8
31,949,126.59179,43.8406,1,1,9,3,8
129,2925,126.51656,43.81468,1,1,6,17,11
165,1656,126.55589,43.94465,14,1,8,25,9
129,2688,126.51832,43.81099,1,1,7,11,8
31,435,126.55932,43.87074,1,1,9,15,19
129,1520,126.53816,43.84548,1,1,9,13,8
129,2688,126.51446,43.81246,1,1,7,17,9
53,487,126.52256,43.80143,1,1,8,29,9
31,435,126.54955,43.87305,1,1,6,19,15
165,1656,126.55252,43.90884,1,0,6,5,10
31,3073,126.54929,43.86959,1,1,6,1,12
53,1103,126.57136,43.83103,14,1,7,28,9
165,1656,126.55078,43.9044,1,0,6,2,14
31,4849,126.56751,43.85246,14,1,7,27,8
31,949,126.5897,43.84005,1,1,6,18,15
53,1103,126.56664,43.80296,4,1,9,16,14
53,4474,126.55539,43.81847,14,1,9,20,8
129,2925,126.5158,43.81251,1,1,7,3,9
165,1656,126.55402,44.02495,14,1,7,29,9
31,4322,126.54645,43.88475,1,1,6,18,13
165,1656,126.5638,43.90412,14,1,7,21,8
129,2925,126.51445,43.81546,14,1,6,10,9
53,1103,126.5698,43.80372,1,1,9,30,13
53,4474,126.55111,43.80459,1,1,6,25,16
31,1558,126.53992,43.86853,1,1,9,11,12
53,487,126.52952,43.80486,14,1,7,23,7
53,4474,126.54435,43.81662,1,1,9,22,9
53,4474,126.54947,43.81914,1,1,7,25,8
165,1656,126.55763,43.91111,3,1,8,29,9
129,638,126.55171,43.84291,14,1,6,1,12
31,4849,126.57235,43.85372,12,1,9,7,8
129,2688,126.51456,43.80842,1,1,8,16,8
53,1103,126.57137,43.83103,14,1,9,28,9
31,3073,126.55309,43.86834,1,1,6,3,12
53,75,126.57017,43.82438,1,1,7,10,8
165,1656,126.546,43.91326,1,1,9,16,9
165,290,126.54979,43.90699,1,1,9,21,9
53,1103,126.57707,43.82859,1,1,8,28,9
53,75,126.55785,43.82498,10,1,7,24,8
129,2665,126.56103,43.84903,1,1,8,31,7
129,1520,126.55339,43.84622,1,1,10,14,8
129,2688,126.51903,43.81042,1,1,7,4,9
165,2709,126.55813,43.89961,1,0,5,14,11
165,1656,126.5634,43.92156,1,1,9,15,9
31,435,126.55623,43.87231,1,1,6,18,7
53,979,126.55111,43.80513,1,1,5,29,13
53,75,126.5638,43.82186,7,1,9,29,8
165,1656,126.55023,43.9046,1,1,6,11,8
129,1520,126.55789,43.84847,14,1,9,30,9
31,4849,126.57552,43.84767,1,1,7,26,7
129,2925,126.49267,43.8132,1,1,8,15,8
31,4849,126.57397,43.85076,14,1,7,5,7
53,3559,126.59004,43.81769,14,1,5,29,17
129,2688,126.51519,43.81942,14,1,8,9,15
53,4474,126.55607,43.80398,1,1,6,18,9
129,2925,126.51706,43.83145,1,1,9,15,8
129,2688,126.51751,43.80986,1,1,6,12,9
129,2688,126.53171,43.82522,1,1,8,3,8
31,4849,126.56826,43.85142,14,1,7,8,8
31,435,126.57672,43.86956,1,1,6,18,17
129,2925,126.49824,43.81778,1,1,8,13,9
53,1103,126.5692,43.80948,1,1,8,10,15
31,4849,126.5784,43.84341,1,1,8,22,8
53,75,126.56651,43.81968,14,1,8,11,9
53,75,126.55972,43.83244,1,1,7,1,8
53,487,126.58549,43.78086,14,1,7,23,7
53,1103,126.57084,43.80647,1,1,9,21,14
53,75,126.56647,43.82734,14,1,9,3,8
53,75,126.57087,43.82389,1,1,8,8,18
129,1520,126.54831,43.84572,1,1,9,28,9
53,4474,126.55268,43.81818,14,1,8,28,8
129,2688,126.5203,43.81036,1,1,7,26,8
53,75,126.55423,43.82396,1,1,7,24,8
31,4849,126.56675,43.84652,7,1,6,7,14
53,1103,126.57299,43.81123,1,1,6,30,18
31,435,126.55025,43.87255,1,1,7,4,8
165,3156,126.54648,43.90764,1,0,5,26,11
129,2688,126.51028,43.81209,1,1,7,4,14
31,949,126.59357,43.84301,14,1,9,26,7
31,2208,126.54361,43.87091,14,1,6,1,11
31,4849,126.56725,43.84925,7,1,6,7,14
129,3458,126.56581,43.85338,14,1,5,17,10
31,435,126.5519,43.85795,14,1,9,19,7
53,1103,126.5675,43.80994,1,1,6,14,15
129,2925,126.51338,43.83242,1,1,6,18,14
31,435,126.55708,43.85953,1,1,9,23,7
31,949,126.59353,43.84986,1,1,6,11,9
53,1103,126.5997,43.82703,14,1,8,22,9
129,2688,126.53347,43.8279,1,1,9,14,8
165,1656,126.57521,43.92066,1,1,9,6,9
129,2688,126.51736,43.82498,14,1,8,26,10
53,75,126.56434,43.81467,1,1,7,6,9
31,4609,126.55018,43.8589,14,1,6,18,8
53,1103,126.56274,43.80827,14,1,9,17,14
53,75,126.54393,43.82316,1,1,8,3,8
31,435,126.55278,43.87218,1,1,7,17,8
129,2688,126.51355,43.81823,1,1,8,13,9
165,1656,126.56015,43.92001,4,0,6,10,8
129,2665,126.54382,43.84882,1,1,8,31,7
31,435,126.55664,43.85882,1,1,7,22,7
129,2688,126.53274,43.82429,1,1,8,28,7
53,1103,126.5708,43.80645,1,1,9,8,15
129,638,126.54548,43.83924,14,1,7,21,8
165,1656,126.54918,43.90884,1,1,9,8,9
53,75,126.57439,43.82021,14,1,8,10,18
53,75,126.56598,43.83067,7,1,6,30,8
31,4849,126.58172,43.83667,10,1,8,30,8
129,638,126.55868,43.84226,1,1,6,6,10
53,1103,126.57209,43.83165,1,1,7,29,10
129,2688,126.51633,43.81003,1,1,8,16,8
31,435,126.55717,43.87112,1,0,6,27,16
53,75,126.56826,43.83009,14,1,8,18,8
53,75,126.5537,43.82542,1,1,7,25,8
129,638,126.55426,43.84135,1,1,7,4,10
129,1520,126.56457,43.85504,14,1,10,6,8
129,1520,126.56323,43.84923,0,1,10,13,8
31,949,126.59121,43.83941,1,1,9,3,8
31,4849,126.57304,43.84445,7,1,5,20,8
129,2688,126.52545,43.81989,1,1,7,14,9
53,75,126.57293,43.82395,1,1,8,8,10
53,1103,126.57941,43.82893,1,1,9,20,8
165,1656,126.54833,43.90051,1,1,9,13,9
31,4849,126.58327,43.8461,14,1,6,11,9
31,949,126.59616,43.84478,14,1,9,10,8
53,1103,126.5717,43.81099,1,1,8,28,13
53,487,126.56995,43.76876,14,1,8,16,9
53,1103,126.59419,43.83176,1,1,8,30,9
31,435,126.55709,43.85917,1,1,8,11,12
129,2688,126.53115,43.82156,1,1,5,30,18
129,638,126.54678,43.83712,1,1,7,1,9
165,1656,126.56642,43.91347,14,1,7,19,8
31,949,126.58825,43.85971,1,1,9,7,8
129,1520,126.55326,43.84611,1,1,9,6,7
53,1103,126.57171,43.83118,14,1,7,5,9
53,4474,126.55745,43.80089,1,1,7,18,9
53,75,126.56645,43.82376,14,1,5,16,8
53,75,126.56464,43.815,1,1,6,28,9
129,2925,126.51815,43.82184,1,1,7,24,8
53,1103,126.56986,43.80379,1,0,8,2,11
129,2688,126.53182,43.8253,1,1,7,4,9
53,487,126.57984,43.78422,14,1,6,7,14
31,435,126.55363,43.86354,14,1,5,29,8
53,75,126.56427,43.81475,1,1,9,24,8
31,949,126.59035,43.85268,1,1,8,11,8
129,2688,126.5293,43.8222,14,1,8,29,9
165,1656,126.75537,43.95577,14,1,9,18,9
129,2688,126.52288,43.82427,1,1,6,24,16
31,435,126.56427,43.86014,1,1,6,14,7
53,4474,126.55545,43.80654,1,1,7,4,9
31,949,126.59128,43.85557,14,1,9,14,7
53,75,126.57875,43.82325,14,1,6,17,14
53,979,126.55119,43.80442,1,1,5,29,8
31,435,126.55285,43.87221,1,1,8,7,8
53,75,126.57144,43.82212,1,1,9,18,8
53,487,126.5534,43.78772,14,1,10,1,8
53,487,126.53071,43.80474,14,1,6,14,9
53,4474,126.54602,43.81018,1,1,7,5,8
31,4849,126.57536,43.84177,1,1,8,27,10
53,75,126.55815,43.8332,1,1,7,7,9
129,2665,126.5552,43.8472,4,1,8,28,7
31,949,126.58689,43.8486,1,1,5,20,8
129,638,126.55821,43.84211,1,1,7,27,10
129,2925,126.51693,43.81361,1,1,6,8,10
129,2688,126.51729,43.80941,1,1,6,3,16
31,435,126.54883,43.87195,1,1,5,17,13
165,2709,126.56356,43.91239,1,0,7,25,8
31,4849,126.57885,43.84093,1,1,9,25,8
129,1520,126.56322,43.85723,14,1,9,23,8
129,2665,126.54805,43.8487,14,1,8,6,10
165,1656,126.56847,43.92704,14,1,8,12,9
53,2452,126.55238,43.7879,14,1,6,19,14
129,1520,126.56531,43.8477,7,1,10,1,8
129,2688,126.53023,43.82205,14,1,8,11,11
53,1103,126.56946,43.80992,1,1,8,5,13
129,2925,126.51436,43.81538,14,1,8,2,9
129,1520,126.56426,43.84748,7,1,9,24,8
129,1520,126.54959,43.84924,14,1,10,12,10
31,949,126.59327,43.83978,1,1,8,13,8
53,2618,126.56604,43.83204,14,1,6,4,8
53,4474,126.54517,43.81822,1,1,9,29,8
53,75,126.55523,43.82267,10,1,7,15,8
129,2925,126.5132,43.81473,1,1,8,12,8
53,75,126.5597,43.82277,10,1,8,3,9
129,638,126.54556,43.8364,1,1,7,14,9
53,487,126.53594,43.80311,14,1,9,4,8
129,638,126.55272,43.84126,1,1,7,31,13
31,435,126.56217,43.8666,1,1,9,4,8
31,435,126.5521,43.87207,1,1,8,25,9
31,949,126.59158,43.8538,14,1,8,31,9
129,2688,126.52675,43.81593,1,1,6,17,18
53,1103,126.56739,43.83256,14,1,9,12,10
31,4849,126.5788,43.84394,1,1,6,9,9
31,949,126.59596,43.85238,1,1,8,31,9
165,2709,126.56273,43.91655,14,1,7,15,8
129,87,126.54795,43.84151,14,1,10,8,8
53,1103,126.57345,43.81283,1,1,9,22,13
53,4474,126.54503,43.81056,1,1,6,17,15
31,4849,126.56712,43.84691,7,1,8,1,7
129,1520,126.5492,43.84998,14,1,10,1,8
129,2925,126.51362,43.81506,1,1,6,17,11
129,2688,126.53288,43.82523,1,1,7,22,8
53,75,126.56877,43.8158,1,1,7,18,8
31,949,126.59553,43.84558,14,1,6,5,14
53,75,126.57928,43.82509,14,1,8,13,9
53,1103,126.57904,43.82586,12,1,8,15,9
129,638,126.56056,43.84216,4,1,8,2,9
165,3156,126.55407,43.9006,14,1,8,19,9
53,75,126.55633,43.83232,1,1,8,19,9
53,487,126.57496,43.78484,14,1,7,24,8
53,487,126.54106,43.79204,14,1,8,8,10
165,1656,126.54869,43.91235,1,1,9,8,9
31,4849,126.57951,43.84427,1,1,7,16,9
53,2615,126.55743,43.80073,1,1,6,14,9
53,75,126.56876,43.82917,7,1,8,9,9
31,949,126.5915,43.86351,1,1,9,27,8
165,1656,126.55992,43.91816,14,0,7,4,9
129,2925,126.51318,43.81462,1,1,8,28,7
129,2688,126.5326,43.82466,1,1,5,30,18
31,1558,126.58858,43.8858,1,1,10,13,8
53,487,126.5877,43.78118,1,1,10,1,8
129,2688,126.51829,43.80955,1,1,8,5,8
53,75,126.5519,43.83118,1,1,8,8,9
53,487,126.56944,43.77211,14,1,5,29,9
31,949,126.59332,43.83984,1,1,7,23,9
31,435,126.56218,43.86903,1,1,8,25,9
31,4849,126.56807,43.85179,14,1,9,4,8
31,435,126.55692,43.86305,14,1,9,2,7
53,4474,126.55951,43.81962,1,1,9,27,8
129,161,126.56454,43.84921,7,1,6,14,10
53,75,126.54848,43.82753,1,1,8,22,8
31,1558,126.57474,43.87012,1,1,10,10,8
31,435,126.55691,43.86495,7,1,8,11,12
31,435,126.54715,43.86003,14,1,7,4,8
31,4849,126.57536,43.84294,1,1,8,15,8
129,2688,126.51547,43.80916,1,1,6,17,14
31,4849,126.57429,43.83905,1,1,6,1,13
31,949,126.59248,43.84961,14,1,7,27,8
53,1103,126.59561,43.83226,1,1,8,10,9
165,3156,126.54498,43.9053,1,0,5,26,10
129,2688,126.51826,43.80957,1,1,7,31,13
165,3156,126.54902,43.90098,1,1,8,15,9
31,949,126.58906,43.84338,1,1,6,10,8
129,2665,126.55013,43.84889,1,1,8,10,13
129,2925,126.51628,43.81625,1,1,6,30,10
129,2688,126.51725,43.82227,14,1,7,16,9
165,1656,126.55136,43.91051,14,1,9,28,9
53,4474,126.55947,43.81644,1,1,8,2,8
129,638,126.55361,43.84192,1,1,6,1,12
31,2208,126.53913,43.87026,1,1,6,7,9
129,2925,126.51509,43.81515,1,1,7,6,8
31,4849,126.5834,43.8399,1,1,9,15,7
165,1656,126.58737,43.89414,14,1,10,13,9
31,949,126.59247,43.83952,1,1,6,10,8
53,4474,126.55551,43.81765,14,1,8,20,8
31,4849,126.58096,43.84266,1,1,5,31,9
165,3156,126.55063,43.91238,1,0,5,25,10
31,949,126.59297,43.84171,14,1,7,14,8
31,949,126.59162,43.84055,1,1,6,17,7
53,75,126.56769,43.816,1,1,7,21,8
129,1520,126.5634,43.84694,7,1,9,24,8
53,4474,126.54881,43.8175,1,1,10,1,8
53,1103,126.57362,43.83112,1,1,8,19,10
165,3156,126.55116,43.91403,14,1,7,14,9
53,75,126.57473,43.81944,1,1,9,19,8
53,487,126.55297,43.79413,14,1,6,18,10
53,75,126.56213,43.82606,1,1,7,29,8
165,1656,126.56279,43.92837,14,1,7,17,8
129,2688,126.53013,43.82636,1,1,5,29,13
31,435,126.54996,43.8739,1,1,8,19,8
53,487,126.49489,43.75577,1,1,8,14,8
53,4474,126.55421,43.80614,1,1,7,6,8
165,3156,126.54973,43.90699,1,0,7,19,9
165,1656,126.55424,43.90838,1,0,6,17,14
165,3156,126.54846,43.90076,1,1,7,1,8
129,1520,126.54531,43.84346,1,1,10,15,8
53,4474,126.55093,43.81516,1,1,6,30,11
165,1656,126.55225,43.90969,1,1,8,20,10
129,638,126.54803,43.83962,14,1,8,2,9
165,1656,126.57805,43.91773,14,1,7,8,9
129,638,126.55448,43.84381,14,1,6,8,9
129,2925,126.49895,43.81817,1,1,8,2,9
53,75,126.54936,43.82643,1,1,8,26,8
31,4849,126.57037,43.84349,1,1,7,17,8
53,4474,126.54575,43.81625,1,1,7,8,8
53,75,126.56819,43.81278,1,1,6,11,15
165,1656,126.59002,43.89404,14,1,9,22,9
53,75,126.57049,43.82653,1,1,8,29,9
53,75,126.56401,43.82,7,1,9,11,9
129,2688,126.51532,43.80919,1,1,7,16,8
165,1656,126.55495,43.91581,14,1,5,25,10
53,75,126.57739,43.8188,14,1,9,19,8
31,435,126.571,43.87139,1,1,5,28,18
129,2665,126.55179,43.84611,1,1,8,27,14
53,487,126.52481,43.80432,1,1,6,27,14
53,1103,126.57022,43.8123,1,1,6,28,17
129,638,126.55191,43.83934,14,1,6,10,9
53,1103,126.57493,43.83071,1,1,8,24,10
53,1103,126.6049,43.82804,1,1,8,30,9
129,2688,126.53162,43.82442,1,1,7,31,13
31,435,126.5528,43.87219,1,1,7,15,7
53,4474,126.55865,43.80156,1,1,8,17,8
53,1103,126.57033,43.83091,14,1,8,27,9
31,949,126.59104,43.84985,1,1,8,29,8
53,2452,126.55646,43.79204,14,1,6,17,11
31,4849,126.57479,43.84522,14,1,7,29,8
129,2925,126.4787,43.81387,14,1,8,8,8
31,4849,126.57864,43.84485,14,1,6,5,16
53,1103,126.56092,43.808,14,1,7,21,13
53,75,126.5623,43.82642,1,1,8,14,8
31,2208,126.54316,43.87536,1,1,6,19,8
53,75,126.56806,43.82922,7,1,9,25,8
31,435,126.56573,43.87052,1,1,6,7,17
31,949,126.58706,43.84893,1,1,8,31,9
31,949,126.57363,43.85186,14,1,9,10,13
129,2688,126.53239,43.82483,1,1,9,21,7
129,2925,126.52345,43.82516,14,1,6,4,11
53,1103,126.56526,43.83197,0,1,9,8,10
129,2688,126.52013,43.81257,1,1,9,22,8
165,2709,126.56503,43.90641,14,1,8,10,8
129,1520,126.5573,43.85252,1,1,9,16,9
53,4474,126.55865,43.80826,1,1,9,18,8
165,3156,126.55311,43.91023,1,0,6,9,8
31,435,126.56057,43.85828,14,1,8,22,7
53,1103,126.57238,43.81011,1,1,9,29,14
31,152,126.56077,43.88359,14,1,6,3,14
31,435,126.55695,43.859,1,1,7,14,8
31,949,126.58767,43.86217,1,1,5,13,8
53,487,126.58315,43.78208,1,1,7,25,8
31,4849,126.57133,43.83893,1,1,9,4,8
129,1520,126.55225,43.84803,1,1,9,11,8
129,1520,126.54146,43.84237,14,1,9,25,8
31,435,126.55687,43.85834,1,1,6,19,8
53,1103,126.57123,43.81301,1,1,6,26,19
31,949,126.59196,43.84271,1,1,8,26,8
31,435,126.55053,43.86107,1,1,7,28,10
165,3156,126.55634,43.91452,1,0,6,19,10
53,1103,126.5668,43.83238,14,1,6,13,9
129,2688,126.52744,43.82697,1,1,8,12,8
31,949,126.59374,43.85941,1,1,7,5,8
31,4849,126.57866,43.84493,14,1,8,22,8
53,1103,126.56522,43.83183,0,1,7,4,10
129,2925,126.51478,43.81372,1,1,8,18,8
31,435,126.56991,43.8712,14,1,8,2,8
129,638,126.53657,43.84767,1,1,7,26,14
129,2688,126.51547,43.80742,1,1,9,9,8
53,4474,126.54313,43.81507,1,1,7,12,8
31,435,126.57515,43.87146,1,1,9,3,14
53,1103,126.57111,43.81048,1,1,6,7,16
129,1520,126.56568,43.84791,7,1,9,11,8
129,2925,126.51911,43.82719,1,1,7,27,9
31,4849,126.57296,43.84626,1,1,7,22,7
165,1656,126.54747,43.9133,1,1,10,7,8
53,4474,126.54213,43.81499,14,1,8,22,8
31,4849,126.57657,43.83944,14,1,9,24,9
53,1103,126.60243,43.83289,14,1,6,18,9
31,435,126.56076,43.87091,1,1,8,19,7
53,4474,126.55951,43.81962,1,1,7,23,7
53,1103,126.57934,43.82909,1,1,6,12,9
53,4474,126.55106,43.80452,1,1,7,1,9
129,2688,126.52144,43.81036,1,1,7,1,8
53,75,126.56468,43.81507,1,1,9,12,10
31,1558,126.59176,43.88191,14,1,10,14,8
129,2925,126.51035,43.82593,4,1,8,11,10
129,2688,126.52368,43.81531,1,1,9,27,9
53,75,126.55029,43.82542,1,1,8,3,8
31,4849,126.57571,43.84377,1,1,8,4,14
165,1656,126.54946,43.9044,1,1,10,4,9
129,638,126.56052,43.84215,4,1,7,28,8
31,4849,126.56851,43.85289,14,1,6,29,14
129,1520,126.54931,43.84723,1,1,10,4,8
53,1103,126.57251,43.83155,1,1,9,6,10
31,4849,126.57553,43.8451,1,1,8,28,8
129,2688,126.50995,43.81142,1,1,7,28,8
53,1103,126.5881,43.82869,1,1,6,10,12
53,487,126.54892,43.79331,14,1,8,19,9
129,1520,126.56464,43.85273,4,1,9,7,7
129,2688,126.5324,43.82384,1,1,9,24,8
53,4474,126.54445,43.81638,1,1,9,3,8
165,1656,126.564,43.9206,14,1,7,30,9
53,75,126.55038,43.82807,1,1,8,6,8
31,4849,126.57887,43.84503,14,1,9,16,8
53,1103,126.57108,43.83158,1,1,8,14,9
165,3156,126.55257,43.90108,0,1,8,1,9
53,487,126.55449,43.78735,14,1,5,30,15
53,75,126.56617,43.81296,14,1,8,14,8
129,1520,126.55838,43.84956,1,1,9,23,8
31,949,126.58756,43.84214,1,1,8,23,7
129,2688,126.52362,43.81531,1,1,7,4,9
53,1103,126.57131,43.83109,14,1,7,16,9
53,75,126.57205,43.82053,1,1,7,16,8
31,4849,126.57613,43.84116,14,1,9,10,8
53,3559,126.54509,43.81139,1,1,6,4,14
129,2688,126.51251,43.81849,1,1,8,13,9
129,2688,126.53163,43.82159,1,1,7,22,8
31,949,126.58935,43.83853,1,1,9,1,9
31,4849,126.57511,43.84613,14,1,9,29,8
129,2688,126.52783,43.82147,1,1,7,28,8
53,487,126.55464,43.79202,14,1,9,2,14
165,1656,126.55197,43.90958,1,1,10,7,8
165,1656,126.55054,43.90408,1,1,9,19,8
129,2925,126.5187,43.82043,1,1,7,26,9
53,75,126.56794,43.82084,1,1,5,16,8
53,1103,126.60339,43.82818,1,1,9,6,10
129,638,126.54623,43.83741,1,1,7,21,8
165,3156,126.55495,43.91439,14,1,8,16,10
31,949,126.59236,43.8612,1,1,7,5,8
129,1520,126.5637,43.85713,14,1,10,7,8
129,2688,126.52106,43.81735,1,1,6,13,14
165,1656,126.56948,43.91854,1,0,7,1,8
129,2925,126.51395,43.81357,1,1,8,21,8
31,949,126.59379,43.84888,1,1,9,20,8
53,487,126.55458,43.78726,14,1,8,17,8
31,949,126.58828,43.85041,7,1,7,27,8
31,949,126.59753,43.84737,0,1,8,4,8
31,4849,126.56812,43.84949,7,1,7,27,8
53,75,126.57315,43.82693,1,1,9,30,8
31,949,126.59265,43.86306,1,1,6,19,8
31,435,126.55488,43.87301,1,0,9,26,8
31,435,126.56288,43.86695,1,1,7,15,7
31,4849,126.57402,43.8392,1,1,9,25,8
53,487,126.5934,43.778,14,1,7,24,8
31,4849,126.5723,43.85273,14,1,8,11,15
31,435,126.55278,43.87223,1,1,7,27,8
129,2925,126.5156,43.81302,1,1,5,27,10
53,4474,126.55753,43.80073,1,1,8,23,8
129,2688,126.53463,43.82749,1,1,9,1,7
31,4849,126.57951,43.84121,1,1,7,22,7
165,3156,126.55302,43.90583,1,1,7,27,9
129,1520,126.55679,43.85368,1,1,9,28,9
31,435,126.56836,43.86109,14,1,10,2,8
53,4474,126.55442,43.80392,1,1,7,26,9
53,75,126.55728,43.82461,10,1,8,2,8
53,75,126.57794,43.82519,1,1,5,17,14
53,487,126.53566,43.808,1,1,9,24,14
129,2688,126.52598,43.81151,4,1,6,29,8
129,2688,126.52358,43.8154,1,1,6,27,9
129,87,126.56446,43.84318,14,1,10,7,8
129,2925,126.51633,43.81374,1,1,7,4,9
129,2688,126.52068,43.82033,1,1,6,5,17
129,3458,126.5514,43.85351,1,1,6,27,10
165,1656,126.62358,43.89149,14,1,10,17,9
31,949,126.58919,43.84963,1,0,10,1,7
53,75,126.55104,43.82448,1,1,7,29,8
129,2925,126.51628,43.81623,1,1,8,13,8
129,2925,126.52348,43.83645,1,1,9,15,8
53,1103,126.57427,43.83061,1,1,8,8,10
53,75,126.57491,43.82196,1,1,9,19,8
53,487,126.53688,43.80505,14,1,10,1,8
53,4474,126.55651,43.80069,1,1,7,23,7
53,487,126.55537,43.79149,14,1,6,7,14
129,2688,126.52051,43.81356,1,1,6,14,9
53,75,126.55491,43.8259,1,1,7,19,8
129,2688,126.52016,43.81189,1,1,10,1,7
129,1520,126.56555,43.8479,7,1,9,8,7
165,1656,126.54871,43.91148,1,1,5,31,10
53,4474,126.54589,43.81106,1,1,6,27,9
129,2925,126.51135,43.83286,1,1,5,29,9
129,2688,126.51549,43.8074,1,1,7,19,8
31,949,126.58732,43.84672,1,1,7,2,8
31,435,126.55024,43.87455,1,1,9,1,8
53,4474,126.54672,43.82113,14,1,9,5,9
53,75,126.55202,43.8278,14,1,7,18,8
53,1103,126.57159,43.81085,1,1,8,2,14
165,1656,126.54859,43.91317,1,1,9,28,9
31,949,126.58836,43.85708,1,1,8,31,9
31,949,126.58865,43.83952,1,1,7,4,7
31,4849,126.57294,43.84127,14,1,8,14,8
129,2688,126.51827,43.80841,1,1,6,3,9
165,1656,126.54859,43.90071,1,1,9,5,9
53,487,126.55397,43.79087,0,1,7,9,7
53,1103,126.57109,43.80734,1,1,5,17,14
31,4322,126.54198,43.87824,14,1,6,18,13
31,949,126.59241,43.86046,1,1,9,6,8
31,949,126.58838,43.85711,1,1,5,17,8
129,2688,126.52063,43.81667,1,1,8,11,11
53,75,126.5719,43.82023,1,1,6,13,8
53,4474,126.54437,43.81694,1,1,9,12,10
31,949,126.59835,43.84438,14,1,9,26,7
165,1656,126.56308,43.92567,14,1,8,10,12
129,1520,126.549,43.84875,14,1,9,27,8
31,4849,126.57773,43.84324,1,1,5,19,9
53,487,126.59385,43.77902,14,1,8,12,14
129,87,126.55455,43.84335,14,1,10,7,8
53,1177,126.58801,43.79026,14,1,6,3,15
31,4609,126.57857,43.84934,1,1,6,19,9
53,487,126.52979,43.8053,14,1,5,16,8
165,1656,126.5657,43.91881,14,1,8,7,10
53,75,126.5597,43.83343,1,1,8,21,8
53,4474,126.54367,43.81814,1,1,8,4,8
129,2925,126.51431,43.81132,1,1,9,4,9
165,1656,126.54564,43.91689,1,1,8,8,9
165,1656,126.55014,43.90468,1,0,6,6,9
31,4849,126.57872,43.8445,1,1,6,29,9
129,1520,126.5505,43.84513,14,1,9,14,8
53,1103,126.59653,43.83329,1,1,9,8,10
31,435,126.55175,43.87343,1,1,7,24,7
31,4849,126.56977,43.83943,1,1,6,16,7
53,1103,126.57291,43.80805,1,1,9,29,14
31,949,126.59384,43.84366,14,1,6,19,9
53,1103,126.59978,43.82974,1,1,9,29,9
129,638,126.56019,43.84064,1,1,6,19,15
129,2925,126.50562,43.81673,1,1,8,10,14
53,1103,126.56708,43.80709,1,1,9,4,16
129,2688,126.53548,43.82839,1,1,8,10,12
31,435,126.54951,43.87285,1,1,9,17,8
31,1558,126.58972,43.86249,1,1,10,17,8
53,487,126.54627,43.81703,14,1,6,4,15
165,3156,126.55655,43.91409,1,0,7,5,9
53,1103,126.60442,43.83267,14,1,8,26,9
165,1656,126.5572,43.91109,3,1,7,31,9
129,2688,126.52613,43.82607,1,1,7,13,8
129,2925,126.51569,43.83204,1,1,7,10,8
129,638,126.5593,43.84062,1,1,7,19,8
129,2688,126.52289,43.81673,1,1,6,11,9
53,75,126.57072,43.82383,1,1,7,8,8
53,75,126.56267,43.82701,1,1,8,3,8
31,4849,126.57347,43.83921,1,1,7,8,8
165,1656,126.54898,43.9009,1,1,5,22,13
53,1103,126.59875,43.83387,1,1,8,27,9
53,75,126.54301,43.82362,1,1,7,31,8
31,435,126.56359,43.86082,1,1,7,29,7
53,1103,126.56539,43.83205,0,1,7,6,9
53,4474,126.54335,43.81981,1,1,8,20,8
53,487,126.55989,43.78879,14,1,8,15,9
31,4849,126.57535,43.84168,1,1,8,22,9
129,2688,126.50391,43.79715,14,1,7,23,8
129,2688,126.53104,43.82702,1,1,8,31,7
129,2688,126.53177,43.82527,1,1,8,16,8
31,949,126.58714,43.85771,14,1,7,19,7
31,4849,126.57546,43.85143,1,1,9,19,8
31,4322,126.54188,43.87754,14,1,6,5,16
53,75,126.57831,43.82154,1,1,9,9,10
165,1656,126.55834,43.92149,14,1,9,4,8
165,3156,126.54578,43.90965,1,0,5,25,10
31,4849,126.57484,43.85049,1,1,7,2,8
31,435,126.5521,43.85372,1,1,6,19,8
165,3156,126.5526,43.90102,0,1,5,24,9
31,949,126.58956,43.84357,1,1,5,25,14
129,2688,126.52289,43.81672,1,1,8,24,8
31,1558,126.54738,43.86653,1,1,10,6,15
129,2925,126.52059,43.82215,14,1,6,30,10
165,1656,126.56569,43.92608,14,1,7,28,8
53,75,126.57873,43.8222,14,1,8,8,10
129,2665,126.53772,43.84615,1,1,8,2,9
31,4849,126.57352,43.85062,12,1,9,25,8
129,2688,126.51944,43.8107,1,1,8,15,8
31,4849,126.57058,43.84744,1,1,9,13,7
129,1520,126.5659,43.85663,1,1,9,22,8
129,2925,126.51665,43.8317,1,1,6,7,10
31,949,126.58994,43.85005,1,1,5,20,8
129,2688,126.51684,43.80804,1,1,6,13,14
129,2688,126.52712,43.81478,1,1,8,16,8
129,1520,126.54583,43.84636,1,1,10,2,8
31,4849,126.57746,43.83972,14,1,6,28,8
53,4474,126.5524,43.817,1,1,8,17,8
31,4849,126.57317,43.84633,1,1,8,31,13
53,75,126.55623,43.82018,14,1,9,23,9
31,4849,126.57172,43.85452,4,1,8,21,9
129,638,126.5461,43.84175,14,1,6,4,11
165,3156,126.55495,43.89978,1,1,5,21,10
53,1103,126.6021,43.83243,14,1,9,8,10
129,2925,126.49277,43.81243,1,1,7,22,8
165,1656,126.58434,43.91333,14,1,8,7,10
31,949,126.58718,43.84075,14,1,9,20,8
31,4849,126.56726,43.84686,7,1,9,28,8
165,1656,126.56454,43.92749,14,1,9,19,8
53,487,126.53568,43.8037,14,1,8,27,8
53,75,126.54477,43.82441,1,1,9,3,8
53,487,126.53546,43.80587,1,1,6,29,9
31,949,126.58717,43.84076,14,1,8,28,8
129,2688,126.50949,43.81189,1,1,8,8,15
53,75,126.56846,43.81232,1,1,9,4,9
53,75,126.56729,43.82313,1,1,7,3,8
129,1520,126.54915,43.84661,1,1,10,1,7
53,4474,126.55256,43.81939,14,1,8,11,9
129,2925,126.50449,43.82085,1,1,8,14,9
53,487,126.52442,43.80102,1,1,7,7,9
129,2688,126.50599,43.8035,1,1,7,6,12
53,75,126.57155,43.82819,1,1,6,24,8
53,4474,126.5584,43.79946,1,1,8,20,8
53,4474,126.54524,43.81812,1,1,8,18,8
129,2925,126.51577,43.81497,1,1,6,1,8
31,949,126.58936,43.83862,1,1,8,27,8
53,487,126.53562,43.80363,14,1,6,18,19
129,1520,126.54176,43.84578,1,1,9,18,9
165,1656,126.57528,43.92061,1,1,8,26,8
129,638,126.53008,43.85856,1,1,7,25,9
53,4474,126.55476,43.8047,1,1,9,23,9
53,75,126.5575,43.83226,1,1,8,27,8
31,949,126.59017,43.84811,1,1,9,21,9
53,1103,126.56988,43.80833,1,1,6,13,15
53,75,126.56221,43.82649,1,1,7,31,8
31,949,126.5848,43.84685,3,1,6,11,15
53,4474,126.5423,43.82085,1,1,9,9,8
165,3156,126.54848,43.91495,1,1,8,19,9
129,638,126.54821,43.8455,1,1,7,21,8
129,2925,126.51292,43.81425,1,1,8,7,9
165,1656,126.54872,43.90773,1,1,9,3,9
53,75,126.55116,43.82112,1,1,7,18,8
53,75,126.55415,43.82404,1,1,8,17,8
53,4474,126.54888,43.81784,1,1,9,30,8
31,949,126.58632,43.86006,1,1,9,6,8
31,4849,126.5682,43.83921,13,1,6,25,13
53,4474,126.55283,43.82038,7,1,8,19,9
129,2688,126.53214,43.82267,1,1,9,17,7
165,1656,126.57129,43.92871,1,1,7,3,8
53,487,126.55874,43.77516,14,1,8,3,8
53,75,126.55741,43.83284,1,1,6,12,8
129,2665,126.56619,43.8571,1,1,8,15,8
31,949,126.59188,43.8529,14,1,6,27,8
129,2688,126.51683,43.81181,1,1,9,20,9
31,4849,126.57218,43.84442,1,1,8,27,15
165,3156,126.55371,43.90007,14,1,7,29,9
53,4474,126.55957,43.81973,1,1,9,23,13
165,1656,126.5539,43.90792,1,1,8,14,9
129,2688,126.52014,43.81585,1,1,10,1,7
129,2925,126.52193,43.82244,14,1,8,19,9
165,2709,126.56262,43.91592,14,1,9,3,9
31,4849,126.57551,43.8419,1,1,8,8,8
129,2302,126.54219,43.84782,1,1,7,11,9
129,2925,126.51539,43.81608,1,1,9,21,8
129,2688,126.52164,43.82448,1,1,9,5,8
53,1103,126.58686,43.82863,1,1,6,17,10
165,3156,126.54794,43.90904,1,0,5,27,10
165,1656,126.55053,43.90422,1,1,6,19,13
53,1103,126.56989,43.80385,1,1,7,30,13
129,638,126.56204,43.83959,14,1,7,30,10
31,4849,126.58092,43.84261,1,1,9,2,8
165,3156,126.54659,43.90952,1,1,7,22,9
165,3156,126.54874,43.91359,1,1,7,8,9
165,3156,126.54688,43.91634,1,0,6,3,9
31,4849,126.57991,43.84039,1,1,9,10,8
31,435,126.55849,43.87103,1,1,7,13,7
53,4474,126.55041,43.82069,14,1,9,30,8
53,487,126.57608,43.78326,14,1,8,30,8
165,1656,126.5535,43.93209,1,1,7,18,8
53,75,126.57895,43.825,14,1,8,26,9
129,2688,126.5236,43.81667,1,1,8,15,8
53,1103,126.57072,43.80643,1,1,6,7,14
31,949,126.59358,43.85079,1,1,9,6,8
31,1558,126.57219,43.86387,14,1,10,7,8
129,1520,126.54441,43.84418,1,1,9,11,8
53,75,126.5665,43.81714,1,1,8,10,8
129,638,126.5576,43.84008,1,1,6,6,10
129,2688,126.52509,43.82181,14,1,9,27,9
53,75,126.56879,43.82871,1,1,8,8,10
31,435,126.56524,43.86228,1,1,8,12,11
53,75,126.55629,43.83308,1,1,7,24,8
31,949,126.5911,43.85528,14,1,9,18,8
53,4474,126.5554,43.80786,1,1,7,8,8
165,1656,126.5537,43.90703,1,1,5,26,11
31,2208,126.54066,43.87518,14,1,6,18,14
129,638,126.56092,43.8403,1,1,7,29,9
53,4474,126.54433,43.817,1,1,9,4,8
53,1103,126.59882,43.82872,14,1,9,12,10
31,949,126.58481,43.84697,3,1,9,29,8
31,4849,126.58099,43.84112,1,1,6,8,9
31,4849,126.57411,43.84608,14,1,9,8,9
31,4849,126.56701,43.84912,7,1,7,20,7
31,949,126.59328,43.8547,14,1,8,29,8
165,3156,126.55025,43.90475,1,1,7,22,9
31,949,126.5867,43.8473,1,1,5,16,8
129,638,126.55902,43.84361,1,1,8,3,9
31,4849,126.57432,43.83901,1,1,8,23,9
129,2665,126.55496,43.84545,14,1,8,14,9
165,1656,126.54614,43.91408,1,1,9,10,14
129,87,126.56209,43.83959,14,1,10,14,8
165,3156,126.55065,43.90457,1,0,6,28,8
129,2688,126.52143,43.81173,1,1,6,28,16
53,1103,126.56994,43.81142,1,1,8,17,13
53,4474,126.55292,43.82036,7,1,8,13,9
53,75,126.55748,43.833,1,1,7,8,8
129,2688,126.51202,43.81744,1,1,8,21,9
129,2688,126.51413,43.80712,1,1,8,6,8
53,75,126.56819,43.81289,1,1,8,10,13
31,949,126.58873,43.86331,1,1,6,9,8
53,75,126.54812,43.82891,1,1,8,27,8
129,2925,126.51308,43.82374,1,1,8,14,9
53,979,126.55546,43.80668,1,1,6,4,9
53,75,126.56824,43.83004,14,1,7,11,7
53,75,126.55057,43.8306,1,1,8,21,8
31,949,126.59545,43.87879,1,1,5,17,8
31,4849,126.58053,43.84559,14,1,8,11,9
31,435,126.56064,43.87096,1,1,10,2,8
53,1103,126.57041,43.81088,1,1,7,6,12
129,2945,126.51937,43.82564,1,1,10,1,8
165,1656,126.55239,43.90904,1,0,6,4,14
53,487,126.58544,43.7808,14,1,9,10,7
31,949,126.59397,43.8523,1,1,6,9,13
129,2925,126.52054,43.82662,1,1,6,19,10
31,435,126.57542,43.87005,1,1,9,5,16
165,3156,126.55094,43.90223,14,1,8,10,12
53,1103,126.57088,43.8065,1,1,6,4,18
53,75,126.55631,43.82281,10,1,7,20,8
129,2665,126.54404,43.8504,1,1,8,26,7
129,2925,126.51593,43.81742,1,1,8,20,9
129,2925,126.51354,43.83237,1,1,7,30,9
53,75,126.56402,43.81935,14,1,9,15,9
31,4849,126.567,43.84815,7,1,5,25,10
129,1520,126.55026,43.84568,1,1,10,3,8
53,487,126.56079,43.78854,14,1,6,15,8
53,4474,126.54465,43.81774,1,1,8,26,9
129,2925,126.5136,43.81195,1,1,8,25,7
53,75,126.56406,43.82446,12,1,8,4,9
165,3156,126.55895,43.91415,14,1,8,10,12
53,3559,126.59782,43.82784,14,1,5,30,8
53,1756,126.58466,43.82325,1,1,6,8,16
31,4849,126.58121,43.844,1,1,9,26,13
53,1103,126.57366,43.82958,3,1,8,19,10
31,949,126.59393,43.84325,14,1,8,1,10
53,75,126.57834,43.82154,1,1,9,2,13
31,949,126.5882,43.84744,1,1,8,19,8
165,1656,126.54877,43.90658,1,1,9,1,9
53,487,126.55306,43.79418,14,1,8,7,9
129,1520,126.55014,43.84953,14,1,9,5,7
31,4849,126.56824,43.84808,14,1,9,13,7
53,4474,126.54956,43.81943,1,1,9,18,8
129,2688,126.51688,43.81189,1,1,8,28,7
53,75,126.55229,43.82803,1,1,8,30,8
53,1103,126.59834,43.83427,1,1,7,26,9
129,1520,126.55834,43.84775,14,1,10,16,8
129,2925,126.51222,43.81342,1,1,9,25,8
165,290,126.55249,43.91036,1,1,9,24,8
53,75,126.5675,43.83039,1,1,9,9,8
31,1558,126.53903,43.87016,1,1,9,2,10
165,290,126.54772,43.91505,1,1,9,14,10
129,1520,126.5466,43.85124,14,1,9,22,8
129,1520,126.56378,43.85653,14,1,9,22,8
129,87,126.55779,43.84051,1,1,10,8,8
129,1520,126.55832,43.84739,14,1,9,15,8
31,1558,126.54882,43.86734,1,1,10,6,15
129,1520,126.56351,43.84937,0,1,10,1,7
129,161,126.56281,43.85391,1,1,6,18,15
129,2925,126.51851,43.83288,1,1,8,12,9
53,1103,126.60167,43.83566,14,1,8,23,10
129,2688,126.52838,43.82627,1,1,7,15,8
129,2925,126.52257,43.82353,14,1,8,20,9
53,4474,126.55967,43.81906,14,1,7,27,8
31,435,126.55404,43.8714,1,1,9,14,7
129,2665,126.56389,43.85762,7,1,8,14,9
31,949,126.58997,43.8633,1,1,7,3,7
129,1520,126.56481,43.85466,14,1,9,25,8
53,487,126.53556,43.8036,14,1,6,6,10
53,75,126.56404,43.81535,1,1,8,29,9
129,2688,126.51717,43.82279,14,1,8,11,8
129,1520,126.56385,43.85606,14,1,9,2,7
53,487,126.58418,43.78216,1,1,9,27,8
53,1103,126.57551,43.82957,3,1,8,12,9
31,949,126.59327,43.83975,1,1,9,20,8
129,1520,126.54641,43.85196,14,1,9,27,8
53,1103,126.56709,43.80122,1,1,7,23,12
53,1103,126.59847,43.82774,14,1,9,17,9
165,3156,126.54931,43.90747,1,0,5,20,10
31,949,126.58815,43.84899,1,1,7,27,8
53,75,126.57047,43.82423,1,1,7,6,9
53,487,126.53488,43.80905,1,1,8,15,8
165,1656,126.555,43.89953,1,0,6,17,9
31,949,126.5955,43.84556,14,1,8,14,8
53,487,126.57958,43.78374,14,1,9,19,8
53,75,126.57284,43.82133,1,1,8,18,8
31,1558,126.58972,43.88577,14,1,10,10,9
129,2688,126.52575,43.81592,1,1,9,4,9
129,2688,126.52022,43.81172,1,1,8,11,8
31,435,126.54897,43.86762,1,1,9,13,8
31,949,126.58967,43.85106,1,1,7,27,8
31,435,126.56066,43.8687,1,1,6,7,7
165,1656,126.57942,43.91933,1,1,8,13,8
53,75,126.56961,43.81995,1,1,6,14,8
53,1103,126.56981,43.83211,1,1,9,14,9
129,1520,126.56277,43.85629,1,1,9,11,8
53,75,126.56516,43.81894,14,1,6,3,7
53,4474,126.54968,43.82013,1,1,7,23,8
53,1103,126.57229,43.83086,14,1,7,14,9
31,435,126.55723,43.86107,14,1,6,29,9
31,949,126.59114,43.84886,1,1,7,24,7
31,435,126.55286,43.87215,1,1,7,12,7
53,4474,126.55824,43.81706,1,1,7,14,9
31,949,126.59633,43.8438,14,1,8,23,7
165,1656,126.57841,43.89442,14,1,10,5,9
31,949,126.59302,43.86197,1,1,7,1,7
31,3073,126.55234,43.86864,1,1,6,5,15
53,75,126.56411,43.81519,1,1,5,30,14
165,2709,126.56334,43.91022,7,1,6,27,10
129,2925,126.5234,43.82525,14,1,8,10,14
53,1103,126.60339,43.82811,1,1,9,16,9
31,4849,126.57818,43.84222,1,1,9,4,8
129,2688,126.51503,43.80879,1,1,8,31,7
129,2688,126.52052,43.81626,1,1,6,1,13
129,2925,126.51593,43.83337,1,1,8,27,7
53,1103,126.57125,43.80987,1,1,9,2,16
165,1656,126.56711,43.92086,14,1,6,26,9
53,1103,126.579,43.8293,1,1,8,3,9
129,2688,126.52667,43.81623,1,1,9,23,8
31,4322,126.56189,43.88601,14,1,5,29,8
53,75,126.55253,43.82478,1,1,9,1,9
31,949,126.58657,43.86039,1,1,8,6,8
53,75,126.56517,43.81901,14,1,6,29,9
165,1656,126.54125,43.91384,14,1,7,21,8
31,949,126.58958,43.8488,1,1,9,16,8
165,1656,126.55587,43.9447,14,1,8,11,9
53,487,126.52924,43.80371,14,1,9,14,8
53,1103,126.56756,43.80146,1,1,8,13,15
129,638,126.55822,43.84112,1,1,6,28,10
53,487,126.53563,43.80369,14,1,8,11,9
31,4849,126.57871,43.84442,1,1,7,14,8
53,1103,126.56475,43.80754,3,1,9,25,13
53,1103,126.56968,43.81437,1,1,8,1,13
53,1103,126.5727,43.80861,1,1,7,22,12
129,2688,126.51188,43.80809,1,1,9,14,9
129,2688,126.52812,43.82665,1,1,6,14,15
31,3073,126.55077,43.86923,1,1,6,18,13
31,949,126.58658,43.85969,1,1,9,4,8
129,2688,126.52744,43.82718,1,1,6,17,14
165,1656,126.58517,43.92431,14,1,9,21,9
53,487,126.57944,43.78365,14,1,10,1,8
129,2688,126.51683,43.8118,1,1,8,16,8
53,1103,126.57571,43.82892,1,1,9,27,9
31,4849,126.57904,43.84236,1,1,7,19,7
31,4849,126.5782,43.83955,14,1,5,29,8
53,487,126.53337,43.80613,1,1,9,29,8
53,4474,126.54709,43.81622,1,1,9,21,9
31,949,126.59311,43.86162,1,1,6,7,14
129,2665,126.54487,43.84583,1,1,8,30,7
53,1103,126.57898,43.82923,1,1,9,14,9
31,4849,126.58317,43.83857,14,1,7,2,8
129,87,126.54668,43.83692,1,1,10,3,8
129,2688,126.51594,43.80859,1,1,7,16,8
31,435,126.55656,43.86052,1,1,7,11,7
129,2688,126.52007,43.8154,1,1,6,8,13
129,2925,126.51923,43.82657,1,1,7,6,8
31,949,126.58768,43.8404,14,1,6,12,11
53,4474,126.55684,43.80862,1,1,7,4,9
31,4849,126.57563,43.83935,1,1,7,29,14
165,3156,126.54818,43.90079,1,1,8,3,9
53,1103,126.56659,43.83087,3,1,8,6,10
31,435,126.54977,43.87035,1,1,9,9,8
53,1103,126.56714,43.80749,1,1,8,10,15
53,75,126.56326,43.82247,1,1,9,10,8
53,1103,126.57492,43.83074,1,1,6,14,10
129,2925,126.5158,43.81184,1,1,6,19,10
31,4849,126.57147,43.84188,1,1,9,23,7
165,1656,126.5681,43.92116,14,1,6,26,9
129,3458,126.53119,43.83146,1,1,6,4,17
129,2925,126.51689,43.82549,1,1,9,17,7
53,75,126.55828,43.83238,1,1,9,13,8
31,4849,126.56725,43.84681,7,1,9,24,9
53,75,126.56566,43.8298,7,1,5,30,9
165,1656,126.55935,43.92103,14,1,9,10,9
31,949,126.59332,43.84001,1,1,7,5,8
165,3156,126.55381,43.89986,14,0,7,19,9
53,75,126.56844,43.8292,7,1,10,1,8
53,75,126.57551,43.82586,1,1,6,11,8
31,4849,126.57262,43.84172,1,1,7,15,8
31,1558,126.56156,43.88536,14,1,10,17,8
129,3458,126.56287,43.85553,1,1,5,16,10
53,4474,126.54513,43.81581,1,1,9,9,9
31,4849,126.57556,43.84295,1,1,6,29,9
31,435,126.57532,43.87145,1,1,6,1,19
31,4849,126.58032,43.83834,14,1,5,21,9
129,2665,126.54919,43.84998,14,1,8,12,9
53,75,126.55072,43.82704,1,1,7,21,8
53,4474,126.55548,43.80563,1,1,6,17,9
129,2688,126.51368,43.80819,1,1,6,28,16
53,75,126.55395,43.82556,1,1,8,18,8
165,1656,126.56633,43.91859,14,1,6,11,8
53,75,126.56962,43.82073,1,1,8,13,9
165,3867,126.6128,43.8915,14,1,7,27,8
165,1656,126.56472,43.92913,14,1,8,24,9
129,2688,126.51698,43.81186,1,1,9,9,9
129,2925,126.54081,43.8408,12,1,6,7,10
31,435,126.55045,43.87085,1,1,7,31,13
53,75,126.57038,43.82688,1,1,8,4,9
129,2665,126.54671,43.84872,14,1,8,21,8
53,1103,126.56959,43.83098,14,1,9,30,9
129,2665,126.55578,43.85267,1,1,8,3,8
53,487,126.57702,43.77914,1,1,9,2,8
53,487,126.53218,43.8067,1,1,8,27,8
53,75,126.56519,43.82862,0,1,9,17,7
53,1103,126.56692,43.81599,1,1,8,21,13
53,4474,126.55958,43.81972,1,1,9,6,9
31,4849,126.57312,43.84591,1,1,5,30,8
31,435,126.55322,43.87172,1,0,5,24,12
129,1520,126.56532,43.84856,7,1,9,3,7
129,2925,126.51578,43.81485,1,1,8,19,9
53,1103,126.60234,43.82947,1,1,7,14,9
31,4849,126.57552,43.8529,1,1,9,29,8
31,4849,126.58107,43.83872,14,1,7,8,8
129,2688,126.53037,43.82623,1,1,8,26,10
165,3156,126.55244,43.91037,1,1,7,3,9
31,949,126.59091,43.84117,1,1,7,19,7
165,1656,126.56592,43.92705,14,1,7,16,9
129,2925,126.5196,43.81916,1,1,8,6,9
53,75,126.54828,43.82785,1,1,7,19,8
129,2688,126.53289,43.82535,1,1,6,23,9
129,2688,126.52296,43.81666,1,1,9,2,7
129,161,126.56571,43.84949,7,1,6,14,10
129,1520,126.54233,43.84783,1,1,9,25,8
53,1103,126.58095,43.82841,1,1,6,15,10
31,949,126.58801,43.84796,1,1,7,25,7
53,75,126.56733,43.82258,4,1,9,14,9
129,2688,126.51504,43.80798,1,1,8,1,8
53,1103,126.60294,43.83247,14,1,7,9,9
53,4474,126.55709,43.80824,1,1,9,14,9
53,75,126.578,43.82501,1,1,8,2,8
53,487,126.58796,43.78172,1,1,9,26,8
31,949,126.59167,43.8453,1,1,9,23,7
31,4849,126.58452,43.83915,1,1,9,17,8
31,949,126.59391,43.84011,1,1,8,11,8
53,75,126.56457,43.81971,14,1,7,11,7
53,1103,126.57176,43.81095,1,1,6,13,15
129,2925,126.51508,43.81602,1,1,6,9,9
53,4474,126.55193,43.80363,1,1,6,19,16
129,2688,126.52262,43.81788,1,1,8,23,8
53,1103,126.56597,43.83213,14,1,9,12,10
129,323,126.51304,43.81395,1,1,9,27,9
53,979,126.55469,43.8068,1,1,5,24,10
53,1103,126.57641,43.82973,1,1,9,24,8
53,4474,126.54824,43.81456,14,1,8,16,8
165,1656,126.58495,43.89484,14,1,5,28,10
31,4849,126.58255,43.83656,14,1,7,25,7
53,75,126.55566,43.82292,10,1,7,26,8
31,435,126.5605,43.86916,1,1,8,16,7
31,949,126.58741,43.84416,14,1,9,7,8
53,1103,126.57284,43.83022,3,1,8,24,10
31,949,126.58643,43.83774,14,1,7,14,8
165,3156,126.54872,43.91134,1,1,8,1,9
53,1103,126.57283,43.81008,1,1,8,21,13
129,2925,126.50834,43.82128,1,1,8,14,9
129,2925,126.51144,43.83349,1,1,7,8,8
53,2138,126.54783,43.79601,14,0,6,22,1
129,588,126.50151,43.81962,14,1,5,17,11
53,4474,126.54977,43.81533,1,1,10,2,8
53,75,126.56352,43.8224,1,1,9,22,10
31,435,126.55872,43.87153,1,1,7,3,7
31,949,126.59247,43.83941,1,1,6,1,13
165,1656,126.5662,43.91317,14,1,7,28,8
129,2665,126.55598,43.85189,1,1,8,22,9
129,2688,126.52018,43.81268,1,1,9,6,8
31,4849,126.57563,43.8522,1,1,8,19,8
31,435,126.55276,43.87212,1,1,9,6,8
165,1656,126.56903,43.92987,1,1,8,27,8
53,4474,126.55651,43.80053,1,1,6,17,18
129,2688,126.52634,43.81656,1,1,6,14,15
165,1656,126.55396,43.91284,1,1,9,17,8
165,1656,126.55932,43.91029,1,1,5,31,10
53,75,126.56788,43.82342,1,1,9,9,9
53,4474,126.55531,43.80334,1,1,7,14,10
129,1520,126.54007,43.8423,1,1,10,6,8
129,2665,126.54185,43.84574,1,1,8,30,7
53,1103,126.57061,43.80592,1,1,9,11,15
31,435,126.55278,43.87211,1,1,5,17,13
31,435,126.56249,43.86107,1,1,5,27,8
53,487,126.55293,43.79407,14,1,7,14,10
165,3156,126.55165,43.91239,1,0,5,26,10
129,2925,126.51688,43.83131,1,1,9,1,7
129,2925,126.49199,43.81396,1,1,8,12,9
31,1558,126.5391,43.87011,1,1,9,6,11
129,638,126.54665,43.83699,1,1,7,12,8
53,487,126.54341,43.79791,14,1,9,17,7
31,435,126.5616,43.8581,14,1,8,6,7
129,1520,126.55491,43.85425,1,1,9,22,8
31,949,126.59116,43.8624,1,1,5,21,8
129,2688,126.52125,43.82479,1,1,9,4,16
31,4849,126.57119,43.85246,14,1,9,16,9
53,75,126.56654,43.81977,14,1,6,30,14
31,949,126.58879,43.86338,1,1,9,1,8
129,2925,126.51537,43.81613,1,1,8,25,8
53,1103,126.57006,43.83113,14,1,8,31,8
53,487,126.52944,43.80355,14,1,8,14,8
129,638,126.54618,43.83767,1,1,6,9,9
31,4849,126.5748,43.84202,14,1,6,14,8
129,2688,126.51913,43.81856,1,1,6,29,9
165,1656,126.55061,43.90811,14,1,8,26,8
31,4849,126.57307,43.84981,14,1,7,26,7
31,435,126.55212,43.87235,1,1,8,11,8
53,1103,126.56327,43.8082,14,1,6,18,14
129,2688,126.51771,43.81237,1,1,6,13,14
53,75,126.56537,43.81979,14,1,7,31,8
129,2688,126.53009,43.82129,1,1,8,19,9
31,4849,126.56909,43.83954,13,1,5,18,9
53,4474,126.55757,43.81726,1,1,7,20,8
165,1656,126.55013,43.90452,1,1,8,28,8
31,4849,126.57191,43.83877,1,1,8,31,13
165,1656,126.55352,43.90745,1,1,8,17,8
165,1656,126.58312,43.91338,14,1,8,16,10
53,75,126.54353,43.82406,14,1,9,26,8
53,1103,126.56895,43.81145,1,1,7,8,12
165,3156,126.54657,43.91193,1,1,8,13,9
53,75,126.5575,43.83308,1,1,8,21,8
165,2709,126.58754,43.89468,1,1,5,30,8
31,949,126.58838,43.85044,7,1,9,26,7
53,2615,126.54365,43.81375,1,1,6,13,9
53,75,126.57116,43.81949,14,1,9,28,8
165,1656,126.54994,43.90147,14,1,10,7,8
53,487,126.52317,43.8043,1,1,8,23,8
165,3156,126.54647,43.90771,1,0,5,20,10
31,435,126.55277,43.87071,1,1,8,11,8
129,588,126.49861,43.81672,1,1,5,14,11
31,949,126.58975,43.85055,1,1,9,16,8
129,2665,126.55028,43.84822,1,1,8,7,9
129,2925,126.51716,43.83099,1,1,7,23,8
31,4849,126.56718,43.84391,14,1,9,25,8
53,75,126.56299,43.81945,14,1,8,22,9
53,1103,126.5708,43.8065,1,1,9,13,14
53,1103,126.57257,43.81297,1,1,6,11,16
53,1103,126.57857,43.82016,14,1,8,31,13
165,3156,126.54783,43.9102,1,0,6,19,10
165,1656,126.69593,44.00355,14,1,9,12,9
53,75,126.56846,43.81202,1,1,7,23,8
129,2302,126.54225,43.84727,1,1,7,13,8
31,3073,126.54016,43.86661,1,1,6,3,14
53,4474,126.55275,43.81976,14,1,6,18,16
53,4474,126.54463,43.82121,1,1,9,8,9
165,3156,126.54262,43.91796,14,1,5,21,10
53,1103,126.59809,43.83377,1,1,7,8,9
31,4849,126.57403,43.85121,14,1,9,6,8
165,290,126.5513,43.90026,14,1,9,30,8
129,1520,126.54374,43.84263,1,1,9,2,7
31,949,126.59259,43.83957,1,1,7,27,8
53,487,126.52984,43.80528,14,1,5,31,15
129,2688,126.53249,43.82481,1,1,9,18,9
129,2688,126.52732,43.82697,1,1,8,24,8
31,4849,126.56685,43.84745,7,1,7,3,8
53,75,126.5521,43.82864,14,1,7,30,8
53,75,126.5726,43.82303,14,1,9,22,9
129,2925,126.50607,43.81706,1,1,8,13,9
31,435,126.5625,43.86111,1,1,7,5,7
129,2688,126.53301,43.82557,1,1,9,22,8
129,2665,126.54812,43.84527,1,1,8,6,8
53,1103,126.56982,43.83222,1,1,7,17,9
129,1520,126.5449,43.84461,1,1,9,16,9
129,1520,126.56592,43.85692,1,1,9,7,7
31,4849,126.57678,43.84046,14,1,8,22,8
129,2688,126.53099,43.82218,1,1,9,8,7
53,487,126.54155,43.7927,14,1,9,8,9
31,435,126.55284,43.87229,1,1,9,3,7
129,2925,126.51376,43.82458,14,1,8,6,9
129,1520,126.54894,43.84877,14,1,9,8,7
53,1103,126.57943,43.82894,1,1,9,16,9
129,3458,126.53112,43.83148,1,1,6,5,11
31,949,126.59328,43.84189,14,1,8,16,7
31,4849,126.58545,43.84449,14,1,9,24,9
31,4849,126.5744,43.83951,1,1,5,30,15
165,3156,126.54656,43.90837,1,1,7,18,8
53,3559,126.54893,43.81994,14,1,6,4,14
53,487,126.59346,43.77804,14,1,10,1,8
165,3156,126.55008,43.91635,14,1,7,29,9
53,1103,126.57081,43.80647,1,1,8,15,13
53,75,126.56705,43.81249,14,1,9,2,8
31,435,126.5528,43.87229,1,1,9,9,8
129,638,126.54452,43.84394,1,1,7,16,12
53,75,126.55974,43.83334,1,1,7,22,8
31,435,126.55481,43.87359,1,0,9,26,8
53,4474,126.54598,43.81107,1,1,9,16,8
53,75,126.55327,43.83054,1,1,8,20,8
165,290,126.5575,43.90912,1,1,9,15,10
165,1656,126.5488,43.91138,1,0,6,2,14
129,2688,126.53281,43.82533,1,1,8,12,14
129,2665,126.55725,43.84952,1,1,8,7,9
53,4474,126.55863,43.80044,1,1,8,24,8
31,4849,126.56758,43.84354,14,1,8,25,9
31,435,126.55383,43.87272,1,1,9,18,8
165,1656,126.54569,43.9168,1,1,8,26,8
165,1656,126.56728,43.9048,14,1,8,17,8
129,2302,126.56373,43.85704,14,1,7,13,8
53,75,126.57501,43.82455,1,1,8,18,8
129,1520,126.54167,43.84608,1,1,9,25,8
129,2688,126.53139,43.82843,14,1,8,5,8
129,2925,126.51912,43.8271,1,1,6,14,9
165,290,126.54467,43.90552,1,1,9,9,9
53,4474,126.55132,43.81735,14,1,9,22,9
129,1520,126.56581,43.8567,1,1,9,15,8
129,2665,126.56071,43.84913,1,1,8,24,8
53,1103,126.57108,43.81131,1,1,7,30,13
31,4849,126.56993,43.8434,1,1,9,8,9
165,290,126.54583,43.91008,1,1,9,24,8
31,4849,126.56925,43.84692,14,1,6,5,16
31,949,126.55055,43.86898,1,1,5,17,15
129,2925,126.51204,43.83286,1,1,8,10,8
31,435,126.56171,43.87093,1,1,8,27,8
53,4474,126.5597,43.80775,1,1,9,16,8
53,487,126.58512,43.78227,1,1,7,31,8
53,4474,126.55649,43.80065,1,1,8,23,8
165,1656,126.57362,43.9228,1,1,7,18,8
31,4849,126.57817,43.84228,1,1,6,1,7
129,2925,126.51971,43.8231,14,1,6,30,10
53,75,126.56719,43.8153,1,1,7,16,8
31,4849,126.56848,43.84362,14,1,5,21,9
165,3156,126.54946,43.90708,1,1,6,30,10
129,2925,126.50477,43.81765,1,1,8,4,9
165,2709,126.55854,43.9071,14,0,5,22,8
31,949,126.59049,43.85267,1,1,6,27,8
53,1103,126.56764,43.80777,1,1,9,4,16
129,87,126.55679,43.84274,1,1,10,14,8
31,4849,126.56746,43.84605,7,1,8,18,7
31,4849,126.56836,43.84606,14,1,6,18,14
31,4849,126.58396,43.84628,0,1,8,13,8
53,75,126.56122,43.8273,14,1,8,2,8
129,2925,126.51568,43.81493,1,1,9,25,8
129,2688,126.51786,43.81283,1,1,6,27,15
53,1103,126.57721,43.82947,1,1,5,28,14
129,1520,126.56589,43.85342,14,1,9,4,9
129,2688,126.50948,43.81188,1,1,9,21,7
129,2925,126.52713,43.83577,14,1,8,25,8
129,2688,126.53211,43.82265,1,1,8,13,8
53,75,126.55381,43.82551,1,1,8,21,9
31,4849,126.57146,43.84454,1,1,5,16,9
129,2925,126.52719,43.83584,14,1,8,25,7
165,1656,126.55458,43.91014,14,1,5,16,11
165,3156,126.55414,43.90066,14,0,6,2,9
53,75,126.57437,43.82258,1,1,8,26,9
129,2665,126.54386,43.84474,14,1,8,12,10
53,4474,126.54886,43.81754,1,1,9,12,10
165,1656,126.55188,43.90452,1,1,9,2,9
129,2688,126.5277,43.81878,14,1,9,21,7
53,487,126.53337,43.80612,1,1,9,6,9
53,4474,126.55458,43.80391,1,1,6,29,9
31,435,126.56213,43.86611,1,1,9,2,7
31,435,126.5569,43.86001,1,1,9,13,8
129,2688,126.52815,43.81815,14,1,8,18,8
31,435,126.55084,43.86017,1,1,8,15,7
31,949,126.5889,43.86214,1,1,7,2,8
53,1103,126.57072,43.80649,1,1,6,28,13
31,949,126.5931,43.86157,1,1,6,10,8
31,4849,126.5744,43.8396,1,1,7,15,8
31,1558,126.56777,43.8509,14,1,10,5,8
31,435,126.5618,43.85801,14,1,7,6,7
53,487,126.52477,43.80131,1,1,6,9,9
31,949,126.58869,43.84446,1,1,5,25,14
31,4849,126.57549,43.84518,1,1,7,12,11
53,487,126.52998,43.80464,14,1,5,29,15
129,638,126.54253,43.84271,1,1,7,28,8
129,3458,126.54267,43.83571,1,1,6,4,17
53,75,126.56897,43.82809,1,1,7,14,15
53,4474,126.54267,43.8168,1,1,9,9,9
31,435,126.56187,43.87033,1,1,9,14,7
53,4474,126.54225,43.81674,1,1,9,13,8
53,4474,126.54977,43.81541,1,1,8,7,9
53,75,126.55968,43.83345,1,1,7,4,9
31,4849,126.58351,43.84174,1,1,6,15,8
129,2688,126.51618,43.80866,1,1,9,11,8
129,2665,126.56612,43.85713,1,1,8,23,9
129,1520,126.55614,43.85134,1,1,9,27,8
129,638,126.54226,43.84428,1,1,6,29,9
165,1656,126.55892,43.91538,14,1,7,21,8
31,435,126.55061,43.87137,1,1,8,8,8
31,949,126.59057,43.84689,1,1,6,1,8
129,3458,126.50484,43.80408,1,1,6,3,11
129,2925,126.5179,43.82615,1,1,8,13,8
165,1656,126.56507,43.92864,14,0,6,27,10
53,4474,126.55674,43.81066,14,1,9,28,8
165,1656,126.51902,43.94317,14,0,6,28,8
53,4474,126.55661,43.81414,1,1,8,28,8
129,2925,126.52277,43.82326,14,1,9,7,7
129,2665,126.5563,43.84678,14,1,8,23,9
31,435,126.55182,43.85714,14,1,9,24,8
129,638,126.54424,43.84387,1,1,7,3,9
129,2688,126.52674,43.81628,1,1,8,4,8
129,2665,126.56606,43.85719,1,1,8,25,7
129,2925,126.51612,43.81814,1,1,8,12,8
129,2688,126.51652,43.81543,1,1,7,22,14
129,2925,126.51939,43.82827,1,1,9,5,8
53,487,126.55126,43.78681,14,1,9,7,8
129,2665,126.54618,43.83823,14,1,8,18,8
53,75,126.55693,43.8246,10,1,7,14,9
129,2688,126.5332,43.82694,1,1,6,11,9
129,161,126.54408,43.85053,1,1,6,16,9
165,1656,126.55573,43.9139,1,1,9,17,8
53,4474,126.55958,43.81971,1,1,9,17,8
31,4849,126.56865,43.84402,14,1,9,11,16
31,4849,126.56707,43.8477,7,1,9,2,8
165,1656,126.54424,43.91701,14,1,8,20,11
31,949,126.59036,43.85276,1,1,6,11,15
165,1656,126.5482,43.9047,1,1,8,21,14
165,1656,126.54614,43.90823,1,1,7,11,17
129,638,126.56329,43.84194,3,1,7,21,13
31,4849,126.56685,43.84743,7,1,7,21,7
31,4849,126.56713,43.8469,7,1,8,3,7
53,75,126.55677,43.82424,10,1,8,14,8
129,2688,126.52123,43.81321,1,1,8,11,11
129,2925,126.51608,43.813,1,1,9,22,8
31,4849,126.57307,43.84461,7,1,6,12,9
53,1103,126.57073,43.80651,1,1,6,4,18
129,2688,126.51179,43.80816,1,1,9,8,14
165,3156,126.55485,43.9149,14,0,6,6,9
129,2925,126.51847,43.83155,1,1,9,5,7
31,435,126.54954,43.87304,1,1,9,28,8
165,3156,126.54595,43.90891,1,0,7,1,8
53,4474,126.5555,43.81808,14,1,9,23,13
53,487,126.4952,43.75725,14,1,7,10,8
31,949,126.59249,43.83943,1,1,9,20,8
53,1103,126.59245,43.83117,1,1,9,16,9
165,1656,126.55194,43.90952,1,1,6,18,17
53,1103,126.56702,43.80712,1,1,6,16,14
31,949,126.59103,43.84151,1,1,8,15,7
53,1103,126.57285,43.808,1,1,6,2,17
31,4849,126.57452,43.83891,1,1,8,11,9
53,75,126.55086,43.83042,1,1,7,28,8
129,2688,126.53163,43.82434,1,1,6,11,9
129,2688,126.52482,43.82568,14,1,8,16,15
31,435,126.56573,43.86125,1,1,8,16,7
165,1656,126.50056,43.98528,14,0,6,8,9
129,1520,126.56354,43.85692,14,1,9,20,9
31,949,126.58974,43.85835,1,1,9,21,9
129,2688,126.52189,43.81535,1,1,8,12,14
165,1656,126.57057,43.91808,1,1,5,31,10
129,2688,126.52481,43.81393,1,1,9,10,8
129,2688,126.52923,43.82133,1,1,9,25,8
53,1103,126.56979,43.80377,1,1,9,17,14
53,75,126.55758,43.83298,1,1,7,3,8
165,3156,126.5457,43.91043,1,1,5,18,10
129,2688,126.51736,43.82498,14,1,7,15,14
53,487,126.5699,43.76882,14,1,9,11,8
129,2688,126.5201,43.81579,1,1,7,21,8
31,4849,126.57281,43.84454,7,1,7,30,8
129,2665,126.55285,43.84671,1,1,8,10,8
53,3559,126.55247,43.81709,1,1,6,4,14
53,1103,126.57826,43.82814,1,1,7,27,9
53,2060,126.55794,43.81124,14,1,6,1,12
129,2688,126.52381,43.82092,14,1,8,2,9
129,638,126.54401,43.84155,10,1,7,21,9
165,1656,126.56034,44.0028,14,1,9,1,9
31,435,126.55618,43.85995,1,1,8,25,9
31,4849,126.57205,43.83924,1,0,5,28,12
31,4849,126.5663,43.84179,14,1,9,13,7
31,1558,126.57488,43.88741,1,1,9,2,9
53,487,126.55381,43.79092,0,1,9,20,8
31,4849,126.5743,43.84416,7,1,6,9,9
165,1656,126.57505,43.93099,1,1,6,29,9
31,949,126.59352,43.84983,1,0,10,1,7
165,1656,126.57336,43.91803,1,1,9,3,9
53,487,126.58807,43.78173,1,1,8,30,8
31,435,126.55297,43.87199,1,1,9,28,8
129,2688,126.52916,43.82014,1,1,7,21,8
53,1103,126.57008,43.80993,1,1,8,18,13
129,2688,126.51954,43.81903,1,1,8,11,12
31,949,126.58806,43.863,1,1,9,24,8
53,1103,126.57739,43.82974,1,1,9,9,10
53,4474,126.54971,43.81538,1,1,7,5,8
129,1520,126.5401,43.8476,1,1,9,3,11
53,75,126.55069,43.83056,1,1,7,24,8
53,4474,126.55941,43.81975,1,1,9,11,8
165,1656,126.53062,43.92917,14,1,5,17,10
165,3156,126.54937,43.90756,1,0,6,24,11
165,1656,126.54471,43.9145,1,1,9,13,9
129,2665,126.56084,43.84784,14,1,8,12,9
31,4849,126.58192,43.8393,14,1,7,14,8
53,487,126.57741,43.7786,1,1,7,4,9
31,435,126.55525,43.85979,1,1,9,14,7
53,487,126.57815,43.77893,1,1,9,8,9
31,4849,126.57463,43.85187,1,1,9,11,9
53,75,126.5654,43.8225,1,1,7,12,8
53,487,126.59099,43.77475,14,1,7,2,8
129,161,126.5601,43.85044,14,1,6,18,15
53,75,126.56381,43.8158,1,1,9,14,9
31,435,126.55158,43.8708,1,1,7,10,7
165,1656,126.54642,43.90773,1,1,9,8,9
165,1656,126.55049,43.90336,12,1,9,17,8
53,1103,126.56534,43.832,0,1,7,12,9
31,435,126.55281,43.87212,1,1,8,29,13
129,638,126.56442,43.84304,14,1,7,12,8
129,638,126.55406,43.8392,1,1,7,3,9
129,1520,126.54384,43.84889,1,1,9,9,9
53,1103,126.60598,43.82834,1,1,6,10,9
31,949,126.58091,43.83972,1,1,7,11,7
129,2945,126.51654,43.82541,1,1,10,1,8
53,4474,126.55673,43.81063,14,1,9,6,8
53,75,126.57679,43.82511,1,1,8,3,8
53,75,126.56841,43.82911,7,1,7,5,8
31,4849,126.57279,43.84043,14,1,9,17,8
129,2925,126.51669,43.81831,1,1,6,13,10
129,2688,126.53191,43.82073,1,1,8,25,7
129,2925,126.51246,43.81294,1,1,9,2,7
31,949,126.58721,43.8625,1,1,5,29,14
53,1103,126.5711,43.81056,1,1,7,1,12
129,2925,126.51712,43.83158,1,1,9,9,9
31,435,126.55156,43.87087,1,1,7,17,8
31,949,126.59221,43.85317,14,1,7,23,9
53,487,126.55308,43.79412,14,1,7,26,8
53,979,126.55546,43.80655,1,1,5,29,8
31,4849,126.57572,43.85269,1,1,5,20,15
53,1103,126.57231,43.8071,1,1,5,16,11
129,2665,126.5609,43.85181,14,1,8,29,9
129,2665,126.56055,43.85053,1,1,8,19,8
165,1656,126.56571,43.92807,14,1,8,23,9
31,4849,126.57113,43.84494,1,1,9,1,9
129,2925,126.51154,43.83309,1,1,6,6,9
129,2688,126.53579,43.82917,1,1,8,16,8
53,979,126.55839,43.79966,1,1,5,28,9
53,1103,126.57873,43.82612,1,1,8,11,9
53,1103,126.57086,43.80652,1,1,8,5,13
165,1656,126.54777,43.9118,1,0,6,17,9
53,1103,126.57208,43.83164,1,1,9,21,9
129,638,126.55284,43.84113,1,1,6,11,10
165,3156,126.54846,43.90851,1,1,7,16,8
165,2709,126.56391,43.9086,1,1,8,9,8
53,4474,126.57925,43.80633,14,1,9,24,14
31,4849,126.56727,43.84684,7,1,8,24,9
129,638,126.56102,43.84078,1,1,7,10,8
129,1520,126.5593,43.8532,1,1,9,19,8
31,4849,126.56884,43.84456,10,1,8,11,8
31,4849,126.58558,43.84467,14,1,5,27,15
31,949,126.59368,43.84202,14,1,8,29,8
129,2688,126.52879,43.82405,1,1,6,19,9
129,2688,126.53223,43.82496,1,1,8,14,8
31,4849,126.57727,43.83771,14,1,9,23,7
53,487,126.53241,43.80387,14,1,9,6,9
53,1103,126.56741,43.83256,14,1,8,2,10
53,75,126.57241,43.82806,1,1,8,29,9
129,161,126.56092,43.84786,14,1,6,18,15
53,1103,126.56804,43.83149,14,1,7,29,10
53,487,126.5293,43.8051,14,1,8,15,8
53,4474,126.5481,43.81427,14,1,9,2,8
53,979,126.55766,43.80876,1,1,6,4,10
165,3156,126.54919,43.91376,1,1,7,6,9
129,2688,126.53269,43.82247,1,1,8,1,8
129,2688,126.51465,43.80703,1,1,7,26,8
31,949,126.58857,43.84781,1,1,6,30,9
53,75,126.57846,43.82175,1,1,9,17,8
53,75,126.56621,43.8297,1,1,8,23,8
165,3156,126.55278,43.9113,1,0,6,6,9
129,2688,126.53265,43.82245,1,1,6,30,9
129,638,126.54572,43.84094,14,1,7,23,9
53,4474,126.5545,43.81901,14,1,8,12,9
31,949,126.58691,43.84097,14,1,8,9,7
31,435,126.55394,43.87271,1,1,9,6,8
53,487,126.55127,43.78673,14,1,8,22,9
53,1103,126.57282,43.80792,1,1,9,24,13
31,949,126.59335,43.83978,1,1,7,16,7
53,1103,126.56891,43.81141,1,1,8,9,12
129,2688,126.52842,43.82464,1,1,9,25,8
129,638,126.55355,43.83927,1,1,7,23,9
129,2688,126.5323,43.82731,1,1,7,13,8
129,1520,126.54898,43.84878,14,1,10,6,8
31,4849,126.56934,43.84334,14,1,9,21,9
53,1103,126.56648,43.80844,1,1,6,15,14
129,2688,126.52185,43.81396,1,1,6,17,18
31,4849,126.57267,43.84266,1,1,6,13,9
129,3458,126.53449,43.83257,1,1,5,29,11
31,4849,126.57411,43.85175,14,0,9,3,14
165,1656,126.56607,43.92745,14,1,9,12,9
129,2925,126.51501,43.8116,1,1,9,19,8
53,75,126.56806,43.81253,1,1,6,12,14
31,949,126.58673,43.85854,1,1,7,29,8
31,949,126.59047,43.84606,1,1,9,9,10
53,4474,126.55266,43.81658,1,1,9,25,8
129,2688,126.53263,43.8247,1,1,6,26,9
165,1656,126.55089,43.90243,14,1,8,22,8
31,4849,126.57967,43.83792,14,1,9,8,9
129,2925,126.52155,43.82236,14,1,7,2,9
165,3156,126.54886,43.91138,1,1,5,20,10
129,638,126.5631,43.83979,14,1,8,3,9
165,2709,126.56445,43.91222,14,1,7,7,9
129,2688,126.53484,43.82768,1,1,6,10,9
31,949,126.58972,43.84714,1,1,8,29,8
31,949,126.5924,43.8625,1,1,5,17,8
165,1656,126.55939,43.92094,14,0,6,17,9
129,2925,126.51784,43.83306,1,1,6,27,9
31,949,126.58871,43.85736,1,1,7,14,8
129,2665,126.54115,43.84549,1,1,8,13,8
31,3073,126.54859,43.86946,1,1,5,29,9
129,2688,126.5261,43.81442,1,1,8,1,8
53,1103,126.5714,43.81269,1,1,8,30,13
129,2925,126.51485,43.81382,1,1,5,29,9
31,435,126.55977,43.8719,1,1,7,1,7
53,75,126.56584,43.82964,7,1,8,9,9
129,638,126.54666,43.83693,1,1,6,13,10
129,2688,126.50478,43.80309,1,1,9,12,15
53,75,126.56586,43.83067,7,1,8,4,8
129,638,126.55644,43.84178,1,1,7,3,9
129,2925,126.51027,43.82232,1,1,8,13,9
129,2925,126.51533,43.81614,1,1,9,21,8
31,435,126.54843,43.8727,1,1,9,4,13
53,4474,126.55767,43.81853,14,1,10,1,8
129,2688,126.52974,43.82403,1,1,8,8,8
53,4474,126.54874,43.8175,1,1,9,22,9
31,435,126.55289,43.87216,1,1,9,1,9
53,4474,126.55544,43.80657,1,1,7,9,7
129,2925,126.5136,43.81199,1,1,9,4,9
31,435,126.55903,43.85861,14,1,8,5,8
53,1103,126.5717,43.80914,1,1,9,20,13
53,1756,126.58469,43.82325,1,1,6,17,10
53,487,126.58682,43.78113,1,1,9,29,8
31,435,126.5541,43.87249,1,1,7,24,8
165,3156,126.55096,43.91221,1,1,7,31,9
165,1656,126.56261,43.91103,1,1,7,28,9
31,435,126.55275,43.87215,1,1,6,16,7
129,2665,126.54568,43.841,14,1,8,19,8
53,487,126.5777,43.78265,14,1,7,19,8
129,1520,126.55903,43.84726,14,1,9,6,7
129,2688,126.53227,43.82255,1,1,8,23,8
53,4474,126.55931,43.81724,1,1,8,10,8
31,4849,126.57149,43.84182,1,1,8,13,8
31,949,126.5884,43.86019,1,1,8,7,8
53,1103,126.56811,43.81032,1,1,9,11,15
53,75,126.56639,43.82677,14,1,8,3,8
53,75,126.57107,43.82645,1,1,7,10,8
53,487,126.57949,43.7837,14,1,9,29,8
165,290,126.55045,43.90917,14,1,9,14,10
31,435,126.55627,43.87228,1,1,6,1,13
165,290,126.54633,43.9143,1,1,9,12,9
53,487,126.57736,43.77913,1,1,8,12,14
31,435,126.55486,43.86027,14,1,8,13,13
31,949,126.59043,43.85299,1,1,7,21,7
129,2665,126.55502,43.85429,1,1,8,10,8
129,3458,126.52125,43.82484,1,1,6,1,8
165,1656,126.55002,43.90457,1,1,6,19,13
165,1656,126.57303,43.93009,1,1,7,25,9
31,949,126.59258,43.83945,1,1,9,6,8
31,4849,126.5785,43.83728,1,1,6,10,9
31,949,126.59167,43.84055,1,1,8,30,8
53,75,126.54474,43.82432,1,1,6,15,8
31,4849,126.57622,43.83917,1,1,7,12,11
53,75,126.56847,43.81462,1,1,9,11,16
129,2925,126.51662,43.83201,1,1,6,1,8
31,949,126.59107,43.84176,1,1,9,25,7
53,487,126.57789,43.77984,1,1,8,11,9
31,435,126.55284,43.87211,1,0,5,19,14
31,949,126.59406,43.85236,1,1,5,28,13
129,2688,126.53277,43.82251,1,1,7,25,8
129,2925,126.52041,43.82254,14,1,7,26,9
53,1103,126.57095,43.83157,1,1,9,2,13
129,2688,126.53302,43.82546,1,1,6,17,10
53,75,126.56671,43.82063,14,1,5,30,9
31,949,126.59063,43.848,1,1,7,3,7
129,2665,126.55145,43.84435,14,1,8,19,8
31,949,126.5941,43.8591,1,1,9,16,8
31,435,126.54923,43.87353,1,0,9,25,12
129,2925,126.51982,43.82783,1,1,7,1,17
31,435,126.55771,43.86924,1,1,7,15,7
31,4849,126.56703,43.84762,7,1,7,2,8
129,1520,126.54361,43.85085,1,1,10,7,8
129,2665,126.55342,43.8508,14,1,8,10,13
129,2688,126.52116,43.81325,1,1,9,15,8
53,4474,126.54846,43.8204,1,1,9,26,8
31,4849,126.57447,43.83888,1,1,6,29,9
31,4849,126.57481,43.84201,14,1,7,29,14
31,4849,126.57311,43.85527,1,1,8,16,7
165,3156,126.55019,43.90759,1,0,6,2,9
53,4474,126.55709,43.81331,1,1,9,13,8
31,435,126.56014,43.87172,1,1,7,8,8
53,75,126.57746,43.82013,14,1,6,10,8
53,1103,126.57062,43.80591,1,1,6,11,16
31,4849,126.57176,43.84966,14,1,7,16,9
31,4849,126.56954,43.84869,14,1,9,5,8
53,75,126.56123,43.82529,10,1,6,14,8
165,290,126.55394,43.90004,14,1,9,12,9
31,949,126.58471,43.83928,1,1,7,28,7
165,1656,126.55617,43.91099,3,1,7,25,9
129,638,126.55123,43.84123,14,1,6,12,12
129,638,126.55356,43.83932,1,1,7,19,8
53,75,126.55635,43.82477,10,1,5,16,8
31,949,126.59589,43.84172,1,1,6,3,16
129,2925,126.51408,43.81355,1,1,9,1,7
165,3156,126.55499,43.91089,3,1,7,24,9
31,435,126.56067,43.85821,14,1,9,28,8
31,4849,126.5687,43.84404,14,1,8,3,7
129,2688,126.52234,43.82622,1,1,6,28,16
129,2925,126.51288,43.81286,1,1,8,31,7
53,75,126.57889,43.82327,14,1,6,27,9
53,1103,126.56523,43.83203,0,1,7,28,9
31,435,126.55185,43.87024,1,1,8,18,7
31,3073,126.5431,43.86674,1,1,5,30,14
129,2688,126.53262,43.82255,1,1,7,3,8
129,3458,126.54303,43.85012,1,1,5,17,10
31,4849,126.5749,43.85179,1,1,9,28,8
129,2688,126.51956,43.81328,1,1,7,21,8
129,1520,126.55999,43.85342,1,1,10,8,8
165,3156,126.55221,43.91357,14,1,8,5,9
53,4474,126.55545,43.80726,1,1,6,28,8
53,75,126.56474,43.80866,1,1,6,12,14
129,2925,126.51572,43.81264,1,1,8,27,7
31,435,126.55893,43.8627,7,1,9,20,8
53,1756,126.58714,43.82195,1,1,6,8,16
165,2709,126.57577,43.8955,14,1,9,10,8
31,3073,126.54889,43.86872,1,1,5,29,13
129,2688,126.52168,43.82578,1,1,8,21,9
53,4474,126.55143,43.81673,14,1,9,2,9
53,1103,126.56761,43.80778,1,1,7,10,12
31,4849,126.57614,43.85053,1,1,7,18,7
129,2665,126.55585,43.84803,14,1,8,20,8
53,4474,126.55752,43.81715,1,1,7,19,8
53,4474,126.55958,43.81275,14,1,8,13,9
165,1656,126.54159,43.91786,14,1,9,17,8
165,3156,126.54709,43.91526,1,0,5,26,11
53,4474,126.55203,43.80407,1,1,7,16,8
165,1656,126.56562,43.92189,14,1,9,19,8
53,75,126.56508,43.82488,14,1,8,16,9
31,949,126.59313,43.85395,14,1,6,8,9
31,949,126.5918,43.86209,1,1,7,18,8
129,2688,126.52034,43.81258,1,1,7,28,8
31,4849,126.57638,43.85076,1,1,6,30,15
53,1103,126.60498,43.82805,1,1,8,22,9
31,435,126.55557,43.86233,14,0,9,25,12
31,435,126.56171,43.86195,1,1,8,16,7
53,1103,126.57065,43.80413,1,1,6,28,13
53,75,126.57112,43.81994,14,1,9,28,8
129,2688,126.53135,43.81891,1,1,6,9,14
31,949,126.58657,43.86044,1,1,7,13,8
31,4849,126.58121,43.84407,1,1,8,17,7
53,1103,126.57887,43.82749,1,1,6,4,16
53,75,126.56626,43.82968,1,1,8,22,8
129,2925,126.51362,43.81514,1,1,6,18,13
129,2925,126.51612,43.81641,1,1,8,21,8
31,949,126.59387,43.84874,1,1,8,24,8
31,2208,126.5382,43.86907,1,1,5,27,11
31,949,126.59044,43.83994,1,1,7,4,7
165,1656,126.55587,43.9448,14,1,8,16,10
165,1656,126.55715,43.91638,14,1,6,6,10
129,2688,126.53277,43.82423,1,1,7,27,9
129,638,126.55432,43.83886,1,1,6,28,10
129,2925,126.51605,43.81295,1,1,8,3,8
53,487,126.53656,43.80647,1,1,6,14,9
53,75,126.56545,43.81286,14,1,7,16,8
53,4474,126.54253,43.81407,10,1,9,21,9
53,4474,126.54467,43.81549,1,1,8,15,8
31,435,126.55277,43.87217,1,1,8,26,8
129,2688,126.52144,43.81305,1,1,7,26,8
53,1103,126.57934,43.82894,1,1,5,30,13
31,949,126.59244,43.86241,1,1,6,12,9
31,152,126.56078,43.88356,14,1,6,6,12
31,949,126.58656,43.86141,1,1,9,2,7
53,979,126.55542,43.80653,1,1,6,4,9
53,75,126.5566,43.83182,13,1,8,28,8
31,3073,126.55272,43.86821,1,1,6,17,8
53,1103,126.57223,43.83086,14,1,8,17,9
53,1103,126.57956,43.82936,1,1,6,4,15
31,435,126.55268,43.85004,14,1,5,29,8
31,4849,126.57564,43.85327,1,1,10,1,7
53,1103,126.57424,43.83069,1,1,8,10,9
129,2688,126.53126,43.82813,14,1,9,8,7
129,2688,126.52665,43.81536,1,1,6,7,14
31,949,126.58886,43.8379,14,1,8,1,10
31,949,126.59345,43.85379,14,1,5,20,8
129,2665,126.54031,43.84935,1,1,8,2,9
53,1103,126.5649,43.83189,0,1,9,2,8
129,638,126.54954,43.8382,10,1,7,15,8
129,588,126.4999,43.82132,14,1,5,16,10
129,2688,126.51989,43.81948,1,1,7,15,14
53,75,126.57075,43.82666,1,1,9,23,9
129,2688,126.5169,43.82151,14,1,8,12,8
129,2688,126.52809,43.81785,14,1,6,11,9
31,4849,126.57106,43.84409,1,1,8,2,8
31,949,126.59078,43.85028,1,1,6,13,8
53,4474,126.55777,43.80827,1,1,7,6,8
31,4322,126.5641,43.88365,14,1,5,31,16
129,2688,126.52001,43.81586,1,1,9,6,8
31,4849,126.56746,43.84994,7,1,9,24,9
165,1656,126.55907,43.91834,14,1,8,8,9
53,75,126.5706,43.82327,14,1,5,30,13
129,2925,126.52065,43.82703,1,1,9,16,9
53,75,126.56163,43.81313,4,1,7,29,8
53,75,126.56864,43.81762,1,1,9,27,8
31,435,126.55651,43.85969,1,1,7,1,7
31,949,126.59115,43.86112,1,1,9,11,8
53,487,126.58177,43.78184,1,1,9,28,8
53,1103,126.57267,43.81292,1,1,6,19,18
53,1103,126.57913,43.82607,1,1,9,15,10
31,435,126.55033,43.87258,1,0,9,29,7
129,638,126.55428,43.84134,1,1,6,13,10
31,2208,126.53689,43.87596,14,1,6,4,12
31,949,126.58784,43.84671,1,1,9,14,8
31,4849,126.57038,43.8507,14,1,9,4,8
53,979,126.54652,43.81078,1,1,5,28,15
31,4849,126.56879,43.84204,1,1,8,19,8
165,3156,126.55147,43.90186,14,1,8,16,10
165,3156,126.5514,43.9106,14,1,8,13,9
53,1103,126.57574,43.83047,1,1,8,4,9
129,2688,126.52055,43.81283,1,1,6,3,16
53,4474,126.55141,43.81683,14,1,8,28,8
129,2665,126.56369,43.848,7,1,8,30,7
53,1103,126.60134,43.83368,1,1,9,11,9
53,1103,126.59931,43.82687,14,1,9,15,10
53,4474,126.54529,43.8182,1,1,9,25,8
53,1103,126.58692,43.82853,1,1,6,3,9
129,2688,126.53169,43.82029,1,1,8,9,9
129,2688,126.51686,43.82162,14,1,9,17,7
31,2208,126.54393,43.87579,1,1,6,6,12
31,435,126.56327,43.86591,1,0,9,25,12
129,2688,126.51835,43.8165,14,1,6,4,14
129,2665,126.54412,43.85048,1,1,8,25,13
53,75,126.56854,43.81204,1,1,9,20,8
129,2688,126.5337,43.82694,1,1,6,10,9
129,2688,126.5165,43.80907,1,1,9,8,7
129,3458,126.54268,43.83512,1,1,6,3,15
129,2688,126.52308,43.81937,1,1,6,18,14
129,2688,126.51717,43.81112,1,1,8,4,8
53,1103,126.5746,43.8302,3,1,9,25,9
165,2709,126.57363,43.912,14,1,7,24,8
31,949,126.5939,43.8401,1,1,9,3,8
129,2925,126.51442,43.81538,14,1,5,29,9
31,4849,126.56888,43.84383,14,1,8,10,7
165,290,126.54462,43.90556,1,1,9,27,9
53,75,126.55541,43.82563,1,1,8,1,8
31,4849,126.5744,43.84338,14,1,9,19,7
31,949,126.58778,43.83699,14,1,9,27,8
53,1103,126.57932,43.82712,1,1,8,10,9
129,2688,126.51478,43.80698,1,1,8,19,9
31,949,126.59163,43.8406,1,1,9,12,8
53,1103,126.57796,43.82957,1,1,5,30,13
31,4849,126.56986,43.84343,1,1,7,13,7
31,4849,126.57394,43.85487,1,1,8,27,10
31,4849,126.57867,43.83778,1,1,7,20,7
31,435,126.5604,43.87288,14,1,9,4,13
165,1656,126.5527,43.90545,1,0,6,17,9
165,290,126.55495,43.89979,1,1,9,26,8
31,4849,126.56886,43.83912,13,1,5,20,15
53,4474,126.55759,43.80083,1,1,7,28,8
53,1756,126.5884,43.82332,14,1,6,8,16
31,949,126.59222,43.84148,1,1,6,18,7
53,1103,126.57238,43.81309,1,1,7,14,16
165,3156,126.54448,43.90486,1,0,5,25,10
31,4849,126.57381,43.85467,1,1,8,7,11
129,2688,126.52516,43.81603,1,1,6,3,16
53,4474,126.55452,43.8127,1,1,8,2,8
129,2925,126.51347,43.81502,1,1,7,20,8
53,75,126.57068,43.82282,14,1,6,12,13
129,2925,126.49791,43.81941,14,1,7,22,8
165,2709,126.5736,43.90006,14,1,7,14,9
53,487,126.54879,43.79267,14,1,9,14,9
31,4849,126.5684,43.84361,14,1,8,3,7
31,4849,126.57791,43.8371,14,1,8,27,10
31,4849,126.57431,43.83957,1,1,9,23,7
165,1656,126.50709,43.93698,14,1,7,17,8
31,4849,126.5726,43.84291,1,1,9,18,8
53,4474,126.55264,43.81657,1,1,8,14,8
31,949,126.59487,43.84611,14,1,9,23,7
31,949,126.58889,43.86086,1,1,8,18,7
53,75,126.56462,43.81516,1,1,9,11,16
129,638,126.55403,43.83925,1,1,7,22,8
53,75,126.57172,43.82039,1,1,7,18,8
165,1656,126.5483,43.90067,1,1,9,11,16
129,2688,126.52784,43.81474,1,1,6,3,16
53,4474,126.55884,43.81652,1,1,9,26,8
129,1520,126.54657,43.8512,14,1,9,1,7
129,2925,126.51731,43.81814,1,1,9,17,7
53,75,126.56659,43.8226,1,1,7,19,8
53,75,126.56882,43.82132,14,1,9,20,8
31,949,126.59548,43.84558,14,1,7,23,9
129,2688,126.53072,43.82028,1,1,7,17,14
31,4849,126.57288,43.84624,1,1,8,20,8
31,435,126.56234,43.87045,1,1,8,18,7
53,75,126.55458,43.82429,1,1,8,9,9
53,487,126.52925,43.80492,14,1,7,28,8
53,75,126.5664,43.82696,14,1,9,22,9
31,4849,126.57924,43.84729,14,1,8,20,8
165,1656,126.56899,43.89905,14,1,5,29,8
165,290,126.55145,43.91053,14,1,9,21,9
31,4849,126.57867,43.84496,14,1,5,18,9
31,435,126.55283,43.87218,1,1,9,10,8
53,487,126.55415,43.79008,0,1,8,7,9
53,75,126.57198,43.82038,1,1,7,22,8
129,2925,126.51792,43.83295,1,1,6,30,9
129,2688,126.51701,43.80941,1,1,7,5,8
53,1103,126.5734,43.81292,1,1,9,23,12
31,949,126.59397,43.85289,1,1,6,14,8
165,1656,126.51894,43.94324,14,1,7,31,9
53,4474,126.55191,43.81326,14,1,7,23,7
53,1103,126.56532,43.83199,0,1,9,9,10
53,75,126.57735,43.81883,14,1,8,13,9
53,1103,126.57007,43.83116,14,1,8,22,10
31,4849,126.57529,43.84988,1,1,7,19,7
129,2688,126.52717,43.82737,1,1,8,4,8
31,435,126.55799,43.86042,14,1,7,25,7
53,487,126.5771,43.77921,1,1,8,17,8
53,75,126.57226,43.82689,1,1,6,9,9
53,1103,126.57732,43.82825,1,1,9,16,9
53,75,126.57778,43.82457,1,1,9,30,8
129,2925,126.51517,43.8125,1,1,7,27,9
31,949,126.58888,43.83732,10,1,8,18,7
53,75,126.5595,43.83328,1,1,9,22,9
129,1520,126.56087,43.84776,14,1,9,17,7
129,2925,126.51959,43.81903,1,1,6,18,9
165,1656,126.56423,43.92785,14,1,8,12,9
53,4474,126.54423,43.81695,1,1,8,2,8
31,4849,126.5729,43.84454,7,1,9,23,7
129,2665,126.55492,43.85174,1,1,8,13,9
53,487,126.536,43.80323,14,1,9,14,8
31,2208,126.54342,43.86251,1,1,5,27,12
53,979,126.55604,43.80466,1,1,6,10,8
53,1103,126.56736,43.83262,14,1,7,27,9
31,435,126.55488,43.87346,1,1,8,11,8
53,1103,126.59853,43.82739,14,1,6,11,9
31,949,126.59296,43.84625,4,1,8,22,8
129,2925,126.52272,43.82319,14,1,7,9,8
53,4474,126.55655,43.81667,1,1,8,17,8
129,2688,126.51713,43.81124,1,1,9,8,7
129,2925,126.51359,43.81139,1,1,9,25,8
129,2925,126.51541,43.818,1,1,8,2,9
53,1103,126.57577,43.8243,1,1,8,2,10
53,75,126.56013,43.82529,1,1,8,22,8
129,2688,126.53102,43.82219,1,1,8,13,8
129,2688,126.51018,43.81217,1,1,9,18,9
53,75,126.5616,43.82513,10,1,5,17,8
129,2688,126.52504,43.82252,1,1,9,22,8
31,435,126.55481,43.86027,14,1,8,19,7
31,4849,126.58144,43.84586,14,1,9,27,8
31,4849,126.57396,43.83922,1,1,6,12,9
53,1177,126.57482,43.8015,1,1,6,18,13
129,2688,126.53538,43.82824,1,1,8,27,7
129,161,126.54239,43.84916,1,1,6,9,14
165,2709,126.56771,43.89919,14,0,6,15,7
129,2688,126.51787,43.81043,1,1,8,15,8
165,2709,126.56377,43.8981,1,0,5,12,9
31,949,126.58821,43.85059,7,1,8,12,8
53,218,126.60425,43.83598,4,1,9,29,9
53,4474,126.55895,43.80262,1,1,9,1,9
53,487,126.54956,43.79254,14,1,7,14,10
53,1103,126.60492,43.82802,1,1,5,17,8
165,3156,126.55085,43.9022,14,0,6,7,9
31,435,126.55795,43.8717,1,1,6,18,13
53,1103,126.59291,43.83131,1,1,8,10,9
129,2665,126.56601,43.85703,1,1,8,30,7
53,487,126.58551,43.78137,1,1,7,14,9
165,3156,126.55114,43.91408,14,1,8,16,10
31,3073,126.54663,43.86842,1,1,6,18,13
53,1103,126.57109,43.81134,1,1,6,8,17
31,4849,126.58492,43.84363,14,1,8,30,8
129,638,126.5652,43.84445,7,1,6,27,10
53,1103,126.59641,43.83326,1,1,6,13,9
53,4474,126.55649,43.80064,1,1,8,21,9
31,949,126.59212,43.84077,1,1,7,8,8
53,75,126.56671,43.82568,14,1,7,5,8
53,1103,126.57509,43.82772,1,1,10,1,9
129,2688,126.52135,43.81304,1,1,9,24,8
129,2945,126.52719,43.83577,14,1,10,1,8
31,949,126.59091,43.83922,1,1,6,28,9
129,2688,126.52069,43.81669,1,1,9,5,7
129,2688,126.51567,43.80808,1,1,9,18,9
129,2688,126.51993,43.81537,1,1,7,12,8
53,75,126.57174,43.82035,1,1,8,7,9
31,949,126.59092,43.84119,1,1,8,15,7
31,2208,126.5418,43.86843,1,1,5,28,13
53,4474,126.54641,43.81374,1,1,9,18,8
31,949,126.5923,43.85316,14,1,8,13,8
53,75,126.56482,43.80865,1,1,6,28,9
31,949,126.59095,43.8532,1,1,8,21,7
31,4849,126.57731,43.8455,14,1,8,30,8
31,435,126.551,43.87442,1,1,7,27,8
53,1103,126.57139,43.80583,1,1,7,30,13
53,1103,126.56971,43.80382,1,1,6,19,15
129,638,126.56321,43.84297,3,1,7,26,9
31,4849,126.57914,43.84727,14,1,8,26,9
165,1656,126.54382,43.91691,14,1,5,28,9
53,75,126.56449,43.82867,0,1,8,31,9
53,75,126.57033,43.82205,14,1,9,9,10
165,1656,126.5498,43.90827,1,1,5,21,10
165,290,126.5487,43.90762,1,1,9,20,9
53,1103,126.60096,43.83094,1,1,8,26,9
53,487,126.53477,43.80884,1,1,9,27,8
31,435,126.54863,43.85916,14,0,9,26,8
31,949,126.59212,43.84018,1,1,5,16,8
53,487,126.59376,43.77902,14,1,8,26,9
31,4849,126.56797,43.84567,7,0,7,17,8
31,1558,126.5596,43.87077,1,1,10,6,8
31,435,126.55568,43.8624,14,1,8,24,8
165,1656,126.5505,43.90413,1,1,8,8,9
31,4849,126.57193,43.85672,12,1,9,28,8
129,2688,126.52976,43.82408,1,1,9,16,9
31,949,126.59212,43.84003,1,1,6,29,9
165,1656,126.5167,43.94263,14,1,9,18,9
31,949,126.59396,43.86204,14,1,6,9,8
129,2665,126.55454,43.85282,1,1,8,9,9
53,75,126.5598,43.82043,4,1,6,28,13
53,4474,126.55268,43.81927,14,1,10,1,8
53,487,126.53254,43.80601,1,1,6,8,8
31,435,126.55084,43.86016,1,1,9,10,8
31,435,126.55097,43.86009,1,1,7,13,7
165,1656,126.57013,43.92933,1,1,7,13,9
53,75,126.5744,43.8203,14,1,7,23,8
53,1103,126.57015,43.80596,1,1,9,16,14
31,435,126.55308,43.87423,1,1,8,27,9
31,435,126.55476,43.86029,14,1,9,21,9
53,75,126.55313,43.83041,1,1,8,17,8
53,75,126.56502,43.8289,1,1,5,31,9
53,1103,126.56691,43.80871,1,1,9,22,13
31,949,126.58784,43.85922,1,1,6,30,9
31,949,126.59331,43.8398,1,1,7,22,7
165,1656,126.54463,43.90989,14,0,6,2,9
165,3156,126.55534,43.91824,14,1,7,6,9
31,4849,126.58217,43.83978,1,1,7,22,7
53,487,126.51877,43.80068,14,1,9,26,8
31,435,126.56319,43.86755,1,1,7,19,7
53,487,126.55939,43.81868,14,1,6,13,17
31,4849,126.57845,43.84231,1,1,6,6,14
129,1520,126.54267,43.84713,1,1,9,3,7
129,2688,126.51677,43.81956,14,1,7,8,8
53,75,126.56477,43.82925,0,1,6,8,7
53,4474,126.55114,43.80442,1,1,7,14,10
165,3156,126.54969,43.90984,14,1,7,8,9
129,2688,126.52041,43.81619,1,1,9,15,8
53,487,126.59383,43.77905,14,1,8,13,9
165,1656,126.54357,43.91425,1,1,8,23,11
31,435,126.5528,43.87225,1,1,9,10,11
129,638,126.56108,43.84089,1,1,7,30,10
129,2925,126.51678,43.82514,1,1,9,17,7
129,1520,126.54368,43.85104,1,1,9,13,9
53,75,126.57617,43.8216,1,1,6,9,9
129,2665,126.55506,43.85426,1,1,8,8,8
165,2709,126.56145,43.90176,1,1,9,4,8
53,4474,126.55848,43.8148,1,1,8,1,8
53,75,126.5672,43.82313,1,1,7,6,8
31,4849,126.57133,43.84302,1,1,8,12,8
129,1520,126.55288,43.84718,14,1,9,14,8
53,4474,126.55858,43.81482,1,1,8,9,15
129,2665,126.55424,43.84678,4,1,8,28,7
129,2688,126.5327,43.82439,1,1,7,25,8
53,4474,126.55476,43.82004,1,1,9,6,9
53,979,126.55101,43.80516,1,1,6,3,13
129,2688,126.51925,43.81031,1,1,8,28,7
165,3156,126.54623,43.91646,1,1,6,19,10
53,1103,126.60484,43.828,1,1,9,26,9
53,1103,126.57748,43.8297,1,1,8,23,10
129,2925,126.51307,43.81435,1,1,6,17,11
53,1103,126.57855,43.82666,1,1,8,1,9
53,75,126.56305,43.82599,14,1,7,6,8
31,949,126.58994,43.83933,1,1,8,24,8
31,949,126.59191,43.84285,1,1,9,27,8
53,75,126.57882,43.8233,14,1,7,20,8
129,2925,126.52003,43.83296,14,1,6,28,10
31,4849,126.57249,43.84886,1,1,6,3,7
165,1656,126.57066,43.92771,1,1,9,6,9
53,75,126.55048,43.8288,1,1,7,30,8
129,2925,126.51142,43.83321,1,1,6,12,9
129,87,126.55756,43.84082,1,1,10,7,8
129,1520,126.54399,43.84528,14,1,9,23,8
129,588,126.50355,43.81383,1,1,5,17,11
53,4474,126.55757,43.80825,1,1,8,17,8
129,1520,126.55175,43.84706,1,1,9,29,8
165,3867,126.62055,43.88975,14,1,7,27,8
53,1103,126.60496,43.82802,1,1,7,2,8
53,4474,126.55541,43.81802,14,1,8,30,8
31,949,126.59205,43.84745,1,1,9,3,8
31,4322,126.54796,43.87542,1,1,5,30,16
31,949,126.59385,43.84158,14,1,9,15,9
53,1103,126.60176,43.83286,14,1,6,6,10
165,1656,126.56932,43.91747,14,1,8,10,11
31,4849,126.57301,43.8396,1,1,9,3,8
53,75,126.56538,43.83024,7,1,6,8,7
129,2925,126.51384,43.81494,1,1,8,20,9
53,487,126.53039,43.80353,14,1,8,28,8
129,1520,126.54707,43.84809,14,1,10,1,7
129,638,126.5453,43.84479,1,1,7,5,9
129,638,126.55412,43.8392,1,1,6,28,10
53,75,126.56108,43.82208,10,1,7,24,8
31,1558,126.57666,43.88433,1,1,9,9,7
31,1558,126.57901,43.86006,14,1,10,18,8
53,1103,126.56886,43.80703,1,1,6,3,11
31,1558,126.57623,43.84812,1,1,10,10,9
129,2925,126.50688,43.82075,1,1,8,5,11
53,75,126.54601,43.82314,1,1,7,11,7
31,435,126.56282,43.87486,1,1,6,28,13
53,1103,126.60054,43.83288,14,1,8,18,9
53,4474,126.55868,43.79983,1,1,7,30,8
53,4474,126.54585,43.81101,1,1,7,12,8
165,1656,126.56758,43.91793,14,1,7,7,10
31,949,126.58824,43.85041,7,1,8,27,15
31,4849,126.57896,43.84504,14,1,7,29,8
31,435,126.55276,43.87222,1,1,7,13,7
31,435,126.55975,43.85978,14,1,8,10,8
53,75,126.56791,43.83064,1,1,8,3,8
31,949,126.59399,43.84005,1,1,6,7,14
129,2688,126.52535,43.82396,1,1,6,27,10
31,4849,126.5753,43.84165,1,1,8,26,8
129,2925,126.51504,43.81442,1,1,7,31,13
129,1520,126.55891,43.84739,14,1,10,5,8
129,2688,126.5316,43.82177,1,1,9,25,8
129,588,126.49256,43.81104,14,1,5,13,12
129,2925,126.51443,43.8154,14,1,6,7,10
129,2688,126.53275,43.8225,1,1,7,1,8
129,2665,126.55232,43.84906,1,1,8,5,9
53,75,126.57266,43.82137,1,1,8,10,13
31,949,126.59589,43.8431,14,1,8,27,8
31,435,126.55284,43.87227,1,1,9,20,8
53,1087,126.58021,43.8289,1,1,6,18,10
53,75,126.5448,43.82436,1,1,5,30,8
129,2665,126.54301,43.84207,1,1,8,28,7
129,1520,126.54781,43.84628,1,1,9,22,8
31,435,126.54894,43.87186,1,1,8,24,8
31,435,126.5485,43.87274,1,1,6,9,15
129,87,126.55546,43.84202,1,1,10,4,8
53,1103,126.57266,43.8315,1,1,8,11,9
129,638,126.56342,43.84175,3,1,7,27,10
129,638,126.54585,43.84316,0,1,7,9,9
165,290,126.5575,43.9089,1,1,9,18,9
53,4474,126.55667,43.81065,14,1,7,26,9
53,1103,126.60216,43.82819,1,1,8,22,9
165,3156,126.55419,43.89933,14,0,5,26,10
129,638,126.55047,43.84357,9,1,8,3,9
129,2688,126.50948,43.81111,1,1,9,9,16
129,2688,126.5179,43.81052,1,1,9,12,8
31,4849,126.56826,43.84225,1,1,9,17,8
31,949,126.59125,43.84022,1,1,6,8,13
129,638,126.54826,43.84165,14,1,6,11,10
53,1103,126.57277,43.83135,1,1,9,24,8
31,4849,126.5683,43.84229,1,1,9,11,9
31,435,126.55561,43.86242,14,1,8,3,8
53,4474,126.55702,43.81742,1,1,7,27,8
53,4474,126.54275,43.81705,1,1,8,6,8
129,2688,126.52034,43.81573,1,1,7,19,8
129,638,126.56247,43.84027,14,1,7,30,10
129,2688,126.52395,43.81468,1,1,9,19,8
31,435,126.55283,43.8722,1,1,7,2,14
53,979,126.5575,43.80083,1,1,6,9,9
31,949,126.5944,43.84405,14,1,6,24,6
31,435,126.55535,43.85986,1,1,9,27,8
53,75,126.56631,43.80844,1,1,7,27,8
53,75,126.55075,43.82389,14,1,8,25,8
129,2688,126.52821,43.82426,1,1,7,3,8
129,2925,126.50113,43.81008,14,1,8,9,9
129,2925,126.52345,43.83652,1,1,9,5,7
129,2925,126.53918,43.84611,14,1,6,28,11
53,487,126.52492,43.80435,1,1,8,9,8
31,435,126.55275,43.87215,1,1,8,16,7
129,323,126.52085,43.82085,1,1,9,27,9
129,2925,126.5148,43.81383,1,1,9,8,7
31,4849,126.5787,43.83811,1,1,9,9,8
31,4849,126.57203,43.83898,1,1,9,19,7
53,1103,126.59844,43.8277,14,1,8,23,10
53,1103,126.60494,43.82795,1,1,6,12,9
31,435,126.55283,43.87213,1,1,8,18,7
165,2709,126.56022,43.9125,14,1,8,29,8
53,75,126.54614,43.82315,1,1,6,26,9
53,75,126.54324,43.82405,1,1,8,8,9
165,3156,126.5537,43.8998,14,1,8,14,9
129,2925,126.5177,43.83087,1,1,7,30,9
53,75,126.57206,43.82058,1,1,8,10,8
53,487,126.52258,43.80154,1,1,8,24,8
129,2688,126.51931,43.81006,1,1,8,22,9
31,4849,126.58242,43.83916,14,1,5,30,8
53,1103,126.57918,43.82582,12,1,9,25,9
31,4849,126.57403,43.84144,14,1,8,29,13
129,2688,126.52506,43.81601,1,1,9,8,7
53,487,126.52329,43.80416,1,1,6,8,7
165,2709,126.57077,43.89478,14,0,5,17,8
31,435,126.55274,43.87223,1,1,7,3,7
31,435,126.55283,43.87213,1,1,9,21,9
129,2688,126.52829,43.82207,14,1,5,29,13
129,2688,126.51975,43.82031,1,1,9,18,9
53,4474,126.56138,43.81509,14,1,8,19,9
129,2925,126.52056,43.83621,1,1,9,15,8
53,1103,126.56843,43.81096,1,1,5,24,16
31,949,126.59304,43.86043,1,1,9,4,8
31,949,126.58866,43.85493,14,1,9,27,8
129,2665,126.56194,43.85065,1,1,8,11,8
129,2688,126.53238,43.82396,1,1,8,16,8
53,4474,126.5511,43.81465,1,1,7,26,9
53,4474,126.54372,43.81919,14,1,7,31,8
129,2945,126.51912,43.82746,1,1,10,1,8
31,435,126.55118,43.87241,1,0,5,27,14
53,1103,126.57069,43.83102,14,1,9,24,8
31,949,126.58928,43.85244,1,1,9,1,9
129,2688,126.53266,43.82478,1,1,9,25,8
129,2688,126.53236,43.82523,1,1,6,11,9
53,487,126.54236,43.79132,14,1,6,28,9
53,1103,126.57092,43.80747,1,1,9,30,13
31,2208,126.54006,43.87392,14,1,6,18,14
53,75,126.56424,43.81462,1,1,9,22,9
129,1520,126.54194,43.84716,1,1,9,2,7
53,75,126.57048,43.82173,14,1,8,7,9
53,487,126.53561,43.80803,1,1,7,17,8
165,1656,126.57328,43.92197,14,0,6,9,8
53,1103,126.57083,43.80655,1,1,9,18,13
31,949,126.59241,43.83959,1,1,7,31,13
31,4849,126.57796,43.84259,1,1,9,3,8
31,4849,126.57905,43.84171,1,1,6,7,8
31,4609,126.55761,43.86564,14,1,6,18,12
31,4849,126.58321,43.83892,14,1,6,17,13
53,75,126.54482,43.82446,1,1,6,16,10
53,487,126.53477,43.80633,1,1,8,14,8
129,2925,126.51934,43.82636,1,1,6,17,10
53,75,126.5702,43.82107,1,1,8,15,9
129,2925,126.52327,43.83666,1,1,7,2,9
31,4849,126.56841,43.84254,1,1,9,15,7
31,4849,126.56849,43.84674,14,1,9,30,8
129,2925,126.51748,43.82689,1,1,7,2,8
165,2709,126.55572,43.90912,14,1,5,26,9
31,4849,126.5756,43.8419,1,1,9,28,8
129,638,126.5564,43.84453,14,1,6,12,9
165,1656,126.57066,43.92958,1,1,8,16,10
165,3156,126.54977,43.90646,1,0,5,25,10
53,487,126.59388,43.77909,14,1,8,14,8
31,4849,126.57291,43.83921,1,1,6,3,13
31,949,126.5889,43.86079,1,1,8,25,9
129,2925,126.51302,43.81429,1,1,7,2,9
165,1656,126.57825,43.89468,14,1,9,29,8
129,2688,126.51846,43.81319,1,1,8,16,8
31,949,126.59103,43.849,1,1,6,3,12
31,435,126.55007,43.86132,1,1,8,7,8
165,1656,126.56933,43.92915,1,1,6,26,9
129,2665,126.53915,43.84527,1,1,8,31,7
129,1520,126.53858,43.84591,1,1,9,6,7
129,2925,126.51722,43.83082,1,1,9,18,9
129,1520,126.54418,43.85044,1,1,9,16,9
31,435,126.56212,43.86611,1,1,8,31,8
53,1103,126.60648,43.82799,1,1,8,31,8
53,75,126.56415,43.82441,12,1,7,2,8
31,435,126.55499,43.87216,1,1,8,7,8
53,75,126.57177,43.8203,1,1,8,26,9
129,2688,126.51013,43.81218,1,1,9,15,9
31,4849,126.58359,43.84,1,1,9,8,9
53,487,126.52737,43.80662,14,1,9,12,9
129,2688,126.53123,43.82526,1,1,8,14,9
129,1520,126.54429,43.8441,1,1,9,14,8
31,4849,126.57615,43.83965,1,1,9,2,8
129,2925,126.51288,43.81305,1,1,6,3,10
53,4474,126.55264,43.81899,14,1,7,25,8
31,4849,126.57272,43.85027,3,1,5,19,15
129,1520,126.55744,43.84727,14,1,9,8,7
129,2925,126.50045,43.81783,14,1,8,1,9
129,2688,126.51131,43.80854,1,1,6,27,15
53,487,126.57904,43.77949,1,1,6,29,9
31,4849,126.5718,43.84216,1,1,6,11,9
31,4849,126.58326,43.83893,14,1,8,16,7
129,638,126.55547,43.84455,14,1,7,4,10
53,4474,126.54368,43.81492,1,1,8,11,9
31,949,126.59098,43.85536,14,1,5,30,8
129,2925,126.51466,43.8168,1,1,8,16,8
31,435,126.55284,43.87228,1,1,9,9,8
165,1656,126.56387,43.91913,14,1,8,11,8
31,435,126.55071,43.87364,1,1,7,9,7
129,2665,126.54112,43.84789,1,1,8,12,9
31,949,126.59078,43.85147,1,1,9,19,7
31,949,126.5878,43.84883,1,1,7,28,7
53,487,126.58507,43.78231,1,1,7,3,8
31,4849,126.56758,43.85278,14,1,9,27,8
165,3156,126.5488,43.90654,1,0,5,16,10
129,3458,126.5533,43.84628,1,1,6,27,10
53,75,126.57729,43.8188,14,1,7,1,8
53,1103,126.57127,43.81311,1,1,7,6,12
165,290,126.54412,43.91475,1,1,9,20,9
129,2688,126.52501,43.82175,14,1,8,17,8
31,4322,126.54696,43.8771,1,1,5,30,16
129,3458,126.50447,43.81513,1,1,6,23,10
129,2925,126.51435,43.81138,1,1,9,5,7
129,2688,126.52117,43.82482,1,1,9,23,9
129,87,126.54619,43.83976,12,1,10,6,8
53,2618,126.5708,43.8309,14,1,6,4,9
53,1103,126.56603,43.83215,14,1,6,9,9
31,435,126.56193,43.86938,1,1,5,29,8
53,487,126.52559,43.79925,14,1,9,3,7
31,4849,126.56965,43.8463,14,1,5,18,9
129,2688,126.52669,43.81977,1,1,7,15,8
31,4849,126.57299,43.84453,7,1,7,20,7
53,487,126.58558,43.78127,1,1,7,3,8
31,949,126.59522,43.84285,14,1,8,29,8
31,949,126.5925,43.83956,1,1,8,9,7
53,75,126.56664,43.8152,1,1,7,15,15
53,1103,126.57267,43.83135,1,1,8,31,8
129,2688,126.53221,43.82202,1,1,9,6,8
165,290,126.54936,43.90724,1,1,9,26,8
165,2709,126.56187,43.90836,14,1,8,11,8
31,435,126.56525,43.86195,1,1,6,14,7
129,2688,126.52831,43.82459,1,1,7,2,14
53,75,126.57118,43.82441,1,1,9,30,8
31,949,126.58772,43.84036,14,1,9,29,8
53,75,126.5676,43.82854,1,1,8,16,8
53,75,126.56292,43.81943,14,1,8,24,9
53,75,126.57482,43.82477,1,1,6,17,14
165,3156,126.55394,43.90935,14,0,6,15,8
129,2688,126.51718,43.80937,1,1,6,3,16
165,2709,126.58643,43.8942,1,1,7,25,8
129,1520,126.56217,43.85683,1,1,9,26,8
53,1103,126.56594,43.83214,14,1,9,11,9
165,1656,126.56464,43.92786,14,1,6,11,8
165,1656,126.57302,43.93003,1,1,8,25,9
129,2925,126.51234,43.81291,1,1,6,24,10
129,2925,126.51782,43.82622,1,1,9,18,9
165,1656,126.56202,43.90682,1,1,8,15,9
31,435,126.55271,43.87224,1,1,7,9,7
31,435,126.56247,43.87105,1,1,7,11,7
129,1520,126.54755,43.84115,14,1,10,10,9
53,4474,126.55946,43.81647,1,1,9,27,8
165,1656,126.54589,43.9113,1,1,9,13,8
31,949,126.58774,43.86079,1,1,8,4,8
53,75,126.57288,43.82139,1,1,6,14,8
53,487,126.53592,43.80661,1,1,9,24,9
31,435,126.5518,43.87028,1,1,7,26,7
53,4474,126.55263,43.81896,14,1,7,26,9
31,4849,126.57705,43.84994,1,1,8,25,15
129,161,126.56252,43.84657,14,1,6,18,15
165,1656,126.56035,44.00271,14,0,6,1,10
31,4849,126.57369,43.83936,1,1,6,25,13
31,949,126.59278,43.8546,14,1,5,28,8
31,1558,126.56714,43.88029,14,1,10,4,8
165,1656,126.56454,43.92638,14,1,8,29,9
53,4474,126.54584,43.81611,1,1,9,1,9
53,1103,126.60481,43.82806,1,1,7,17,9
31,949,126.58728,43.84672,1,1,9,15,9
129,2688,126.51193,43.81751,1,1,8,26,10
53,1103,126.60492,43.828,1,1,8,7,10
53,1103,126.57056,43.83196,1,1,8,3,9
129,638,126.54668,43.84889,14,1,6,24,18
53,487,126.55221,43.78822,14,1,8,4,8
129,2925,126.49201,43.81475,1,1,8,13,9
129,1520,126.55106,43.85257,14,1,9,6,7
165,3156,126.55391,43.90939,14,1,5,14,10
129,1520,126.53591,43.84839,1,1,9,28,9
31,435,126.55445,43.87481,1,1,5,17,14
165,2709,126.56784,43.90152,1,1,8,8,9
129,2688,126.53369,43.82716,1,1,7,31,13
31,435,126.55416,43.87159,1,1,8,31,9
129,1520,126.5457,43.8428,0,1,9,18,9
53,75,126.56599,43.81852,14,1,9,25,8
53,4474,126.54901,43.81482,1,1,9,20,8
165,1656,126.56383,43.91918,14,1,6,9,8
165,2709,126.56573,43.91376,14,1,8,17,15
165,3156,126.54882,43.91149,1,0,6,3,9
129,2925,126.51645,43.83101,1,1,9,12,7
129,2925,126.52722,43.83584,14,1,8,12,8
129,2688,126.52295,43.81511,1,1,8,14,8
31,4849,126.57133,43.84332,1,1,7,24,13
129,638,126.55758,43.84019,1,1,7,6,9
31,949,126.58699,43.84856,1,1,7,11,7
31,435,126.56167,43.8706,1,1,8,29,9
129,2688,126.53179,43.82156,1,1,6,10,9
129,2665,126.5391,43.84524,1,1,8,11,8
31,949,126.58695,43.84277,1,1,7,5,8
129,2688,126.52063,43.81288,1,1,8,12,10
129,2688,126.51676,43.81075,1,1,7,18,8
31,4609,126.55698,43.85924,1,1,6,18,12
31,435,126.55014,43.87164,1,1,9,16,8
31,949,126.58784,43.84884,1,1,5,31,10
129,2665,126.54421,43.84883,14,1,8,12,9
129,2688,126.51854,43.81198,1,1,7,14,8
31,435,126.56001,43.86719,14,1,8,18,8
165,3156,126.54978,43.90651,1,1,6,18,10
129,2688,126.52135,43.81039,1,1,7,27,9
53,1103,126.57502,43.83072,1,1,8,5,9
53,75,126.56613,43.81492,1,1,6,14,8
165,1656,126.56348,43.92169,1,1,10,5,9
129,1520,126.56263,43.8474,7,1,9,23,8
129,2925,126.51793,43.82146,1,1,8,23,9
129,2925,126.51297,43.81396,1,1,8,14,9
129,638,126.54318,43.83759,14,1,7,2,9
53,487,126.59346,43.77833,14,1,9,12,9
129,2688,126.51593,43.80829,1,1,7,2,8
53,1103,126.57574,43.82644,1,1,8,10,9
165,3156,126.54657,43.90959,1,0,5,30,10
129,2925,126.51582,43.81502,1,1,8,12,8
165,1656,126.55334,43.91236,1,0,6,2,14
31,2398,126.57136,43.87973,14,1,10,2,8
53,75,126.57041,43.82647,1,1,7,18,8
53,75,126.57472,43.81942,1,1,8,6,8
129,638,126.55498,43.84078,1,1,7,17,9
31,4849,126.57441,43.83929,1,1,8,10,7
53,1103,126.56878,43.80907,1,1,6,16,13
53,1103,126.56688,43.80831,1,1,7,23,12
31,949,126.59542,43.84451,14,1,6,17,13
31,4849,126.57352,43.84456,7,1,8,3,7
53,2615,126.55544,43.8056,1,1,6,14,9
129,2688,126.5324,43.82381,1,1,9,7,7
53,1103,126.56534,43.83207,0,1,9,26,9
31,4849,126.58545,43.84432,14,1,8,26,9
31,435,126.5528,43.87217,1,1,8,9,7
31,435,126.55186,43.85704,14,1,7,31,13
129,638,126.54171,43.84609,1,1,7,26,9
31,435,126.55194,43.87162,1,1,7,2,8
53,75,126.55813,43.83248,1,1,8,29,9
31,1558,126.54239,43.86351,1,1,9,11,14
129,2688,126.53235,43.82383,1,1,8,11,11
53,75,126.57751,43.82257,1,1,9,10,8
31,435,126.55109,43.87441,1,1,6,18,13
165,1656,126.57248,43.93007,1,1,10,12,9
129,638,126.53905,43.84612,14,1,7,29,9
53,75,126.55516,43.82503,1,1,8,5,8
129,638,126.55429,43.84122,1,1,7,7,11
129,638,126.55642,43.84176,1,1,7,29,14
129,638,126.56076,43.84377,14,1,7,28,8
53,75,126.56637,43.83067,3,1,9,22,9
31,435,126.53232,43.86911,14,1,7,31,13
129,2688,126.51663,43.82209,14,1,6,1,18
31,4849,126.57136,43.85247,14,1,9,22,8
129,2925,126.51408,43.81401,1,1,6,7,10
129,638,126.56028,43.84083,1,1,6,12,9
31,949,126.58816,43.84808,1,1,7,19,7
129,2925,126.5115,43.83293,1,1,6,14,9
53,75,126.56601,43.81276,14,1,9,12,10
129,2688,126.53312,43.82541,1,1,6,27,9
31,435,126.55548,43.87148,1,1,9,2,8
129,2688,126.53298,43.82522,1,1,8,10,13
129,2925,126.51578,43.81262,1,1,7,24,8
129,638,126.563,43.84478,14,1,7,2,9
31,4849,126.5711,43.84392,1,1,7,10,7
31,949,126.58855,43.85846,1,1,9,4,8
165,3156,126.55416,43.90053,14,0,6,27,9
129,2688,126.533,43.8275,1,1,8,27,7
53,487,126.58737,43.78043,1,1,9,7,8
53,4474,126.55596,43.82,14,1,8,11,9
129,2688,126.51659,43.80898,1,1,8,17,8
31,3073,126.55022,43.86832,1,1,5,30,13
31,435,126.54875,43.87206,1,1,8,11,9
31,4849,126.57689,43.84345,1,1,8,20,8
129,1520,126.55846,43.85551,1,1,9,27,9
165,1656,126.54773,43.91181,1,1,8,23,9
53,75,126.55356,43.83177,1,1,8,16,8
53,4474,126.54473,43.81406,1,1,7,29,8
53,487,126.5237,43.80056,1,1,8,11,9
31,435,126.5645,43.86014,1,1,10,1,7
31,4322,126.54491,43.87823,1,1,5,30,16
129,2665,126.5602,43.84983,14,1,8,28,7
53,2060,126.55947,43.81978,1,1,6,1,8
165,3156,126.54945,43.90709,1,1,7,29,9
53,4474,126.5519,43.80463,1,1,6,30,9
31,949,126.58471,43.84695,3,1,5,19,9
53,75,126.56786,43.82938,1,1,6,27,14
53,75,126.56943,43.8306,14,1,6,17,10
53,75,126.56199,43.82658,1,1,7,14,9
129,2665,126.55746,43.84997,1,1,8,14,9
129,87,126.56242,43.84471,14,1,10,8,8
31,4849,126.57884,43.84447,1,1,9,13,7
53,75,126.54837,43.82788,1,1,7,15,8
53,4474,126.55381,43.81641,14,1,9,8,9
31,435,126.5612,43.86214,1,1,9,24,8
129,2925,126.5157,43.81862,1,1,9,1,7
31,4849,126.57508,43.84225,14,1,8,19,8
53,4474,126.54498,43.81148,1,1,6,17,15
165,1656,126.56577,43.91883,14,1,7,22,9
31,4849,126.57462,43.84783,1,1,7,30,8
129,2665,126.55179,43.84709,1,1,8,11,8
129,2688,126.52021,43.81177,1,1,7,27,9
31,949,126.58986,43.86325,1,1,6,15,7
31,4849,126.5821,43.84265,1,1,6,27,15
31,949,126.59246,43.84205,1,1,8,1,10
53,487,126.59348,43.77796,14,1,8,13,9
129,2925,126.52076,43.82629,1,1,8,21,8
53,75,126.56357,43.81705,1,1,7,2,8
53,1103,126.5701,43.81169,1,1,6,8,17
53,487,126.58503,43.78228,1,1,7,30,8
53,487,126.52323,43.80004,1,1,7,23,7
31,4849,126.56668,43.84657,7,1,7,2,8
53,1103,126.57947,43.82891,1,1,7,10,9
31,2208,126.54008,43.87399,14,1,6,7,9
53,75,126.55729,43.8247,10,1,7,29,8
129,2925,126.51849,43.83286,1,1,8,16,8
129,2688,126.51333,43.81382,1,1,7,17,9
129,2688,126.53275,43.82428,1,1,8,14,9
165,1656,126.56653,43.92156,14,1,9,6,9
31,949,126.59183,43.8445,1,1,7,25,7
31,2208,126.54332,43.8748,1,1,6,18,14
31,2208,126.54216,43.86849,1,1,5,27,11
31,4849,126.57782,43.84328,1,1,9,3,8
53,4474,126.5577,43.80819,1,1,8,5,8
129,2688,126.51786,43.80737,1,1,8,21,8
31,949,126.58774,43.84217,1,1,8,25,9
129,638,126.54946,43.83782,10,1,6,13,10
53,4474,126.54771,43.81479,14,1,9,13,8
31,949,126.59406,43.84225,14,1,9,26,7
129,2925,126.518,43.82768,1,1,7,8,8
31,949,126.59584,43.84174,1,1,6,3,16
129,2925,126.5182,43.82361,14,1,9,20,9
31,435,126.55279,43.84995,14,1,6,13,8
53,75,126.55665,43.83185,13,1,8,24,8
53,4474,126.54751,43.81304,1,1,8,5,8
53,4474,126.54387,43.82035,1,1,9,28,9
53,4474,126.55479,43.82014,1,1,8,3,9
129,2688,126.50291,43.80339,1,1,8,14,15
129,2925,126.51859,43.83255,1,1,7,10,8
165,1656,126.56883,43.92769,14,0,6,13,7
129,2925,126.5158,43.81199,1,1,6,29,8
129,2665,126.54013,43.84774,1,1,8,22,9
31,949,126.58874,43.86162,1,1,7,18,8
129,2925,126.51601,43.83154,1,1,6,13,10
129,2688,126.53033,43.8221,14,1,7,26,8
53,75,126.5691,43.83077,14,1,8,26,9
31,4849,126.57525,43.84627,14,1,9,12,8
31,949,126.58754,43.84278,1,1,10,2,8
129,2925,126.51719,43.82584,1,1,6,17,11
53,75,126.55051,43.82175,1,1,7,18,13
129,638,126.54508,43.83732,1,1,7,17,9
129,1520,126.54411,43.84411,1,1,9,26,8
53,1103,126.59848,43.82738,14,1,6,11,11
31,4849,126.57186,43.84758,1,1,7,3,12
53,487,126.57847,43.7825,14,1,7,5,8
31,435,126.55926,43.85968,14,1,7,31,13
31,949,126.59292,43.83948,1,1,8,27,8
31,949,126.587,43.84025,14,1,5,17,8
129,1520,126.5403,43.84921,1,1,9,15,8
165,1656,126.55081,43.90248,14,1,9,3,9
31,949,126.59014,43.84767,1,1,5,28,8
31,4849,126.57388,43.84718,14,1,8,12,8
31,4322,126.56191,43.88608,14,1,5,29,15
129,2688,126.51757,43.80971,1,1,9,27,9
31,1558,126.54758,43.86897,1,1,10,13,15
53,1103,126.60123,43.83566,14,1,6,29,9
31,435,126.55439,43.8607,14,1,7,16,7
129,2688,126.52501,43.81619,1,1,8,7,9
53,487,126.53479,43.80644,1,1,8,28,8
31,4849,126.57498,43.85048,1,1,7,25,7
165,1656,126.55397,43.90007,14,1,8,22,8
129,638,126.54838,43.83913,14,1,7,11,8
129,1520,126.54653,43.85191,14,1,9,6,7
53,487,126.53566,43.80377,14,1,6,4,10
165,1656,126.6138,43.89252,1,0,5,17,15
31,949,126.59401,43.86245,14,1,8,8,8
129,2925,126.51131,43.82153,1,1,8,11,10
129,1520,126.56075,43.85252,1,1,9,17,7
129,2925,126.51336,43.81502,1,1,7,5,9
31,435,126.55279,43.87222,1,1,8,12,8
53,487,126.53573,43.80368,14,1,8,13,9
53,1103,126.57568,43.8305,1,1,9,6,10
53,1103,126.57238,43.81255,1,1,7,13,13
129,2688,126.51645,43.81281,1,1,8,5,14
53,75,126.56408,43.80948,4,1,7,14,16
31,3073,126.54774,43.86723,1,1,6,18,13
53,4474,126.55112,43.81886,14,1,9,30,8
129,1520,126.55985,43.8551,14,1,9,2,7
31,4849,126.57587,43.84611,1,1,9,16,8
129,2925,126.51458,43.81193,1,1,7,20,8
31,4849,126.57942,43.84514,1,1,8,24,9
53,75,126.56897,43.8259,1,1,8,23,8
129,1520,126.56584,43.85337,14,1,9,9,9
31,949,126.59391,43.86201,14,1,7,13,8
129,2688,126.52003,43.81571,1,1,9,8,7
31,435,126.55524,43.87318,1,1,7,24,8
129,2688,126.51693,43.8118,1,1,8,30,7
129,2925,126.5391,43.84571,1,1,7,2,8
165,3156,126.55617,43.9163,14,1,7,16,8
129,2688,126.51628,43.80718,1,1,6,27,15
165,1656,126.55487,43.93066,14,0,6,9,8
129,1520,126.55533,43.85394,1,1,9,8,7
31,3073,126.54813,43.86803,1,1,5,27,8
129,1520,126.55028,43.85296,14,1,9,17,7
53,75,126.56793,43.82343,1,1,9,27,8
53,75,126.55489,43.8259,1,1,7,22,8
165,1656,126.56213,43.92116,14,1,7,17,8
165,1656,126.57367,43.92274,1,1,9,9,9
129,2925,126.51406,43.81356,1,1,7,18,9
53,487,126.54486,43.79494,10,1,7,29,8
165,1656,126.54848,43.90068,1,1,9,7,9
53,1103,126.60142,43.83365,1,1,9,10,9
53,487,126.5251,43.79904,14,1,10,1,8
53,4474,126.55774,43.80862,1,1,9,18,8
129,638,126.55606,43.84183,1,1,7,15,12
53,1103,126.5745,43.83119,1,1,5,16,9
165,1656,126.55175,43.91001,1,1,5,20,11
165,1656,126.56622,43.92154,14,1,10,12,9
53,487,126.5851,43.78228,1,1,7,8,8
31,4849,126.58257,43.83644,14,1,6,3,7
53,979,126.55067,43.8138,2,1,6,8,7
31,4849,126.57308,43.85223,1,1,9,15,7
31,435,126.55823,43.86975,1,1,10,1,7
129,2688,126.53214,43.81983,1,1,6,11,9
129,1520,126.54825,43.84515,1,1,9,16,9
31,949,126.59258,43.84119,1,1,8,10,7
129,2688,126.53087,43.82317,1,1,9,14,8
129,2688,126.51031,43.81169,1,1,8,29,9
53,1103,126.57083,43.80658,1,1,6,8,17
53,1103,126.58846,43.82884,1,1,9,27,9
53,75,126.55231,43.82395,1,1,7,7,9
165,1656,126.54766,43.9087,1,1,7,30,9
129,2925,126.51693,43.82533,1,1,8,28,7
53,487,126.5779,43.78503,14,1,7,31,8
31,949,126.59356,43.84172,14,1,7,20,7
53,2452,126.55139,43.78686,14,1,6,1,13
53,1103,126.57266,43.80995,1,1,6,11,16
129,1520,126.53842,43.84523,1,1,9,14,8
53,487,126.53566,43.8082,1,1,7,16,8
129,638,126.56094,43.8403,1,1,8,1,9
53,1103,126.58849,43.8288,1,1,8,30,9
31,4849,126.5715,43.84109,1,1,8,6,8
31,4849,126.57068,43.85011,14,1,7,22,7
53,75,126.57237,43.82338,14,1,8,3,9
129,2925,126.51365,43.81516,1,1,6,3,11
53,75,126.56295,43.82595,14,1,8,28,8
165,1656,126.57233,43.9201,14,1,9,13,9
31,435,126.55574,43.86625,1,1,8,31,9
53,487,126.53325,43.80619,1,1,9,4,8
53,1103,126.57309,43.81245,1,1,9,16,14
31,4849,126.57289,43.84619,1,1,6,9,10
129,87,126.56058,43.84446,3,1,10,12,10
31,3073,126.5494,43.86673,1,1,6,1,12
129,1520,126.56083,43.8528,1,1,9,21,8
31,4849,126.56867,43.84399,14,1,7,19,7
31,949,126.59163,43.84054,1,1,8,2,8
129,2925,126.5164,43.83065,1,1,8,31,7
165,3156,126.54742,43.91344,1,1,7,22,9
53,4474,126.55652,43.81215,1,1,8,23,8
31,435,126.55084,43.86003,1,1,8,11,12
165,3156,126.54533,43.90479,1,0,6,2,9
53,75,126.56237,43.8146,14,1,8,2,8
53,4474,126.54761,43.81478,14,1,9,21,9
31,949,126.59092,43.84125,1,1,8,30,8
129,2925,126.52332,43.83666,1,1,7,27,9
129,2688,126.52128,43.8133,1,1,6,11,9
165,290,126.54801,43.91202,1,1,9,12,9
165,3156,126.54566,43.91182,1,1,8,9,9
53,75,126.55533,43.81984,14,1,8,12,9
31,435,126.5528,43.87218,1,1,7,21,7
165,1656,126.55489,43.90874,1,1,8,18,8
31,435,126.55199,43.85711,14,1,6,1,7
31,949,126.59324,43.83975,1,1,8,24,8
31,4849,126.58194,43.83931,14,1,7,11,7
31,4849,126.56844,43.84699,14,1,5,18,9
53,1103,126.57219,43.80587,1,1,8,19,14
31,4849,126.57632,43.84299,1,1,9,25,8
129,2688,126.50986,43.81236,1,1,8,26,10
129,2665,126.54656,43.85186,14,1,8,19,8
31,4849,126.57623,43.85085,1,1,8,16,7
129,2688,126.52881,43.82694,1,1,9,8,7
129,638,126.55109,43.84009,1,1,7,17,9
129,638,126.55762,43.8409,1,1,7,22,9
53,487,126.53456,43.80349,14,1,7,2,8
53,1103,126.57235,43.81015,1,1,9,5,16
31,4849,126.56722,43.84682,7,1,8,27,10
129,2925,126.51049,43.83312,1,1,9,2,7
129,638,126.54466,43.84605,1,1,6,30,15
53,75,126.56524,43.82252,1,1,7,19,8
53,75,126.54887,43.8222,0,1,8,17,8
129,2688,126.5168,43.82131,14,1,7,27,10
31,3073,126.5477,43.86765,1,1,6,8,9
53,1103,126.56523,43.8321,0,1,8,15,9
165,1656,126.56197,43.9013,1,1,7,28,9
129,2945,126.51598,43.81751,1,1,10,1,8
165,3156,126.55774,43.91589,14,1,7,22,9
31,435,126.55146,43.87071,1,1,6,11,14
53,75,126.56523,43.831,7,1,9,5,9
129,638,126.53971,43.84268,1,1,6,29,9
129,1520,126.55492,43.85412,1,1,9,18,9
129,638,126.54863,43.84127,14,1,6,11,10
53,75,126.56864,43.81906,1,1,8,8,18
165,1656,126.57627,43.915,14,1,7,23,8
53,1103,126.58904,43.82845,1,1,9,22,9
129,2925,126.51606,43.81676,1,1,9,2,7
165,1656,126.5634,43.92149,1,1,8,29,9
129,2925,126.51926,43.8285,1,1,7,26,9
31,4849,126.57553,43.85219,1,1,9,6,8
129,2688,126.5225,43.81473,1,1,7,12,8
53,1103,126.56685,43.83243,14,1,8,12,9
129,2665,126.55742,43.85013,1,1,8,16,8
53,487,126.5545,43.78727,14,1,7,7,9
53,75,126.57182,43.82418,14,1,5,16,14
129,2688,126.51366,43.80759,1,1,8,8,8
129,2665,126.56061,43.84968,1,1,8,9,9
129,87,126.55406,43.83925,1,1,10,8,8
129,2665,126.54657,43.85124,14,1,8,25,8
53,1103,126.5673,43.8325,14,1,9,30,9
31,435,126.55125,43.87456,1,1,8,23,8
31,949,126.59338,43.83989,1,1,7,1,7
31,4849,126.57346,43.85002,14,1,9,25,8
53,4474,126.54572,43.81076,1,1,7,4,9
31,4849,126.57222,43.85235,14,1,7,8,8
165,290,126.55579,43.91041,3,1,9,9,10
31,435,126.55276,43.87222,1,1,6,30,14
53,1103,126.56828,43.81034,1,1,6,13,15
129,2925,126.50388,43.81761,1,1,8,15,8
129,161,126.55341,43.85332,1,1,6,17,13
129,2925,126.51149,43.8332,1,1,7,30,9
129,638,126.55599,43.83904,10,1,7,30,10
31,4849,126.58098,43.8413,1,1,9,17,8
53,979,126.55489,43.8025,14,1,6,10,8
165,1656,126.57074,43.92923,1,1,7,17,9
53,75,126.56403,43.82443,12,1,7,7,9
31,2208,126.53679,43.87597,14,1,5,29,9
53,75,126.56807,43.81404,1,1,8,3,9
129,2925,126.50083,43.80938,14,1,8,5,11
31,4849,126.56939,43.84332,14,1,9,5,8
129,2925,126.51504,43.8333,1,1,8,6,8
31,4849,126.58409,43.83926,1,1,7,15,8
31,4849,126.57694,43.84138,1,1,9,15,7
53,75,126.57099,43.82912,1,1,6,8,12
31,2208,126.5419,43.86818,1,1,5,24,11
31,949,126.59257,43.83944,1,1,5,24,14
129,2925,126.51509,43.81447,1,1,6,16,8
31,949,126.59266,43.84393,1,1,8,31,9
53,4474,126.55745,43.80083,1,1,10,2,8
31,435,126.56201,43.86905,1,1,7,25,7
53,1103,126.566,43.83202,14,1,6,13,9
53,75,126.57337,43.82199,1,1,7,3,8
129,2665,126.55997,43.85305,1,1,8,24,7
31,4849,126.56694,43.84745,7,1,8,10,16
53,487,126.53271,43.80559,1,1,6,9,9
53,75,126.56552,43.81268,14,1,9,4,9
31,4322,126.56052,43.88649,14,1,5,29,8
31,949,126.59659,43.85335,14,1,8,10,7
53,75,126.56632,43.82687,14,1,9,6,8
31,4849,126.5687,43.84173,14,1,7,13,7
53,487,126.58558,43.78134,1,1,9,21,9
31,435,126.55982,43.87095,1,1,8,11,12
31,435,126.55673,43.86088,14,1,7,26,8
31,949,126.59079,43.85145,1,1,6,17,13
129,2688,126.50409,43.80368,1,1,9,5,8
129,1520,126.54946,43.85127,4,1,9,16,9
31,435,126.5583,43.86874,1,1,7,28,7
129,2688,126.52683,43.81493,1,1,8,21,8
129,638,126.55267,43.83941,14,1,6,28,10
129,2688,126.52807,43.82472,1,1,8,30,7
129,2688,126.52822,43.82576,1,1,7,4,9
165,1656,126.55051,43.90416,1,1,5,31,10
31,4849,126.57557,43.84503,1,1,9,1,9
31,4849,126.56765,43.84588,7,1,9,26,7
53,4474,126.55545,43.80783,1,1,9,26,8
53,1756,126.59174,43.82166,14,1,5,30,9
31,1558,126.57399,43.883,14,1,9,3,9
129,3458,126.55757,43.84752,14,1,6,27,10
129,3853,126.47552,43.94437,1,1,6,10,14
31,4322,126.54791,43.87663,1,1,5,29,12
165,1656,126.54823,43.91285,1,0,6,4,17
53,4474,126.54826,43.81229,14,1,7,12,8
53,75,126.57534,43.82205,1,1,9,16,8
31,4849,126.57692,43.84241,1,1,8,1,7
31,4849,126.57439,43.84265,14,1,9,17,8
53,1103,126.57588,43.8264,1,1,7,7,9
31,949,126.59382,43.85945,1,1,8,27,8
165,1656,126.54849,43.90073,1,1,8,28,8
53,1103,126.57909,43.82572,12,1,8,8,10
53,1103,126.56792,43.83226,14,1,9,22,9
31,4849,126.57262,43.8408,14,1,7,7,7
53,1103,126.59935,43.82866,14,1,8,20,9
53,1103,126.56597,43.83216,14,1,8,19,10
53,1103,126.58108,43.82872,1,1,9,1,9
129,2688,126.5182,43.80855,1,1,7,21,8
129,2688,126.53265,43.82469,1,1,7,23,8
31,949,126.59208,43.84074,1,1,9,12,8
31,4849,126.58388,43.84189,1,1,6,10,9
53,4474,126.5559,43.80832,1,1,8,22,8
165,1656,126.55945,43.90574,14,1,7,2,9
31,435,126.5541,43.87318,1,1,6,29,14
129,638,126.54537,43.84347,1,1,7,28,8
53,75,126.5663,43.82675,14,1,6,28,13
53,75,126.55745,43.83306,1,1,9,26,8
31,949,126.59258,43.83944,1,1,8,31,9
129,2925,126.51304,43.81291,1,1,9,14,8
165,3156,126.55388,43.89978,14,0,6,13,8
31,435,126.55951,43.85779,14,1,9,30,8
53,4474,126.55519,43.80305,1,1,8,20,8
31,949,126.59558,43.84568,14,1,6,28,9
129,2688,126.53407,43.82825,1,1,6,1,13
53,75,126.54937,43.82729,1,1,8,7,9
53,75,126.57221,43.82095,1,1,9,20,8
165,1656,126.55702,43.91289,14,1,8,18,8
129,2688,126.52854,43.82535,1,1,8,5,8
31,949,126.59416,43.86307,14,1,9,21,9
53,1103,126.57208,43.83114,14,1,8,25,9
31,4849,126.58136,43.84134,1,1,5,30,8
31,4849,126.57479,43.84178,14,1,9,12,16
53,75,126.5654,43.82237,1,1,9,7,8
53,1103,126.57504,43.82776,1,1,7,26,10
53,487,126.53206,43.80638,1,1,8,12,9
31,435,126.55437,43.86068,14,1,6,11,8
53,1103,126.5985,43.82766,14,1,8,20,9
129,2688,126.53072,43.8213,1,1,9,22,8
53,487,126.62993,43.7485,14,1,6,28,13
31,949,126.59293,43.83945,1,1,6,10,8
53,4474,126.55605,43.80393,1,1,7,16,8
31,435,126.5549,43.87296,1,1,9,27,8
129,638,126.54012,43.84777,1,1,7,27,16
53,4474,126.55846,43.80877,1,1,8,12,9
31,435,126.55278,43.8722,1,0,7,25,8
129,2665,126.5437,43.8465,14,1,8,28,7
31,949,126.59186,43.85367,14,1,7,8,8
53,4474,126.54534,43.81892,14,1,9,1,9
165,1656,126.55507,43.91232,1,1,9,29,9
129,638,126.55414,43.83915,1,1,6,12,9
129,2688,126.52021,43.80851,1,1,7,31,13
31,4322,126.55968,43.88651,14,1,6,6,10
129,2688,126.52947,43.82609,1,1,8,16,8
129,2688,126.51957,43.81078,1,1,8,27,7
129,2665,126.56004,43.85037,14,1,8,25,7
129,3458,126.54264,43.83526,1,1,6,4,17
31,4849,126.58383,43.84007,1,1,9,28,8
129,2688,126.5181,43.81623,1,1,8,30,8
165,3156,126.55113,43.90943,1,1,7,29,9
53,4474,126.54381,43.81852,1,1,9,7,8
53,4474,126.55559,43.80733,1,1,6,18,9
165,3156,126.55694,43.91458,1,1,8,4,8
129,2925,126.51508,43.8116,1,1,6,11,9
31,4849,126.57968,43.84422,1,1,9,5,8
53,2615,126.54573,43.8107,1,1,6,14,8
129,638,126.54623,43.83763,1,1,6,3,11
129,638,126.56236,43.8447,14,1,7,7,9
53,4474,126.55039,43.80464,1,1,7,28,8
31,4849,126.5667,43.84647,7,1,8,6,8
53,4474,126.55114,43.80445,1,1,7,2,9
31,949,126.58912,43.85996,1,1,9,10,8
53,1103,126.57082,43.80443,1,1,7,7,13
31,435,126.55953,43.86026,14,1,6,29,11
31,4849,126.57367,43.84456,7,1,9,17,8
129,2925,126.51515,43.81253,1,1,9,5,8
53,75,126.55104,43.82453,1,1,5,17,8
129,2925,126.52255,43.8235,14,1,8,23,9
165,1656,126.57358,43.91904,1,1,8,6,8
129,2925,126.52728,43.83588,14,1,9,9,9
53,2618,126.57562,43.83047,1,1,6,8,12
31,435,126.55984,43.85936,14,1,8,6,8
53,487,126.53337,43.80614,1,1,6,5,9
53,75,126.5509,43.83043,1,1,6,14,8
165,1656,126.57093,43.9358,14,1,9,6,9
53,4474,126.55858,43.80033,1,1,7,12,8
129,2688,126.51685,43.81187,1,1,8,14,9
129,2925,126.51315,43.81465,1,1,7,4,9
129,2665,126.5529,43.84718,14,1,8,25,7
31,4849,126.57875,43.84485,14,1,7,23,7
31,435,126.55271,43.87213,1,1,8,31,17
31,1558,126.57481,43.8844,14,1,9,4,10
53,1103,126.57581,43.82631,1,1,8,23,10
53,1103,126.56975,43.80549,1,1,6,9,13
53,75,126.56402,43.81508,1,1,8,1,8
129,1520,126.54597,43.84592,1,1,9,9,9
31,4849,126.57581,43.84705,1,1,9,18,8
53,1103,126.60484,43.82794,1,1,7,17,9
31,435,126.56563,43.86133,1,1,9,10,8
165,3156,126.55318,43.91024,1,1,7,28,9
165,1656,126.54655,43.90965,1,1,6,14,9
129,638,126.54453,43.84611,1,1,7,21,8
129,2688,126.53595,43.82893,1,1,8,27,7
165,1656,126.56343,43.92113,1,1,9,18,9
53,75,126.5654,43.82259,1,1,9,29,8
31,949,126.58799,43.83804,14,1,6,7,8
31,949,126.5921,43.86277,1,1,7,22,7
53,487,126.55339,43.78778,14,1,8,13,9
53,75,126.5674,43.81678,1,1,9,21,9
53,487,126.53563,43.80362,14,1,6,25,18
53,1103,126.57307,43.81244,1,1,9,29,14
129,2925,126.51708,43.83132,1,1,8,27,7
165,3156,126.54639,43.91259,1,1,8,10,11
53,75,126.56892,43.82556,1,1,8,7,9
53,75,126.57173,43.82024,1,1,9,28,8
165,2709,126.57265,43.90061,14,1,7,4,8
165,1656,126.56336,43.9208,14,1,6,30,10
129,2925,126.51715,43.82633,1,1,7,9,9
129,2925,126.51873,43.8205,1,1,6,30,9
53,487,126.52052,43.80171,1,1,6,30,8
53,4474,126.55707,43.8119,1,1,8,20,8
31,435,126.54885,43.87371,1,1,7,14,13
31,949,126.59103,43.84188,1,1,9,23,7
31,949,126.59154,43.84194,1,1,5,31,16
31,435,126.55968,43.87062,1,1,9,1,8
31,435,126.55379,43.8745,1,1,6,18,13
53,75,126.56651,43.81356,14,1,9,30,8
31,435,126.54899,43.86929,1,1,8,31,9
129,2688,126.50323,43.80152,1,1,9,8,14
31,4849,126.57511,43.84544,14,1,9,9,8
53,75,126.5709,43.82178,14,1,8,23,9
129,638,126.55256,43.84086,14,1,6,12,9
31,4849,126.57304,43.84477,7,1,5,26,12
53,1177,126.58723,43.79729,14,1,6,3,15
31,435,126.55732,43.8708,1,1,5,29,14
31,4849,126.57889,43.84442,1,1,7,13,7
53,75,126.5487,43.82967,1,1,9,2,13
31,4849,126.5722,43.84462,1,1,9,23,7
165,3867,126.61066,43.89256,14,1,7,27,8
31,949,126.58972,43.86295,1,1,5,18,8
129,2688,126.51578,43.80963,1,1,9,2,7
31,949,126.58615,43.84809,1,1,6,27,8
53,4474,126.55638,43.8127,1,1,9,13,8
129,3458,126.54047,43.83493,1,1,5,28,12
31,4849,126.5796,43.84426,1,1,6,29,9
53,4474,126.55947,43.81869,14,1,9,27,8
129,2688,126.51721,43.80945,1,1,6,11,9
53,1103,126.59568,43.83214,1,1,7,21,8
53,1103,126.581,43.82837,1,1,6,4,16
53,75,126.5568,43.8243,10,1,8,21,9
129,2688,126.52713,43.82748,1,1,6,11,9
53,1103,126.57266,43.81292,1,1,9,6,15
165,3867,126.61424,43.89133,14,1,7,27,8
129,2925,126.5167,43.83175,1,1,7,14,8
129,638,126.54523,43.83972,14,1,6,1,9
53,1103,126.57118,43.80681,1,1,9,8,15
53,1103,126.59835,43.83428,1,1,9,27,9
31,4849,126.57285,43.84611,1,1,8,19,8
129,2688,126.53267,43.82462,1,1,8,16,8
31,949,126.59439,43.85849,14,1,8,7,8
31,435,126.55977,43.86569,7,1,8,21,7
129,638,126.55881,43.84009,1,1,7,17,9
31,949,126.59109,43.84126,1,1,9,20,8
31,949,126.58765,43.86245,1,1,9,21,9
31,435,126.54973,43.87412,1,1,8,11,8
129,2925,126.51799,43.83336,1,1,7,18,9
53,487,126.52738,43.80433,14,1,9,30,8
129,2688,126.53195,43.8208,1,1,6,13,14
53,75,126.54827,43.82886,1,1,9,16,8
31,949,126.59435,43.8584,14,1,7,24,7
129,2688,126.5311,43.82158,1,1,8,10,12
31,435,126.55276,43.87227,1,1,8,21,7
165,1656,126.57359,43.92363,1,1,7,3,8
129,2925,126.51893,43.82148,1,1,8,3,8
129,2688,126.52028,43.81213,1,1,8,29,8
31,1558,126.5694,43.8432,14,1,10,17,8
129,2665,126.54113,43.84742,1,1,8,29,8
53,487,126.53298,43.80563,1,1,9,15,12
129,638,126.55616,43.84013,1,1,6,3,14
129,638,126.55802,43.8407,1,1,7,28,8
53,4474,126.54457,43.81526,1,1,9,10,8
165,1656,126.5777,43.91604,14,0,7,4,9
129,2925,126.47873,43.81379,14,1,8,12,9
31,4849,126.57617,43.84818,1,1,9,29,8
31,949,126.59418,43.8625,14,1,6,28,8
129,2688,126.52008,43.81825,1,1,8,11,12
31,4849,126.57516,43.84976,1,1,6,7,14
53,75,126.57667,43.82511,1,1,7,14,15
53,75,126.56539,43.82252,1,1,8,26,9
31,435,126.55289,43.87133,1,1,6,14,14
165,3156,126.55277,43.91156,1,1,8,1,9
129,2688,126.52391,43.81497,1,1,9,3,11
53,4474,126.56122,43.81585,14,1,9,23,13
129,2925,126.51565,43.81306,1,1,5,29,9
129,2925,126.5128,43.81238,1,1,7,28,8
129,2925,126.51648,43.8169,1,1,6,17,11
31,4849,126.57357,43.83973,1,1,6,29,9
129,2688,126.53273,43.82424,1,1,9,24,8
129,2688,126.51849,43.81664,14,1,8,11,8
53,75,126.5551,43.82223,10,1,6,18,15
129,2688,126.532,43.8213,1,1,9,28,9
53,75,126.56478,43.82851,0,1,5,28,9
165,1656,126.55148,43.91056,14,1,8,30,8
31,949,126.58674,43.84726,1,1,7,3,7
53,75,126.5661,43.81499,1,1,9,7,8
53,1103,126.56969,43.80336,14,1,9,21,14
129,638,126.55676,43.8428,1,1,7,17,9
129,2925,126.51599,43.81676,1,1,9,6,7
31,949,126.59307,43.8429,14,1,9,22,7
53,75,126.56569,43.82626,1,1,9,11,8
165,2709,126.57351,43.89992,14,1,7,8,9
165,1656,126.56346,43.92154,1,1,7,15,9
165,2709,126.5634,43.89932,1,1,8,1,8
31,949,126.59107,43.84111,1,1,9,29,8
31,949,126.59132,43.86151,1,1,9,2,7
31,4322,126.54693,43.87607,1,1,5,25,12
165,1656,126.5683,43.92044,1,1,7,16,9
53,487,126.57599,43.78326,14,1,9,22,9
31,949,126.58642,43.86001,1,1,9,27,8
129,638,126.54519,43.83675,1,1,7,25,9
165,1656,126.57172,43.89987,14,1,10,11,9
31,435,126.55973,43.86008,14,1,7,24,7
129,2688,126.51159,43.83221,1,1,8,8,15
129,2925,126.51642,43.83213,1,1,8,6,9
31,1558,126.53961,43.86756,1,1,9,3,10
53,1103,126.57041,43.832,1,1,8,12,9
129,2688,126.52327,43.82124,14,1,8,13,8
165,3156,126.55094,43.91229,1,1,6,18,9
129,2688,126.51659,43.82444,14,1,8,23,8
31,435,126.55188,43.85787,14,1,9,8,8
165,1656,126.55319,43.91024,1,1,5,21,10
31,435,126.55687,43.86002,1,1,8,29,8
165,1656,126.55328,43.91239,1,1,10,5,9
165,1656,126.55325,43.91238,1,1,5,26,11
129,638,126.53952,43.8451,1,1,7,9,9
129,2688,126.52375,43.81673,1,1,9,17,7
53,1103,126.56655,43.80849,1,1,7,3,12
129,2925,126.51293,43.83233,1,1,7,2,9
53,1103,126.59344,43.83157,1,1,9,9,10
53,1103,126.60513,43.8279,1,1,9,17,9
129,2688,126.51753,43.80981,1,1,6,3,16
53,487,126.53246,43.80607,1,1,7,1,9
129,2925,126.51441,43.81532,14,1,5,29,9
53,1103,126.59927,43.8314,1,1,7,20,9
53,1103,126.57192,43.808,1,1,7,28,12
165,3156,126.54742,43.90967,1,1,8,7,10
31,949,126.59105,43.85311,1,1,6,3,12
53,4474,126.54454,43.81499,1,1,7,28,8
165,1656,126.54356,43.91439,1,1,9,3,9
165,1656,126.55174,43.90749,14,1,6,14,8
31,949,126.59054,43.84809,1,1,6,18,7
53,1103,126.56109,43.80825,0,1,7,8,12
53,1177,126.59088,43.79027,14,1,6,3,7
53,3939,126.55424,43.82515,1,1,5,29,8
53,1103,126.57009,43.83126,14,1,9,27,9
53,1103,126.57213,43.83098,14,1,8,26,9
129,2665,126.55446,43.85042,1,1,8,5,9
129,1520,126.54596,43.84598,1,1,10,14,8
165,1656,126.57428,43.93127,1,0,7,20,8
53,75,126.56595,43.83059,7,1,8,15,8
53,1103,126.57278,43.80866,1,1,8,12,15
165,2709,126.56127,43.90606,1,1,8,23,8
129,1520,126.56588,43.85345,14,1,9,10,8
31,949,126.59353,43.85997,1,1,5,29,14
129,2925,126.52324,43.83668,1,1,6,6,9
129,2665,126.55082,43.84594,1,1,8,28,7
31,435,126.56222,43.87175,1,1,8,26,8
129,638,126.56562,43.84418,7,1,6,8,10
31,949,126.58909,43.83923,1,1,9,14,7
31,4849,126.54148,43.86861,1,1,8,31,8
53,75,126.57026,43.82577,1,1,9,9,10
53,4474,126.55179,43.81156,14,1,7,26,9
129,638,126.55411,43.83921,1,1,7,27,10
53,75,126.56348,43.82017,7,1,5,30,9
129,87,126.5595,43.84213,1,1,10,10,9
31,4849,126.58137,43.84127,1,1,9,7,8
129,1520,126.53858,43.846,1,1,9,4,9
53,2452,126.58552,43.78123,1,1,5,31,10
53,979,126.5588,43.80224,1,1,5,28,10
53,1103,126.56991,43.80834,1,1,8,29,13
129,87,126.56227,43.84341,14,1,10,7,8
53,487,126.54222,43.79233,14,1,8,1,8
129,2688,126.51026,43.81206,1,1,6,14,9
129,1520,126.54428,43.84383,1,1,9,5,7
129,1520,126.56112,43.84757,14,1,9,3,7
129,87,126.55394,43.84134,1,1,10,15,10
31,4849,126.59503,43.85883,14,1,8,13,8
129,2688,126.52465,43.8178,1,1,9,2,7
129,2665,126.55401,43.8468,4,1,8,25,7
129,2665,126.5661,43.84949,7,1,8,29,9
53,487,126.52924,43.80386,14,1,8,22,8
31,4609,126.55554,43.86248,14,1,6,17,8
31,1558,126.56407,43.88006,14,1,10,13,8
129,638,126.53845,43.84504,1,1,7,22,8
53,487,126.59205,43.81802,14,1,6,19,19
129,2925,126.51732,43.81815,1,1,6,2,9
129,2925,126.51644,43.82462,14,1,6,28,10
53,75,126.56938,43.82096,1,1,8,6,8
31,949,126.59092,43.84181,1,1,8,2,8
53,487,126.54532,43.79264,14,1,6,8,15
31,1558,126.58146,43.84841,14,1,10,7,9
53,75,126.55375,43.82549,1,1,7,22,8
129,2688,126.52064,43.81957,1,1,9,8,14
53,1103,126.56925,43.83114,14,1,8,31,8
165,1656,126.54943,43.90797,1,1,10,7,8
53,487,126.58168,43.78181,1,1,9,22,9
165,1656,126.55771,43.89867,14,1,7,19,8
129,2688,126.52859,43.81941,14,1,6,9,14
53,4474,126.54423,43.81664,1,1,9,11,8
53,75,126.56664,43.81593,1,1,9,6,9
31,3073,126.5476,43.869,1,1,6,17,8
165,1656,126.56122,43.89901,1,1,5,28,15
129,2688,126.53257,43.82479,1,1,9,16,9
129,161,126.5459,43.84593,1,1,6,12,10
53,75,126.55145,43.82231,14,1,7,17,8
53,4474,126.55645,43.81575,1,1,8,21,9
165,1656,126.56026,43.92004,4,0,6,4,9
31,4849,126.57204,43.83897,1,1,8,2,8
129,638,126.54948,43.83956,14,1,6,5,16
129,2688,126.51351,43.81822,1,1,8,24,8
31,949,126.58774,43.84035,14,1,6,14,8
129,638,126.54236,43.84198,3,1,6,30,10
31,949,126.58785,43.84629,14,1,9,11,8
31,949,126.59432,43.86107,14,1,9,17,8
53,487,126.52931,43.80507,14,1,8,9,8
165,1656,126.54848,43.91483,1,1,9,8,9
165,1656,126.53274,43.93475,14,1,7,26,9
53,979,126.5454,43.817,1,1,6,3,8
31,4849,126.57827,43.84316,1,1,9,11,9
31,4849,126.58505,43.84416,14,1,8,13,8
129,2925,126.51311,43.83223,1,1,9,5,7
31,4849,126.57216,43.84279,1,1,9,1,9
53,4474,126.54965,43.81532,1,1,8,11,9
129,2688,126.51855,43.81346,1,1,6,12,9
31,949,126.59048,43.84753,1,1,6,29,14
31,949,126.587,43.86166,1,1,7,27,8
165,1656,126.5519,43.90454,1,1,5,20,11
129,2925,126.51432,43.8155,14,1,8,12,9
31,4849,126.57359,43.8445,7,1,9,21,9
31,949,126.59173,43.84204,1,1,9,29,8
53,1103,126.5711,43.81144,1,1,7,22,12
53,4474,126.55293,43.81228,4,1,9,26,8
165,1656,126.5631,43.9256,14,1,10,12,9
53,4474,126.55222,43.81708,1,1,8,22,8
31,4849,126.57057,43.84298,1,1,6,3,13
31,4849,126.58422,43.83889,1,1,5,28,8
129,2688,126.53127,43.82806,14,1,9,9,9
31,4849,126.57861,43.83808,1,1,8,13,8
31,949,126.58685,43.84501,14,1,9,30,8
129,2688,126.53259,43.82679,1,1,9,3,7
165,1656,126.57255,43.92407,1,1,7,28,8
53,4474,126.55876,43.80017,1,1,9,25,8
129,2688,126.53455,43.82843,1,1,9,15,8
53,1103,126.5714,43.81266,1,1,8,22,15
53,4474,126.55858,43.8012,1,1,9,10,7
31,4849,126.57724,43.83706,14,1,9,27,13
129,2688,126.52093,43.82075,1,1,9,9,16
129,2665,126.5438,43.84898,1,1,8,30,7
129,2925,126.5019,43.82004,14,1,8,4,9
129,1520,126.557,43.85274,1,1,9,28,9
129,2688,126.50384,43.79716,14,1,8,14,15
31,949,126.59113,43.84929,1,1,8,3,7
129,2688,126.52139,43.81063,1,1,6,17,14
165,3156,126.55676,43.9155,1,1,6,29,9
31,1558,126.59367,43.87723,1,1,10,6,8
165,3156,126.55373,43.89988,14,0,6,2,9
53,75,126.57911,43.82502,14,1,8,12,9
165,1656,126.55905,43.91799,14,1,9,6,9
165,290,126.54836,43.91481,1,1,9,20,9
31,435,126.57444,43.86948,1,1,10,2,8
129,2688,126.52455,43.81687,1,1,7,17,14
31,435,126.55275,43.87217,1,1,5,25,13
31,4849,126.58214,43.84365,4,1,8,16,7
31,435,126.56538,43.86272,1,1,7,26,7
31,435,126.55563,43.86238,14,1,8,25,13
165,3156,126.54771,43.9118,1,1,8,19,9
53,4474,126.55994,43.8173,1,1,9,12,10
53,75,126.55368,43.82551,1,1,7,8,8
31,949,126.59224,43.84141,1,1,8,16,7
129,2925,126.51647,43.81682,1,1,7,13,8
53,487,126.53659,43.80661,1,1,8,22,8
53,1103,126.56699,43.8324,14,1,9,22,9
53,75,126.55726,43.82466,10,1,8,5,8
31,949,126.59122,43.84924,1,1,6,17,7
129,2688,126.51178,43.81857,1,1,7,31,14
129,2688,126.51934,43.81715,14,1,9,6,14
31,4849,126.57105,43.84878,1,1,9,17,8
31,4849,126.57513,43.83901,1,1,6,29,9
129,2688,126.52367,43.81647,1,1,8,19,9
31,4849,126.56858,43.84934,7,1,6,30,15
53,487,126.52182,43.79995,1,1,6,27,14
31,949,126.59225,43.84013,1,1,7,6,10
53,4474,126.55798,43.80041,1,1,7,16,15
53,75,126.54622,43.82279,1,1,9,12,9
129,2688,126.52932,43.82229,14,1,9,29,8
53,4474,126.54288,43.81634,1,1,9,16,8
129,2688,126.51963,43.81352,1,1,9,14,8
129,3458,126.54129,43.8353,1,1,5,31,11
129,638,126.54604,43.83918,14,1,7,15,8
129,87,126.54809,43.83978,14,1,10,8,8
129,2688,126.51681,43.80765,1,1,7,17,14
129,2688,126.50954,43.81102,1,1,9,22,8
31,435,126.56121,43.86115,1,1,8,31,9
129,1520,126.53976,43.84259,1,1,9,8,7
53,2618,126.57212,43.83072,14,1,6,8,12
53,1103,126.60083,43.83096,1,1,5,30,10
31,4849,126.57204,43.83909,1,1,9,8,9
53,1103,126.60316,43.828,1,1,8,1,9
53,487,126.54884,43.79324,14,1,9,10,7
31,949,126.59577,43.84176,1,1,6,27,8
53,75,126.55037,43.8216,1,1,7,14,9
129,1520,126.56582,43.85692,1,1,9,1,7
53,487,126.52149,43.80189,1,1,9,2,8
129,2925,126.51687,43.81393,1,1,7,30,9
165,290,126.55779,43.91231,14,1,9,15,9
53,75,126.55564,43.8331,1,1,9,16,8
31,4849,126.57267,43.85154,1,1,7,24,7
31,949,126.58812,43.84465,14,1,6,18,15
53,4474,126.5592,43.81348,14,1,9,1,9
53,487,126.59363,43.77848,14,1,8,16,9
31,435,126.55662,43.86036,1,1,7,4,7
129,2665,126.54535,43.84336,1,1,8,12,9
31,435,126.5582,43.86941,1,1,9,8,8
129,2925,126.52336,43.83677,1,1,6,10,9
31,4849,126.56695,43.84741,7,1,7,20,7
53,487,126.58559,43.7813,1,1,9,25,8
31,1558,126.574,43.88344,14,1,9,7,9
129,2688,126.51689,43.81077,1,1,9,6,8
129,2665,126.54918,43.85033,14,1,8,15,8
31,949,126.5956,43.84696,1,1,9,18,8
53,487,126.56665,43.76858,14,1,8,4,8
129,1520,126.55763,43.84538,14,1,9,10,8
53,1103,126.57849,43.82987,1,1,7,27,9
129,1520,126.53839,43.84762,1,1,9,9,8
31,4849,126.57294,43.84456,7,1,9,1,9
129,2925,126.51585,43.81506,1,1,8,1,9
165,3156,126.54652,43.90777,1,1,5,21,10
31,949,126.59005,43.83939,1,1,9,18,8
165,1656,126.55561,43.91032,3,1,7,3,9
129,2688,126.5263,43.82403,1,1,7,15,8
129,2688,126.53612,43.82923,1,1,8,19,9
53,75,126.56889,43.81903,1,1,9,7,8
31,949,126.59035,43.83991,1,1,5,29,14
31,4849,126.57405,43.84855,14,1,9,13,7
31,4849,126.57256,43.84202,1,1,6,17,13
31,1558,126.5493,43.86943,1,1,6,1,8
129,588,126.55303,43.83878,1,1,6,18,17
165,1656,126.56383,43.92308,14,1,7,3,8
129,1520,126.56525,43.84837,7,1,9,25,8
31,949,126.59185,43.84537,1,1,7,27,8
31,435,126.55966,43.87062,1,1,6,11,8
31,949,126.59768,43.84723,0,1,9,21,9
53,1103,126.57283,43.80929,1,1,6,17,15
129,2925,126.51599,43.81392,1,1,9,3,7
53,4474,126.55699,43.80821,1,1,7,17,8
165,1656,126.56394,43.89939,1,1,7,21,8
53,75,126.56622,43.82965,1,1,9,26,8
129,2925,126.51144,43.83304,1,1,6,28,10
31,435,126.55272,43.87223,1,1,8,16,8
165,290,126.55572,43.90912,14,1,9,26,8
53,75,126.5546,43.83052,1,1,8,20,8
31,4849,126.57874,43.84497,14,1,9,25,8
129,1520,126.54035,43.84962,1,1,10,5,8
53,4474,126.55852,43.80873,1,1,9,23,9
53,979,126.546,43.81179,1,1,6,3,7
129,638,126.55924,43.84307,1,1,6,13,10
165,290,126.55147,43.901,14,1,9,24,8
31,949,126.5868,43.84037,14,1,9,1,9
31,4849,126.57553,43.8515,1,1,8,16,7
53,4474,126.54282,43.81646,1,1,8,3,9
129,2688,126.53249,43.82385,1,1,9,13,8
